L0 Level,Translated Description,Translated Short Description,Reported Problem Code L1,Reported Problem Code L,Reported Problem Code L3
Hardware,01/IntelliSpace IX/LX Workstations/Add Film Printer,01/IntelliSpace IX/LX Workstations/Add Film Printer,,,
Hardware,Scheduled server reboot action due to server uptime higher than 300 days,Preventive maintenance: server reboot action,,,
Hardware,Scheduled server reboot action due to server uptime higher than 200 days,Preventive Maintenance: server reboot action,,,
Hardware,ISP USB recognition problem,ISP USB recognition problem,,,
Hardware,mouse not working,mouse not working,,,
Hardware,"HG - EBW does not start. The workstation does not detection of the PHILIPS disk
Description: The EBW workstation does not start and it does not detection of the disk. (information from the it engineer).
He sent it to Philips.
Extended Brilliance WorkSpace/6464/Philips 2.
0011 - 38 / 04090011 / 2023",HG - EBW does not start. The state does not detect the Philips disk,,,
Hardware,Portal does not work,Does not work portal,,,
Hardware,02N/IntelliSpace Portal Solutions/DVD burner issue and option query,02N/IntelliSpace Portal Solutions/DVD burner issue and option query,,,
Hardware,The DVD reader carts installed on the workstation do not work.,Failure to work DVD reader trolleys installed on workstation.,,,
Hardware,Calcium scoring report is not coming,Calcium scoring report is not coming,,,
Hardware,LS - 108126,LS - 108126,,,
Hardware,CD WRITTER IS NOT FUNCTIONING,CD WRITTER IS NOT FUNCTIONING,,,
Hardware,"Our system consists of concerto server and 6 app servers, App server 4 and App server 6 is down, 
When trying to open the client the error massage is ""Portal server is not available?
Servers has been rebooted",ISP servers down,,,
Hardware,Technical Question: Disk Space,Technical Question: Disk Space,,,
Hardware,"Unfortunately, the known problem again today is that the automatic calculation of the SBI data from c. 10:00 and the services must be restarted.",Persistent problems with ISP -,,,
Hardware,FAILURE IN THE CD RECORDER,CD recorder failure,,,
Hardware,ISP DVD writer not functioning,ISP DVD writer not functioning,,,
Hardware,DVD writer is not functioning,DVD writer is not functioning,,,
Hardware,CD cannot be printed.,CD wrote?,,,
Hardware,"When checking the server halls, it was discovered that one of the disks on server INTELLI in the O hall is broken.
Serial Number: 85305
Technical ID: SE4547
Manufacturer: HP
Model: DL360 Gen9
Serial No: CZ35240YJ6
Date of purchase: 2016-11-11",Broken disk on one of the servers.,,,
Hardware,It does not turn on,It does not turn on,,,
Hardware,Can't access the HDD,SSL:HDD?????????,,,
Hardware,Can't access the HDD,SSL:HDD?????????,,,
Hardware,05K/IntelliSpace IX/LX Workstations/The keyboard is broken,05K/IntelliSpace IX/LX Workstations/The keyboard is broken,,,
Hardware,Unable to view work station,Unable to view work station,,,
Hardware,CD WRITER NOT WORKING,CD WRITER NOT WORKING,,,
Hardware,CD drive is not working properly and Mouse is not functioning,CD drive is not working properly and Mouse is not functioning,,,
Hardware,Keyboard failure,Klavye AR? Zas?,,,
Hardware,Keyboard failure,Klavye AR? Zas?,,,
Hardware,CD  writing is not possible,CD  writing is not possible,,,
Hardware,Difficulty to open the recorder it is not recording media,Difficulty opening the recorder is not making media record,,,
Hardware,"PROBLEMS WITH THE PORTAL, IT SHOWS A BLUE SCREEN",Problems with the portal gives a blue screenshot,,,
Hardware,Case created to request customer support to reboot local ISP server due to high server uptime.,Preventive maintenance: ISP server reboot attempt,,,
Hardware,Case created to request customer support to reboot local ISP server due to high server uptime.,Preventive maintenance: ISP server reboot attempt,,,
Hardware,Case created to request customer support to reboot local ISP server due to high server uptime.,Preventive maintenance: ISP server reboot attempt,,,
Hardware,SA:Wechat:05L/IntelliSpace Portal Solutions/move isp to another place,SA:Wechat:05L/IntelliSpace Portal Solutions/move isp to another place,,,
Hardware,SA:05K for IB/IntelliSpace IX/LX Workstations/printer problem,SA:05K for IB/IntelliSpace IX/LX Workstations/printer problem,,,
Hardware,01/IntelliSpace Portal Solutions/Workstation cannot query image,01/IntelliSpace Portal Solutions/Workstation cannot query image,,,
Hardware,Mouse not functioning,Mouse not functioning,,,
Hardware,It does not print 3D prints,Note print as impressed 3 d,,,
Hardware,Case created to request customer support to reboot local ISP server due to high server uptime.,Preventive maintenance: ISP server reboot attempt,,,
Hardware,05R/IntelliSpace Portal Solutions/Disk is full,05R/IntelliSpace Portal Solutions/Disk is full,,,
Hardware,05L/Upgrades IntelliSpace IX/LX WrkStns/recorder fault,05L/Upgrades IntelliSpace IX/LX WrkStns/recorder fault,,,
Hardware,05R/IntelliSpace Portal Solutions/PACS fails to return to the workstation,05R/IntelliSpace Portal Solutions/PACS fails to return to the workstation,,,
Hardware,01/Extended Brilliance Workspace/film failed,01/Extended Brilliance Workspace/film failed,,,
Hardware,ISP IS NOT FUNCTIONING,ISP IS NOT FUNCTIONING,,,
Hardware,05R/IntelliSpace IX/LX Workstations/consult record issue,05R/IntelliSpace IX/LX Workstations/consult record issue,,,
Hardware,Monitor configuration,Monitor configuration,,,
Hardware,Preventive maintenance case created for?server uptime/USB drive/localhost certificate/auto-delete verification,Preventive Maintenance: Samaritan Medical Center (ISPv11.1.2),,,
Hardware,Preventive maintenance case created for?server uptime/USB drive/localhost certificate/auto-delete verification,Preventive Maintenance: St Francis Hospital (ISPv11.1.2),,,
Hardware,EBW CPU ON SWITCH IS NOT FUNCTIONING,EBW CPU ON SWITCH IS NOT FUNCTIONING,,,
Hardware,05R/Extended Brilliance Workspace/cannot flim,05R/Extended Brilliance Workspace/cannot flim,,,
Hardware,CD drive is not working,CD drive is not working,,,
Hardware,01/IntelliSpace IX/LX Workstations/Clean up disk space,01/IntelliSpace IX/LX Workstations/Clean up disk space,,,
Hardware,Internal CD writer require,Internal CD writer require,,,
Hardware,Issue with DVD writer driver,Issue with DVD writer driver,,,
Hardware,"After analysing the image Data in DynaCAD and placing ROI's , the customer creates an auto report. The images in the report are black/empty.",ISP DynaCAD - images in report are black/empty,,,
Hardware,"Hello
This is related to 
Work Order: WO-07482680
Document Number: WO-07482680_1
Date of Issue: 04/01/2023
Case Number: 0120980200
""We have had a report about Apache vulnerables on different Intellispace servers for different HF systems. The solution is to upgrade to
Apache version 2.4.54 (or later). Can this be done on the following servers without having any undesirable negative impact on Installed
Version of Intellispace? SD3-INTESPVV-01 SD3-INTESPSV-01 SD3-INTESPST-01 SD3-INTESPAH-01 SD3-INTESPAH-02
SD3-INTESPAH-03 SD3-INTESPAH-04""
----------------------------
This is about Apache 2.4.26 under CorTechs Labs (C:\PortalPms\CorTechs Labs\SystemTools\apache\bin), but instead we have updated Log4J to 2.17.0. 
Is it possible to upgrade Apache 2.4.26 to 2.4.54 or later?

Thien",Apache IntelliSpace servers,,,
Hardware,ISP mouse is not functioning,ISP mouse is not functioning,,,
Hardware,"The server functioning was restored following the access to the ""Rehabilitation"" command.",Restore Servera operation followed hacker attack,,,
Hardware,The workstation is not working.,The work of work is not working.,,,
Hardware,The images are not displayed in the report generated by DynaCAD.,The images in the report generated by Dynacad are not shown,,,
Hardware,Bring v12 servers into production,Bring v12 servers into production,,,
Hardware,Getting warning that the drive space is low,Getting warning that the drive space is low,,,
Hardware,Master server running out of diskspace on d:\drive.,Master server running out of diskspace on d:\drive.,,,
Hardware,05R/IntelliSpace IX/LX Workstations/keyboard fault,05R/IntelliSpace IX/LX Workstations/keyboard fault,,,
Hardware,Workstation monitor is not functioning,Workstation monitor is not functioning,,,
Hardware,EBW DVD writer not functioning,EBW DVD writer not functioning,,,
Hardware,02N/IntelliSpace IX/LX Workstations/consult,02N/IntelliSpace IX/LX Workstations/consult,,,
Hardware,"Some ISP servers do not process any data anymore.
Currently the server 3 is on strike, please also check the servers 1, 2, and 4.",ISP Problem,,,
Hardware,Technician opens for replacement of HD,Technician opens for HD replacement,,,
Hardware,"When we do curves, we cannot print them.",Unable to print curves,,,
Hardware,It doesn't burn CDs and DVDs.,NO records CD and DVD,,,
Hardware,It doesn't burn CDs and DVDs.,NO records CD and DVD,,,
Hardware,It doesn't burn CDs and DVDs.,NO records CD and DVD,,,
Hardware,"VIP-IMSS-CLIENT THE FAILURE IS IN THE WORKSTATION, IT RESTARTS REPEATEDLY","VIP-IMSS-CLIENTE LA FALLA LA PRESENTA LA ESTACI?N DE TRABAJO , SE REINICIA REITERATIVAMENTE",,,
Hardware,Issue with Renal processing,Issue with Renal processing,,,
Hardware,"VIP-IMSS-CLIENT-THE WORKSTATION DOES NOT TURN ON AND WHEN IT TURNS ON, IT DOES NOT RECORD THE STUDIES ON THE DISKS.","VIP-IMSS-Client-Don't turn on the workstation and when you get to turn on, you do not record your studies on the discs.",,,
Hardware,ISP Server boot issues - Hardware failure,ISP Server boot issues - Hardware failure,,,
Hardware,Preventive maintenance case created for?server uptime/USB drive/localhost certificate/auto-delete verification,Preventive Maintenance: Crouse Hospital (ISPv11.1.7),,,
Hardware,05L/IntelliSpace IX/LX Workstations/change the printer IP,05L/IntelliSpace IX/LX Workstations/change the printer IP,,,
Hardware,02N/IntelliSpace Portal Solutions/Server failure,02N/IntelliSpace Portal Solutions/Server failure,,,
Hardware,Wechat:05R/Extended Brilliance Workspace/workstation cannot boot up,Wechat:05R/Extended Brilliance Workspace/workstation cannot boot up,,,
Hardware,ISP keyboard is not functioning,ISP keyboard is not functioning,,,
Hardware,CD drive and DVD writer is not functioning,CD drive and DVD writer is not functioning,,,
Hardware,01/IntelliSpace IX/LX Workstations/Add Printer,01/IntelliSpace IX/LX Workstations/Add Printer,,,
Hardware,THE EBW MONITOR DOES NOT TURN ON,The EBW monitor does not turn on,,,
Hardware,Preventive maintenance case created for?server uptime/USB drive/localhost certificate/auto-delete verification,Preventive Maintenance: UNION HOSPITAL OF CECIL COUNTY (ISPv11.1.2),,,
Hardware,Having issues with EBW workstation,Having issues with EBW workstation,,,
Hardware,05R/IntelliSpace IX/LX Workstations/cann't write,05R/IntelliSpace IX/LX Workstations/cann't write,,,
Hardware,05K/IntelliSpace IX/LX Workstations/Can't burn,05K/IntelliSpace IX/LX Workstations/Can't burn,,,
Hardware,05R/IntelliSpace IX/LX Workstations/Drive failure,05R/IntelliSpace IX/LX Workstations/Drive failure,,,
Hardware,Wechat:05R/IntelliSpace IX/LX Workstations/Small workstation memory,Wechat:05R/IntelliSpace IX/LX Workstations/Small workstation memory,,,
Hardware,ISP DVD writer not functioning,ISP DVD writer not functioning,,,
Hardware,System is completely down unable to  use it,System is completely down unable to  use it,,,
Hardware,It was reported by our MRI technologists that NeuroQuant processing is taking up to 30 minutes instead of the expected 2-3 minutes. Would you be able to check as to why the processing portion may be slow?,Neuroquant processing delays,,,
Hardware,DVD writer is not functioning,DVD writer is not functioning,,,
Hardware,Mouse is not functioning,Mouse is not functioning,,,
Hardware,02N/IntelliSpace Portal Solutions/DVD burner fault,02N/IntelliSpace Portal Solutions/DVD burner fault,,,
Hardware,It does not record CDs and DVDs.,NO records CD and DVD,,,
Hardware,HDD replacement,SS:HDD??,,,
Hardware,Wechat:05R/Extended Brilliance Workspace/The workstation host cannot be started,Wechat:05R/Extended Brilliance Workspace/The workstation host cannot be started,,,
Hardware,workstation second display is not functioning,workstation second display is not functioning,,,
Hardware,Order label after ISP upgrade Windows 2019,D000934691 ISP 12.1.4 SW Deployment,,,
Hardware,05R/Extended Brilliance Workspace/2 sets of keyboards and mice are required,05R/Extended Brilliance Workspace/2 sets of keyboards and mice are required,,,
Hardware,wechat:01/IntelliSpace Portal Solutions/drive fault,wechat:01/IntelliSpace Portal Solutions/drive fault,,,
Hardware,05K FOR IB /IntelliSpace IX/LX Workstations/Disc failure,05K FOR IB /IntelliSpace IX/LX Workstations/Disc failure,,,
Hardware,WeChat?05R/IntelliSpace IX/LX Workstations,WeChat?05R/IntelliSpace IX/LX Workstations,,,
Hardware,02N/IntelliSpace Portal Solutions/Add Printer,02N/IntelliSpace Portal Solutions/Add Printer,,,
Hardware,SA:05L/IntelliSpace Portal Solutions/cannt power up,SA:05L/IntelliSpace Portal Solutions/cannt power up,,,
Hardware,ISP mouse is not functioning,ISP mouse is not functioning,,,
Hardware,ISP system mouse is not functioning,ISP system mouse is not functioning,,,
Hardware,05R/Extended Brilliance Workspace/print,05R/Extended Brilliance Workspace/print,,,
Hardware,05R/Extended Brilliance Workspace/The mouse and keyboard need to be replaced,05R/Extended Brilliance Workspace/The mouse and keyboard need to be replaced,,,
Hardware,"Hi Support,

I believe you support the following server (DVHCT01)?

While doing physical checks this morning in our data centre, I have come across the T620 hardware, which is indicating two of three disks have failed, are you able to assist with this?

S/T 2HJFJ5J ? It?s a Dell PowerEdge T620
Installed on the desktop is CT Intellispace.

Best,
Conor Balne",ISP - Darent Valley - DVHCT01 two failed disks,,,
Hardware,Machine is not getting on,Machine is not getting on,,,
Hardware,DVD writer is not functioning,DVD writer is not functioning,,,
Hardware,workstation not booting,workstation not booting,,,
Hardware,SA:01/IntelliSpace Portal Solutions/The workstation runs stuttering,SA:01/IntelliSpace Portal Solutions/The workstation runs stuttering,,,
Hardware,DynaCAD PC is not functioning,DynaCAD PC is not functioning,,,
Hardware,CPU automatically getting Switched Off,CPU automatically getting Switched Off,,,
Hardware,ISP CD Drive not functioning,ISP CD Drive not functioning,,,
Hardware,"DEAR ALL, I WOULD LIKE TO SAY HELLO. I WOULD LIKE TO INFORM YOU THAT THE EQUIPMENT FAILED AGAIN. THIS WAS CHECKED BY THE TECH FRANCISCO CABRERA ON 01/16. No. OF CASE 0121010508 WHERE IT WAS SPECIFIED THAT IT WAS OPERATIONAL, TODAY 17/01 IT FAILED AGAIN WITH THE SAME SYMPTOMS, THE EQUIPMENT RESTARTS AND TURNS OFF ABRUPTLY, PLEASE MANAGE THE CHANGE OF THE ROOM, AN UPGRADE SINCE THE DOCTOR CANNOT WORK ON IT, AS A RESULT OF NOT BEING ABLE TO PERFORM STUDIES AND PATIENT REPORTS","Team fails again, equipment is restarted (manage upgrade)",,,
Hardware,CD writer not working,CD writer not working,,,
Hardware,Printing configuration,Configuration of prints,,,
Hardware,DVD writer not working,DVD writer not working,,,
Hardware,"Problem with the ICS console, it goes into failure, no printing.",Problem with the ISP console,,,
Hardware,Problem: raid disk out of operation.,pb disk raid HS,,,
Hardware,Neither one of disc drives are working to burn cd's,0902CDN70S09 Neither one of disc drives are working to burn cd's,,,
Hardware,Preventive maintenance case created for?server uptime/USB drive/localhost certificate/auto-delete verification,Preventive Maintenance: CAMBRIDGE MEMORIAL HOSPITAL (ISPv10.1.3),,,
Hardware,Preventive maintenance case created for?server uptime/USB drive/localhost certificate/auto-delete verification,Preventive Maintenance: GEORGE L DUMONT HOPITAL (ISPv10.1.4),,,
Hardware,Preventive maintenance case created for?server uptime/USB drive/localhost certificate/auto-delete verification,Preventive Maintenance: Royal Victoria Regional Health (ISPv11.1.4),,,
Hardware,SA:Escalation/IntelliSpace Portal Solutions,SA:Escalation/IntelliSpace Portal Solutions,,,
Hardware,CD drive is not working,CD drive is not working,,,
Hardware,ISP system is not switching On,ISP system is not switching On,,,
Hardware,Machine is not swtiching ON,Machine is not swtiching ON,,,
Hardware,Mylear partially crack,Mylear partially crack,,,
Hardware,CD writer is not functioning and slow processing,CD writer is not functioning and slow processing,,,
Hardware,01/IntelliSpace Portal Solutions/PM tools,01/IntelliSpace Portal Solutions/PM tools,,,
Hardware,Setting up internal USB key.,Instal USB Installation,,,
Hardware,During reporting sessions the NM viewer is randomly crashing on different workstations.,NM viewer crashing during reporting multiple workstations,,,
Hardware,Setting up internal USB key.,Instal USB Installation,,,
Hardware,"Degraded disk in server MBRTISP03W12
ISP serial: 701100

Physical Drive in Port 1I Box 1 Bay 3
Status Degraded (Predictive failure) 
Serial Number WFK0KNY4 
Model EG001200JWJNQ 
Media Type HDD 
Capacity 1200 GB 
Location Port 1I Box 1 Bay 3 
Firmware Version HPD0 
Drive Configuration Configured 
Encryption Status Not Encrypted",Degraded disk server MBRTISP03W12,,,
Hardware,mouse not functioning,mouse not functioning,,,
Hardware,DVD Writer is not functioning,DVD Writer is not functioning,,,
Hardware,Trying to find manufacturing date for the collimators,Trying to find manufacturing date for the collimators,,,
Hardware,VIP-CLIENT-IT DOES NOT RECOGNIZE CDs AND DOES NOT SEND FILES TO INTELLISPACE.,VIP-CLIENTE-NO  RECONOCE CD?S Y NO MANDA ARCHIVOS AL INTELLISPACE.,,,
Hardware,05K/IntelliSpace Portal Solutions/Use problems,05K/IntelliSpace Portal Solutions/Use problems,,,
Hardware,"Disorder:
Failure:
The customer's central Concerto server in Leverkusen (internal IP 10.150.139.115, host ISP-RA-MAN-SV01) offline. Unfortunately, he has no further data for this system.
Login to ISP currently not possible via Windows user accounts.",Med360? zentraler Concerto in Leverkusen offline,,,
Hardware,EBW system mouse and keyboard is not functioning properly,EBW system mouse and keyboard is not functioning properly,,,
Hardware,"Blue screen, system is not working. Request for urgent intervention","workstation schermo blu, non funzionante",,,
Hardware,The system does not print the plates.,The system does not print the slabs.,,,
Hardware,Preventive maintenance case created for?server uptime/USB drive/localhost certificate/auto-delete verification,Preventive Maintenance: Stillwater Medical Center - Nuvodia Llc,,,
Hardware,QUESTION ON HOW THE DEVICE WORKS,QUESTION ON HOW THE DEVICE WORKS,,,
Hardware,Keyboard not work,EBW blue screen,,,
Hardware,No space on Portal,Spazio exhausted on Portal,,,
Hardware,MIRROR 0121086725 - THE WORKSTATION DOES NOT RECORD DISKS,Mirror 0121086725 - Working work does not record records,,,
Hardware,It does not load to the system,NO CARRES IN THE SYSTEM,,,
Hardware,Reload Primary and Secondary servers on new VMs,Reload Primary and Secondary servers,,,
Hardware,05R/Extended Brilliance Workspace/The display screen is broken,05R/Extended Brilliance Workspace/The display screen is broken,,,
Hardware,WeChat?05R/IntelliSpace Portal Solutions/The server can't start,WeChat?05R/IntelliSpace Portal Solutions/The server can't start,,,
Hardware,Check ISP functionality,ISP functionality verification,,,
Hardware,When saving an auto report the images are black in the report,Dynacad report black images,,,
Hardware,problem with application during printer keeps on pop up. could not print,problem with application during printer keeps on pop up.,,,
Hardware,"Second Philips console CD reader input is broken.
Area Vasta 2 - Hospital - Senigallia - Radiology",Broken cd player entrance,,,
Hardware,Cooling fans started operating at high speed,0702CDN86 Cooling fans started operating at high speed,,,
Hardware,Preventive maintenance case created for?server uptime/USB drive/localhost certificate/auto-delete verification,Preventive maintenance: Kaiser Capitol Hill Campus - WA,,,
Hardware,Preventive maintenance case created for?server uptime/USB drive/localhost certificate/auto-delete verification,Preventive Maintenance: Cleveland Clinic Foundation (CCAC),,,
Hardware,Customer requesting a server reboot,ISP server reboot request,,,
Hardware,Preventive maintenance case created for?server uptime/USB drive/localhost certificate/auto-delete verification,Preventive Maintenance: UNM-UNIV of New Mexico Hospital,,,
Hardware,"IT HAS BEEN DIFFICULT TO RECORD THE STUDIES WITH THE BURNER OF THE WORKSTATION OF THE PHILIPS SCANNER, EVEN TRYING WITH SEVERAL CDs THEY HAVE NOT BEEN ABLE TO, SOMETIMES RESTARTING THE EQUIPMENT THEY ARE ABLE TO BUT FREQUENTLY AND WITHOUT SUCCESS","It has made it difficult to record the studies with the burnt of the work of the Philips Tomograph, a?n ...",,,
Hardware,05R/Extended Brilliance Workspace,05R/Extended Brilliance Workspace,,,
Hardware,Preventive maintenance case created for?server uptime/USB drive/localhost certificate/auto-delete verification,Preventive Maintenance: Grand Junction Community Hospital (Colorado),,,
Hardware,Problem in the workastion,Problems on Workastion,,,
Hardware,The equipment is not turning on.,The equipment is not calling.,,,
Hardware,THE BURNER IS DAMAGED,The burner is damaged,,,
Hardware,the patient table got stuck will not retract all the way,the patient table got stuck will not retract all the way,,,
Hardware,Preventive maintenance case created for?server uptime/USB drive/localhost certificate/auto-delete verification,Preventive Maintenance: Northbay Medical Center (California),,,
Hardware,EBW DVD WRITER NOT WORKING,EBW DVD WRITER NOT WORKING,,,
Hardware,"Iportal cannot be opened.
A message appears saying THAT THEY COULD NOT CONNECT TO THE PORTAL SERVER
Thank you

Pepa",The application cannot be opened,,,
Hardware,"The IDRAC control circuit of the workstation on which application Phiips Intellispace Portal is installed sent the following message:

System Host Name: PHILIPS-705
Event Message: The PERC1 battery is low.
Date/Time: Thu, 26 Jan 2023 22:56:59 +0100
Severity: Warning

Detailed Description: System settings may be preserved if input power is not removed from the power supplies.
Recommended Action: Check the battery at the next service window.
Message ID: BAT0015

System Model: T620, 000
Service Tag: 2XVW522
Power State: ON
Operating System: Microsoft Windows Server 2008 R2, Standard x64 Edition
System Location: Slot 1 (5 U)

It is asked to arrange an intervention for the replacement of the battery with SIC and SIR:
SIR: Simone Beretta (sir.lombardia@lanostrafamiglia.it, tel. 031 877287,cell: 3450985090)
Sic: Paola Grigioni (sic.lombardia@lanostrafamiglia.it, tel. 031 877838)",PHILIPS-705: The PERC1 battery is low,,,
Hardware,There is an app on the system that does not work per the customer,There is an app on the system that does not work per the customer,,,
Hardware,"ISP not functioning, need configuration","ISP not functioning, need configuration",,,
Hardware,Preventive maintenance case created for?server uptime/USB drive/localhost certificate/auto-delete verification,Preventive Maintenance: St Joseph Hospital (Arizona),,,
Hardware,Mouse is not functioning in ISP,Mouse is not functioning in ISP,,,
Hardware,SA:01/IntelliSpace IX/LX Workstations/equipment failure,SA:01/IntelliSpace IX/LX Workstations/equipment failure,,,
Hardware,MOUSE WORKS RANDOMLY AND THE CD READER IS BAD,MOUSE FUNCIONA DE FORMA ALEATORIA Y EL LECTOR DE CD EST? MAL,,,
Hardware,THE DISK BURNER DOES NOT WORK,Disco burner does not work,,,
Hardware,05R/IntelliSpace IX/LX Workstations/Optical drive failure,05R/IntelliSpace IX/LX Workstations/Optical drive failure,,,
Hardware,05R/Extended Brilliance Workspace/Recorder failure,05R/Extended Brilliance Workspace/Recorder failure,,,
Hardware,SA:05R/Extended Brilliance Workspace/DVD RW Fault,SA:05R/Extended Brilliance Workspace/DVD RW Fault,,,
Hardware,01/IntelliSpace IX/LX Workstations/batch film cannot continue,01/IntelliSpace IX/LX Workstations/batch film cannot continue,,,
Hardware,SA?01/IntelliSpace IX/LX Workstations/record fault,SA?01/IntelliSpace IX/LX Workstations/record fault,,,
Hardware,SA:05R/IntelliSpace Portal Solutions/There is an optical drive,SA:05R/IntelliSpace Portal Solutions/There is an optical drive,,,
Hardware,Booting Problem,Booting Problem,,,
Hardware,DYNO CAD IS NOT WORKING,DYNO CAD IS NOT WORKING,,,
Hardware,WeChat?05R/IntelliSpace IX/LX Workstations/DVD recorder fault,WeChat?05R/IntelliSpace IX/LX Workstations/DVD recorder fault,,,
Hardware,"Adding another server to the list

MHSISPTST01	Philips ISP IntelliSpace Portal (Concerto) 


Thanks,

Best Regards,
Rahim Sawadi,
MES Solutions Delivery Integration Manager
Philips Canada.
 
1875 Buckhorn Gate, 5th Floor Mississauga, Ontario L4W 5P1
Cell #: 416-843-1389, Email: rahim.sawadi@philips.com",Quarterly Server Update - TEST servers - Portal,,,
Hardware,INTELLISPACE PORTAL MONITOR DOES NOT TURN ON,MONITOR DEL INTELLISPACE PORTAL NO ENCIENDE,,,
Hardware,01/IntelliSpace Portal Solutions/RW DVD fault,01/IntelliSpace Portal Solutions/RW DVD fault,,,
Hardware,05R_107_Radiology_ISP_ISP workstation's CD drive failure. 40200,05R_107_Radiology_ISP_ISP workstation's CD drive failure. 40200,,,
Hardware,05R/Extended Brilliance Workspace/monitor,05R/Extended Brilliance Workspace/monitor,,,
Hardware,It is not generating printing,Is not generating impression,,,
Hardware,It does not record the DVD,do not make the DVD record,,,
Hardware,The mouse is not working.,mouse is not working,,,
Hardware,Client requests replacement of mouse,Mouse replacement,,,
Hardware,WS OUT OF SERVICE,WS out of service,,,
Hardware,05K/IntelliSpace IX/LX Workstations/Add node,05K/IntelliSpace IX/LX Workstations/Add node,,,
Hardware,05R/IntelliSpace Portal Solutions/Powerup fail,05R/IntelliSpace Portal Solutions/Powerup fail,,,
Hardware,Unable to write CD in ISP,Unable to write CD in ISP,,,
Hardware,WORKSTATION DOES NOT TURN ON,WORKSTATION N?O LIGA,,,
Hardware,wechat:SA?05R/IntelliSpace Portal Solutions/Film printing failure,wechat:SA?05R/IntelliSpace Portal Solutions/Film printing failure,,,
Hardware,Restart ISP Server,Restart ISP Server,,,
Hardware,Workstation monitor failure. It needs to be replaced.,Replace workstation monitor,,,
Hardware,CD writer not functioning,CD writer not functioning,,,
Hardware,SA:05R/IntelliSpace Portal Solutions/client cannot power on,SA:05R/IntelliSpace Portal Solutions/client cannot power  on,,,
Hardware,02N/IntelliSpace IX/LX Workstations/add printer,02N/IntelliSpace IX/LX Workstations/add printer,,,
Hardware,SA?05K For IB/IntelliSpace IX/LX Workstations/print error,SA?05K For IB/IntelliSpace IX/LX Workstations/print error,,,
Hardware,Mouse is not functioning,Mouse is not functioning,,,
Hardware,Mouse not working properly,Mouse not working properly,,,
Hardware,"Request for intervention, the server flashes.",The server flashes.,,,
Hardware,Preventive maintenance case created for?server uptime/USB drive/localhost certificate/auto-delete verification,Preventive Maintenance: RADNET California (ISP HX v12.1.6),,,
Hardware,unable to access local worklist,unable to access local worklist,,,
Hardware,Customer called Philips requesting Tech Support to reboot local ISP server,ISP: server reboot request,,,
Hardware,Neuroquant processing,Neuroquant processing,,,
Hardware,ISP cd writer not functioning,ISP cd writer not functioning,,,
Hardware,05R/Extended Brilliance Workspace/Hard disk not recognized,05R/Extended Brilliance Workspace/Hard disk not recognized,,,
Hardware,DVD Writer is not functioning in ISP System,DVD Writer is not functioning in ISP System,,,
Hardware,CD writer not functioning,CD writer not functioning,,,
Hardware,We are getting reports from the VMPHPORTAL with IP 10.163.5.19 that disks C and D are almost full.,We are arriving reports of the L VMPHORTAL with IP 10.163.5.19 that are the almost full disc,,,
Hardware,ISPv12.1.7 client test - Test Server performance issues,ISPv12.1.7 client test - Test Server performance issues,,,
Hardware,01/IntelliSpace IX/LX Workstations/need onsite clean disk,01/IntelliSpace IX/LX Workstations/need onsite clean disk,,,
Hardware,PPAI-4 OU - CHECK MAC server HOCHO172S CHO,PPAI -4 or - Revisi Mac Hochho172s Cho server,,,
Hardware,ISP DVD WRITTER IS NOT FUNCTIONING,ISP DVD WRITTER IS NOT FUNCTIONING,,,
Hardware,DVD writer not functioning,DVD writer not functioning,,,
Hardware,DVD Drives need replacing,DVD Drives need replacing,,,
Hardware,VIP-CLIENT-SESSION CANNOT BE STARTED,VIP-CLIENTE-NO SE PUEDE INICIAR SESI?N,,,
Hardware,EBW System is not switching On power supply issue,EBW System is not switching On power supply issue,,,
Hardware,05R/Extended Brilliance Workspace/ no boot device found,05R/Extended Brilliance Workspace/ no boot device found,,,
Hardware,MRI ISP Server not working.,MRI ISP Server not working.,,,
Hardware,flood due to pipeburst in control room,flood due to pipeburst in control room,,,
Hardware,Printer is not functioning,Printer is not functioning,,,
Hardware,02N/IntelliSpace IX/LX Workstations/clean data,02N/IntelliSpace IX/LX Workstations/clean data,,,
Hardware,"AVA crashes on new server, as reported by clinical apps",AVA crashes on new server,,,
Hardware,"They cannot access IPS, they try to access from Imaxe Support and the incident is reproduced (""Authentication sources cannot be retrieved for the server: ispxlu"").",You cannot access the chl application,,,
Hardware,"The server is not reachable.
Radiology P.O.S.G. - CAT sector (reception building P-1)",Non -reachable server,,,
Hardware,Scheduled reboot action due to very high server uptime.,ISP server reboot,,,
Hardware,The processing PC has a noisy power supply fan. Already heard from Lupo.,The PC processing has noisy power supply fan,,,
Hardware,"Portal operation check-up in 2 stations
IP: 87476871",Review of the portal operation in 2 stations,,,
Hardware,60654810 - VA Medical center philadelphia -Need battery for the server,60654810 - VA Medical center philadelphia -Need battery for the server,,,
Hardware,Question on count difference between lung and liver studies.,Question on count difference between lung and liver studies.,,,
Hardware,"EQUIPMENT KEEPS FAILING, EQUIPMENT HAS A BLUE SCREEN","Team continues to fail, restart and blue screen",,,
Hardware,The cardiac studies cannot be raised by entering as user.,You can't raise heart studies by entering as a user,,,
Hardware,05R/IntelliSpace IX/LX Workstations/mouse insensitivity,05R/IntelliSpace IX/LX Workstations/mouse insensitivity,,,
Hardware,05R/Extended Brilliance Workspace/add print,05R/Extended Brilliance Workspace/add print,,,
Hardware,01/IntelliSpace IX/LX Workstations/ask work sheet paper,01/IntelliSpace IX/LX Workstations/ask work sheet paper,,,
Hardware,DVD writer is not functioning,DVD writer is not functioning,,,
Hardware,10 GB Nic Cards for ISP Concerto,10 GB NIC Cards,,,
Hardware,SA:01/IntelliSpace IX/LX Workstations/RW DVD fault,SA:01/IntelliSpace IX/LX Workstations/RW DVD fault,,,
Hardware,SA:05R/IntelliSpace Portal Solutions/cannot record disk,SA:05R/IntelliSpace Portal Solutions/cannot record disk,,,
Hardware,01/IntelliSpace IX/LX Workstations//Need mouse,01/IntelliSpace IX/LX Workstations//Need mouse,,,
Hardware,01/Extended Brilliance Workspace/cannot power on,01/Extended Brilliance Workspace/cannot power on,,,
Hardware,01/IntelliSpace IX/LX Workstations/add printer,01/IntelliSpace IX/LX Workstations/add printer,,,
Hardware,SA:01/IntelliSpace Portal Solutions/cannot record disk,SA:01/IntelliSpace Portal Solutions/cannot record disk,,,
Hardware,05R/IntelliSpace Portal Solutions/monitor,05R/IntelliSpace Portal Solutions/monitor,,,
Hardware,"Dear PMS, Please see below service request.

System Name:   Intellispace Portal

System Serial Nr: 702199

Full Problem Description: 
The system fails to come on after being started oly LEDs blinking. Kindly see the attached short Video clip.

RSN available: N/A

Attachment(s): Short video clip

Kindly assist.

Regards,",ISP server not turning on.,,,
Hardware,wechat:01/IntelliSpace Portal Solutions/,wechat:01/IntelliSpace Portal Solutions/,,,
Hardware,It is not turning on after power outage in the electrical network.,It is not connecting after the power outage of the electrical network.,,,
Hardware,"The server is working, but no result comes up. 

See the attached e-mail from the customer.",Server is working but no result comes up,,,
Hardware,LS Quote,LS Quote,,,
Hardware,Wechat:05R/IntelliSpace Portal Solutions/ RW DVD error,Wechat:05R/IntelliSpace Portal Solutions/ RW DVD error,,,
Hardware,05R/Extended Brilliance Workspace/FANS,05R/Extended Brilliance Workspace/FANS,,,
Hardware,01/IntelliSpace IX/LX Workstations/Add Printer,01/IntelliSpace IX/LX Workstations/Add Printer,,,
Hardware,02N/IntelliSpace Portal Solutions/Keyboard&Mouse,02N/IntelliSpace Portal Solutions/Keyboard&Mouse,,,
Hardware,Printing problem on the examinations and the patient file on the console.,Probleme impression,,,
Hardware,Wechat:05R/Extended Brilliance Workspace/need part,Wechat:05R/Extended Brilliance Workspace/need part,,,
Hardware,02N/IntelliSpace IX/LX Workstations/system fault,02N/IntelliSpace IX/LX Workstations/system fault,,,
Hardware,01/IntelliSpace Portal Solutions/workstation cannot be opened,01/IntelliSpace Portal Solutions/workstation cannot be opened,,,
Hardware,"An urgent intervention is needed to turn the HP Z4 Workstation, SN CZC101BPX3, off due to flooding of the premises. 
CAT Covid.",Urgent rekindling of the workstation is required,,,
Hardware,The workstation is not opening,The workstation is not opening,,,
Hardware,Unable to access the workastation does not read the studies,You can not access the workstation no lauda the exams,,,
Hardware,The tomography workstation is locking. The doctor is having difficulties performing the reports.,Tomography workstation is locking. The medical is having difficulty performing the reports.,,,
Hardware,Customer requested an investigation about Windows Update status in local ISPv10 server,ISPv10: Windows Update service investigation,,,
Hardware,SA:05R/Extended Brilliance Workspace/Need keyboard and mouse,SA:05R/Extended Brilliance Workspace/Need keyboard and mouse,,,
Hardware,02N/Upgrades IntelliSpace Portal//System halt,02N/Upgrades IntelliSpace Portal//System halt,,,
Hardware,05R/Extended Brilliance Workspace/mouse and keyboard,05R/Extended Brilliance Workspace/mouse and keyboard,,,
Hardware,Portal does not work.,Portal does not work,,,
Hardware,CD writer is not functioning,CD writer is not functioning,,,
Hardware,QO- CVR drive needs to be replaced,QO- CVR drive needs to be replaced,,,
Hardware,cd drive issue,cd drive issue,,,
Hardware,CD writing is not functioning,CD writing is not functioning,,,
Hardware,"EOS - The application server is not launching at all.
( Customer claims that the EOS has been extended till March or April)",EOS - The application server is not launching at all.,,,
Hardware,Requires sever connection fixed.,Requires sever connection fixed.,,,
Hardware,01/IntelliSpace IX/LX Workstations/print fault,01/IntelliSpace IX/LX Workstations/print fault,,,
Hardware,SA:05R/IntelliSpace Portal Solutions/hard disk failure,SA:05R/IntelliSpace Portal Solutions/hard disk failure,,,
Hardware,05R/Extended Brilliance Workspace/Can't start the machine,05R/Extended Brilliance Workspace/Can't start the machine,,,
Hardware,ISP system mouse is not functioning,ISP system mouse is not functioning,,,
Hardware,This device is DOWN because it has LOST the USER DATABASE,This device is DOWN because it has LOST the USER DATABASE,,,
Hardware,Wechat:05K/IntelliSpace Portal Solutions/Workstation stuck,Wechat:05K/IntelliSpace Portal Solutions/Workstation stuck,,,
Hardware,05K/IntelliSpace IX/LX Workstations/can't recorder DVD,05K/IntelliSpace IX/LX Workstations/can't recorder DVD,,,
Hardware,Wechat:SA:OCAP:05R/IntelliSpace IX/LX Workstations/Recorder failure,Wechat:SA:OCAP:05R/IntelliSpace IX/LX Workstations/Recorder failure,,,
Hardware,DVD writer not functioning,DVD writer not functioning,,,
Hardware,CD writer is not functioning,CD writer is not functioning,,,
Hardware,"Problem in the reconstructor, failure in recording the exam","Problem in reconstruct, fails to record the exam",,,
Hardware,One of the client systems is not functioning,One of the client systems is not functioning,,,
Hardware,Reporting system is hanging,Reporting system is hanging,,,
Hardware,WeChat:SA:05K/IntelliSpace IX/LX Workstations/Modify the parameters,WeChat:SA:05K/IntelliSpace IX/LX Workstations/Modify the parameters,,,
Hardware,"Reported problem: There is a workstation that does not allow to measure linearly - IP 1042206250
Location of the equipment: Clinical Hospital - Cardiology
When did the failure happen?: Yesterday
When will the equipment be available for intervention? What is the best day or time?: As soon as possible
Was the equipment in clinical use when the failure occurred?: Yes",There is a work settings that do not allow linear measuring - IP 1042206250,,,
Hardware,RAM damaged in the ISP Portal 1 server,RAM Daped on the ISP portal server 1,,,
Hardware,Data is showing full in workstation,Data is showing full in workstation,,,
Hardware,: ISP clinic slave server failure,ISP Clinic Slave Server Storing,,,
Hardware,THE WORKSTATION DOES NOT ENABLE THE FUNCTIONS,The workstation does not enable functions,,,
Hardware,Workstation not getting on.,Workstation not working,,,
Hardware,05R/IntelliSpace IX/LX Workstations/add printer,05R/IntelliSpace IX/LX Workstations/add printer,,,
Hardware,"MES: SR-1404953.

We are installing our Intellispace onto a workstation in the breast screening service in Worcester so they can jointly report the breast MRI, and they are having problems as per thread?..

Message from engineer trying to install, (network has been checked.)

I?ve installed the Intellispace software on my PC but when I perform a Verify Connection task I get the below Server Film Services failure and the launching workflow Login Hangs and then Times out connecting to the server saying that the Server Time is out of Sync? It then opens the Intellispace icon in the taskbar and then it just disappears :",We are installing our Intellispace onto a workstation in the breast screening service in Worcester so they can...,,,
Hardware,The workstation does not read the external CDs.,problemi con workstation,,,
Hardware,The space on disk D of the Portal appears to be depleted again.,Spazio exhausted on Portal.,,,
Hardware,"It does not recognize the work station, asks for validation and it does not work",does not recognize the state of trablaho asks for validation and not certain,,,
Hardware,A server is down,A server is down,,,
Hardware,.61 server Rabbit MQ service,.61 server Rabbit MQ service,,,
Hardware,reboot due to high server uptime - preventive maintenance,ISP server reboot,,,
Hardware,Workstation is not booting up,Workstation is not booting up,,,
Hardware,Workstation is not booting,Workstation is not booting,,,
Hardware,SA:01/IntelliSpace IX/LX Workstations/record issue,SA:01/IntelliSpace IX/LX Workstations/record issue,,,
Hardware,"Issue: Malfunction
Error description: Unfortunately DynaCad prostate gland currently does not work, possibly missing nodes again? 
Customer would have a biopsy on Tuesday. 

Contact person: Dr. Persigehl, email: thorsten.persigehl@uk-koeln.de","Unfortunately, Dynacad Prostate does not work",,,
Hardware,Workstation is not opening,Workstation n?o esta abrindo,,,
Hardware,Proactive reference 0120753759 power supply fault,Remote Alert: Power Supply Detected a Failure,,,
Hardware,05R/IntelliSpace IX/LX Workstations/quick film failed,05R/IntelliSpace IX/LX Workstations/quick film failed,,,
Hardware,Wechat:02N/IntelliSpace IX/LX Workstations/Keyboard failure,Wechat:02N/IntelliSpace IX/LX Workstations/Keyboard failure,,,
Hardware,02N/IntelliSpace Portal Solutions/Film does not print,02N/IntelliSpace Portal Solutions/Film does not print,,,
Hardware,Fiber Trak is not functioning,Fiber Trak is not functioning,,,
Hardware,ISP server is not booting,ISP server is not booting,,,
Hardware,It does not match the rooms.,Does not combine the rooms,,,
Hardware,CD writer is not functioning,CD writer is not functioning,,,
Hardware,DVD drive is not functioning,DVD drive is not functioning,,,
Hardware,"ISP  is  hanging, reporting is not happening","ISP  is  hanging, reporting is not happening",,,
Hardware,"Please check the addresses of his two burners.

MRI burner robot Scanner burner
AET: BE-BURNER-I AET: BE-BURNER-S
Port: 104 Port: 104
IP: 10.10.102.179 IP: 10.10.102.169

Kind regards",ISP - B?zannes- A launch of sending the MRI engraver,,,
Hardware,Preventive maintenance case created for?server uptime/USB drive/localhost certificate/auto-delete verification,Preventive maintenance - Westmoreland regional hospital,,,
Hardware,Machine is getting hang,Machine is getting hang,,,
Hardware,System not booting,System not booting,,,
Hardware,into,AVW15/MRC: Unable to scroll images using key board when play cine in viewing page (TFS DEFECT1481411),,,
Hardware,trying to get application/portal to open up for calcium scorings  *Location Change* equipment located at 1562 opossumtown pike frederick md 21702 (acct# 0094294460),trying to get application/portal to open up for calcium scorings  *Location Change* equipment located at 1562...,,,
Hardware,Wechat:02N/IntelliSpace IX/LX Workstations/,Wechat:02N/IntelliSpace IX/LX Workstations/,,,
Hardware,05K FOR IB/IntelliSpace IX/LX Workstations/Disc failure,05K FOR IB/IntelliSpace IX/LX Workstations/Disc failure,,,
Hardware,The external HDD is not recognized.,SS:???HDD???????,,,
Hardware,05R/IntelliSpace IX/LX Workstations/workstation issue,05R/IntelliSpace IX/LX Workstations/workstation issue,,,
Hardware,CD writer is not functioning,CD writer is not functioning,,,
Hardware,Wechat:05R/Brilliance Workspace Portal/Move,Wechat:05R/Brilliance Workspace Portal/Move,,,
Hardware,"Issue malfunction: 
We cannot start via DeepUnity, ISP. Error is here. I restarted the ISP server. But without success.
Can you check ISP whether everything is running correctly there?",ISP does not take over Impax Campus Kiel,,,
Hardware,ISP work flow server error,ISP work flow server error,,,
Hardware,02N/IntelliSpace Portal Solutions/add printer,02N/IntelliSpace Portal Solutions/add printer,,,
Hardware,Workstation is not functioning,Workstation is not functioning,,,
Hardware,"Issue: Connection modality
Performance description: Registration of a new modality in the ISP. Customer will provide appointment and technical parameters of the ISP
IP address 10.7.194.25
AE Title HGK_ISP_001
Port 104
Further: see lettering for further data",Registration of a new modalite in the ISP. Customer delivers the appointment and technical parameters of the ISP,,,
Hardware,into,ISP12 CT CS Sometimes the Findings in the Reports show the text 'Score' instead of the required value,,,
Hardware,Report came over and need to restart services.,Report came over and need to restart services.,,,
Hardware,Replacement of disk recording unit,DISCS REGISTRATOR REPLACEMENT,,,
Hardware,05R/IntelliSpace Portal Solutions/DVD burner fault,05R/IntelliSpace Portal Solutions/DVD burner fault,,,
Hardware,SA:05R/Extended Brilliance Workspace/Hard disk &software,SA:05R/Extended Brilliance Workspace/Hard disk &software,,,
Hardware,Wechat:SA:05L/IntelliSpace Portal/cannot boot,Wechat:SA:05L/IntelliSpace Portal/cannot boot,,,
Hardware,01/IntelliSpace IX/LX Workstations/burn failure,01/IntelliSpace IX/LX Workstations/burn failure,,,
Hardware,Workstation Mouse is not functioning,Workstation Mouse is not functioning,,,
Hardware,01/Extended Brilliance Workspace/need software DVD,01/Extended Brilliance Workspace/need software DVD,,,
Hardware,05R/IntelliSpace Portal Solutions/harddisk damage,05R/IntelliSpace Portal Solutions/harddisk damage,,,
Hardware,DVD writer is not functioning,DVD writer is not functioning,,,
Hardware,Preventive maintenance - Server Uptime,Preventive maintenance - Server Uptime,,,
Hardware,Preventive maintenance - Server Uptime,Preventive maintenance - Server Uptime,,,
Hardware,Preventive maintenance - Server Uptime,Preventive maintenance - Server Uptime,,,
Hardware,Preventive maintenance - Server Uptime,Preventive maintenance - Server Uptime,,,
Hardware,PAPER PRINTERS AND DICOM PRINTERS ARE DISABLED FROM THE INTELLSPACE PRINTER LIST WHEN PRINTING.,IMPRESORAS DE PAPEL E IMPRESORAS DICOM SE DESACTIVAN DE LA LISTA DE IMPRESORAS DE INTELLSPACE  AL MOMENTO DE IMPRIMIR,,,
Hardware,01/IntelliSpace IX/LX Workstations/Unable to film,01/IntelliSpace IX/LX Workstations/Unable to film,,,
Hardware,02N/IntelliSpace Portal Solutions/DVD driver fault,02N/IntelliSpace Portal Solutions/DVD driver fault,,,
Hardware,"Since the planned power cut on the 19th, the client has been slealing, >> restarting the server did not solve the problem.",01DS:RS:19??????????????????????>>???????????????,,,
Hardware,Bug in the biopsies coordinates,Dynaloc,,,
Hardware,"The server does not work, it does not allow to load the images.","The server does not work, it does not allow to load the images.",,,
Hardware,The monitoring system detects that the server is blocked,The monitoring system detects that the server is blocked,,,
Hardware,02N/IntelliSpace Portal Solutions/post installation,02N/IntelliSpace Portal Solutions/post installation,,,
Hardware,01/IntelliSpace IX/LX Workstations/equipment failure,01/IntelliSpace IX/LX Workstations/equipment failure,,,
Hardware,WECHAT?SA/05k/IntelliSpace IX/LX Workstations/The mouse is bad,WECHAT?SA/05k/IntelliSpace IX/LX Workstations/The mouse is bad,,,
Hardware,EBW system is not switching On,EBW system is not switching On,,,
Hardware,The server flashes.,The server flashes.,,,
Hardware,MRI ISP CD writing AND APPLICATION ISSUE .,MRI ISP CD writing AND APPLICATION ISSUE .,,,
Hardware,XIM: UPS tripping,XIM: UPS tripping,,,
Hardware,Needs technical assistance,Needs technical assistance,,,
Hardware,05R/Extended Brilliance Workspace/SW error,05R/Extended Brilliance Workspace/SW error,,,
Hardware,The s heavy behavior that was responded to last weekend has not been resolved.,01CM:RS:??????????????????????????>>CASE0121263363???,,,
Hardware,01/IntelliSpace IX/LX Workstations/software report bug collect prompt,01/IntelliSpace IX/LX Workstations/software report bug collect prompt,,,
Hardware,VIP SEDENA THE CD BURNER DOES NOT WORK,VIP SEDENA EL QUEMADOR DE CD NO FUNCIONA,,,
Hardware,CPU is not booting,CPU is not booting,,,
Hardware,ISP CD drive not functioning,ISP CD drive not functioning,,,
Hardware,"Issue: Malfunction
Error description: currently no CT cardio evaluation is possible, we urgently request a check of the ISP system.",CT Kardio Evaluation is not possible,,,
Hardware,05R/Extended Brilliance Workspace/The workstation optical drive cannot be burned,05R/Extended Brilliance Workspace/The workstation optical drive cannot be burned,,,
Hardware,INSTALLATION OF PRINTER FOR DIGITAL IMAGES,INSTALACI?N DE IMPRESORA PARA IM?GENES DIGITALES,,,
Hardware,"05R/	Upgrades IntelliSpace IX/LX WrkStns/crash","05R/	Upgrades IntelliSpace IX/LX WrkStns/crash",,,
Hardware,CD writer is not functioning,CD writer is not functioning,,,
Hardware,Isp server updated to release 12.,DAY ISP server in Release 12,,,
Hardware,"Server IP 192.168.53.247
iDRAC IP 192.168.53.247
Server name: NHSCISP-TEST

We need to have the DNS address for the server and  iDRAC changed. The IP's in use are going away soo and need to be migrated to the IP's below:

New DNS:
172.20.16.216
172.20.16.217",DNS Change on IntelliSpace server,,,
Hardware,"Preventive maintenance case created for?server uptime/USB drive/localhost certificate/auto-delete verification
Contact Jason Bufford",Preventive maintenance - York Hospital,,,
Hardware,"VIP-IMSS-CLIENT-BURNER DOES NOT WORK, IT IS JAMMED AND THEREFORE IT DOES NOT WORK","VIP-IMSS-Client-Quemator does not work, it is stuck and therefore it does not work",,,
Hardware,EBW keyboard not functioning,EBW keyboard not functioning,,,
Hardware,SA:05R/IntelliSpace IX/LX Workstations/mouse broken,SA:05R/IntelliSpace IX/LX Workstations/mouse broken,,,
Hardware,DVD drive not functioning,DVD drive not functioning,,,
Hardware,05R/IntelliSpace IX/LX Workstations/add printer,05R/IntelliSpace IX/LX Workstations/add printer,,,
Hardware,"Connection problem Failure d4 checked the portal service of the server on the interpretation console of the doctors (operator2), the console of the manipulators as regards it works normally.",Probleme connection,,,
Hardware,"From CaseID# 0121286113->CT cardio evaluation is not possible

Issue: Malfunction
Error description: Intermittently no CT cardio evaluation is possible, we urgently request a check of the ISP system.",Cardio evaluation is not possible,,,
Hardware,Concerto is down. No studies in the list,Concerto is down. No studies in the list,,,
Hardware,"Issue: Malfunction
Description of error: No Q/R takes place from the VETPACS in the KTK ISP order.
Further: See lettering
Contact: Reported by / Dr. M?ller",There is no Q/R from Vetpacs in the KTK ISP order,,,
Hardware,Problem with intellispace hard disk is completely full.,Problem with Intellispace Hard disk is completely full.,,,
Hardware,ISP CD writer is not functioning,ISP CD writer is not functioning,,,
Hardware,VIP - SEDENA - CUSTOMER - IT SHOWS THE DECODIFIED IMAGE INSTEAD OF SHOWING THE NORMAL IMAGE,VIP-SEDENA-CLIENTE- MUESTRA LA IMAGEN DECODIFICADA EN LUGAR DE MOSTRAR LA IMAGEN NORMAL,,,
Hardware,Does not open the drive to insert CD,NO OPENS THE DRIVE TO INSERT CD,,,
Hardware,Images are not burning onto disc from ISP,Images are not burning onto disc from ISP,,,
Hardware,02N/IntelliSpace IX/LX Workstations/CT account can't find printer,02N/IntelliSpace IX/LX Workstations/CT account can not find printer,,,
Hardware,05R/IntelliSpace Portal Solutions/consult,05R/IntelliSpace Portal Solutions/consult,,,
Hardware,SA:OCAP:05R/Extended Brilliance Workspace/keyboard and mouse fault,SA:OCAP:05R/Extended Brilliance Workspace/keyboard and mouse fault,,,
Hardware,"We have had problems with the new server 24/2 and today (2/3). The users are stuck at ""Charge data to the application"". The problem is solved by restarting the services on the server, but we need a permanent fix for the problem.",IntelliSpace application unresponsive,,,
Hardware,Graphic card is heating up and the fan is not running,Graphic card is heating up and the fan is not running,,,
Hardware,Support during the installation of >LoBi & Liver Health does not work,Lobi & Liver Health without function,,,
Hardware,Connection problems with PAX IntelliSpace IX/LX Workstations SF Pantelimon,Connection issues with Pax Intellispace IX/LX Workstations SF Pantelimon,,,
Hardware,CD drive is not functioning,CD drive is not functioning,,,
Hardware,Change the server's IP.,Change server IP.,,,
Hardware,"Preventive maintenance case created for?server uptime/USB drive/localhost certificate/auto-delete verification
Contact Jason Bufford",Preventive maintenance - New York Presbyterian Hospital,,,
Hardware,v 12 ISP bone density report,v 12 ISP bone density report,,,
Hardware,05R/Extended Brilliance Workspace/blue screen,05R/Extended Brilliance Workspace/blue screen,,,
Hardware,Workstation not booting,Workstation not booting,,,
Hardware,"Encounters a problem. display of examinations for 2 weeks, specifically on February 14th since the installation of the new server.
Impossible to retrieve the preceding examinations to do the comparison.",Examinations Prob,,,
Hardware,The UPS is beeping and red light  showing replace  battery,1303CDN8CS13  The UPS is beeping and red light  showing replace  battery,,,
Hardware,EBW Booting Problem,EBW Booting Problem,,,
Hardware,EBW Booting Problem,EBW Booting Problem,,,
Hardware,Moving Datacenter.  Shut down and then turn servers back on after physical move between datacenters.,Moving Datacenter,,,
Hardware,NO display in monitor,NO display in monitor,,,
Hardware,No disk error,No disk error,,,
Hardware,DVD drive not working,DVD drive not working,,,
Hardware,Preventive maintenance case created for?server uptime/USB drive/localhost certificate/auto-delete verification,Preventive Maintenance: VA Mather (Redding Outpatient Clinic),,,
Hardware,CD drive not functioning,CD drive not functioning,,,
Hardware,ISP IS NOT FUNCTIONING,ISP IS NOT FUNCTIONING,,,
Hardware,unable to write on CD,unable to write on CD,,,
Hardware,ISP server is down...,ISP is Down,,,
Hardware,05R/Extended Brilliance Workspace/crash,05R/Extended Brilliance Workspace/crash,,,
Hardware,SA:OCAP:05R/IntelliSpace IX/LX Workstations/DVD recorder fault,SA:OCAP:05R/IntelliSpace IX/LX Workstations/DVD recorder fault,,,
Hardware,01/IntelliSpace IX/LX Workstations/TEST PRS,01/IntelliSpace IX/LX Workstations/TEST PRS,,,
Hardware,"The image processing workstation with inventory number does not memorize the reconstructed images.
Urgent request.
Location: P.O. Vallo from Lucania, Neuroradiology.",Does not store reconstructed images,,,
Hardware,ISP System not functioning,ISP System not functioning,,,
Hardware,CD writer is not functioning in EBW1,CD writer is not functioning in EBW1,,,
Hardware,"Disk of the operating system unit is damaged. 
Idrac (192.168.1.146 enabled / user: root password: what is not enabled)",Slave server does not start,,,
Hardware,05R/Extended Brilliance Workspace/print,05R/Extended Brilliance Workspace/print,,,
Hardware,wechat:SA:05R/IntelliSpace IX/LX Workstations/DVD record defective,wechat:SA:05R/IntelliSpace IX/LX Workstations/DVD record defective,,,
Hardware,"It is not printing in the Bronstein Campo Grande and Cdpi Recreio units, it is necessary to check the data and configure it.","It is not printing in the Bronstein Campo Grande and CDPI Recreation unit, it is necessary to check the data and configure.",,,
Hardware,"During the installation of the DVD burner, the client reports that just the day of the visit the other DVD unit shows an failure so it must be ordered.",DVD unit failure (for studies reading),,,
Hardware,WeChat?05R/Extended Brilliance Workspace/leakage,05R/Extended Brilliance Workspace/leakage,,,
Hardware,DVD writer is not functioning,DVD writer is not functioning,,,
Hardware,01/Ingenuity Core128/Elite China,01/Ingenuity Core128/Elite China,,,
Hardware,SA:05K for IB/IntelliSpace IX/LX Workstations/add workstation,SA:05K for IB/IntelliSpace IX/LX Workstations/add workstation,,,
Hardware,WeChat?05R/Brilliance Workspace Portal/out of commission,WeChat?05R/Brilliance Workspace Portal/out of commission,,,
Hardware,DVD writer is not functioning,DVD writer is not functioning,,,
Hardware,"It is not possible to download examinations from PACS on ISP in our hospital, examinations can be listed but they cannot be downloaded.","Lack of possibilities of downloading? On the ISP with PACS in our hospital, the research can be listed But don't download? Si",,,
Hardware,failing reports on some studies,MR Neuroquant - failing reports on some studies,,,
Hardware,MIRROR 0121349583 - THE WORKSTATION GENERATES A BLUE SCREEN,Mirror 0121349583 - Working generates blue screen,,,
Hardware,05R/Extended Brilliance Workspace/monitor,05R/Extended Brilliance Workspace/monitor,,,
Hardware,CHANGE OF PLACE OF THE CONSOLE,CAMBIO DE LUGAR DE LA CONSOLA,,,
Hardware,DVD writer is not functioning,DVD writer is not functioning,,,
Hardware,ISP System not switching on,ISP System not switching on,,,
Hardware,"It does not send the examinations from the workstation to pacs, reports that it is not possible to communicate to the pacs from isp to pacs.",After the configuration does not send the exams to the Pacs,,,
Hardware,Wechat:SA:02N/IntelliSpace Portal Solutions/Server and workstation failure,Wechat:SA:02N/IntelliSpace Portal Solutions/Server and workstation failure,,,
Hardware,"Issue: Malfunction
Description of error: System abyss when saving a perfussion
Error occurred on: 13.03.2023",System offs,,,
Hardware,ISP PC system is hanging,ISP PC system is hanging,,,
Hardware,THE CD BURNER DOES NOT WORK,NO FUNCIONA EL QUEMADOR DE CDS,,,
Hardware,system need to have keyboard and mouse checked.,keyboard and mouse not working correctly.,,,
Hardware,SA?OCAP?05R/Extended Brilliance Workspace NM/blue screen,SA?OCAP?05R/Extended Brilliance Workspace NM/blue screen,,,
Hardware,CD can't be printed.,Cd fairy? Yor,,,
Hardware,"Issue: Malfunction
Error description: We are currently having increasing ISP problems again, can you please look at the servers?",ISP Problem,,,
Hardware,01/IntelliSpace IX/LX Workstations/print,01/IntelliSpace IX/LX Workstations/print,,,
Hardware,"Image  transfer not possible, workstation not booting up","Image  transfer not possible, workstation not booting up",,,
Hardware,Paradigm system not working,Paradigm system not working,,,
Hardware,damage in the HP monitor,damage in the HP monitor,,,
Hardware,"This malfunction is unbearable. The AVA does not work and this, at each session.
Please come back with a solution. 

Waiting for feedback and a solution as soon as possible.",ISP - Quimper - Crash application avec l'analyse AVA,,,
Hardware,wechat?SA?05R/IntelliSpace IX/LX Workstations/Unable to film,wechat?SA?05R/IntelliSpace IX/LX Workstations/Unable to film,,,
Hardware,wechat?02N/IntelliSpace IX/LX Workstations/Auxiliary station fault,wechat?02N/IntelliSpace IX/LX Workstations/Auxiliary station fault,,,
Hardware,DVD writer is not functioning,DVD writer is not functioning,,,
Hardware,SA:05R/IntelliSpace Portal Solutions/Unable to open,SA:05R/IntelliSpace Portal Solutions/Unable to open,,,
Hardware,SA:05K/IntelliSpace IX/LX Workstations/Cannot print film,SA:05K/IntelliSpace IX/LX Workstations/Cannot print film,,,
Hardware,01/IntelliSpace IX/LX Workstations/Cannot print,01/IntelliSpace IX/LX Workstations/Cannot print,,,
Hardware,they add a new scanner thats offsite... getting a echo and no response,they add a new scanner thats offsite... getting a echo and no response,,,
Hardware,Hard disk failure,Hard drive ar? Zas?,,,
Hardware,"VIP-SEDENA-CLIENT-FAILURE IN THE CD BURNER OF THE WORKSTATION, WHEN ENTERING THE CD UNIT, IT DID NOT RETURN THE DISK AND IT DISPLAYED A MESSAGE THAT THE CD UNIT WAS MISSING.","VIP-SEDENA-CLIENTE-FALLA EN EL QUEMADOR DE CD DE LA ESTACI?N DE TRABAJO, AL INTRODUCIR LA UNIDAD DE CD, YA NO...",,,
Hardware,Preventive maintenance case created for?server uptime/USB drive/localhost certificate/auto-delete verification,Preventive Maintenance - Icahn School of Medicine at Mount,,,
Hardware,02N/IntelliSpace IX/LX Work/print error,02N/IntelliSpace IX/LX Work/print error,,,
Hardware,White noise lines are output when printing from the laser printer connected to the ISP.,05CS:RS:ISP????????????????????????????????>>??????????????????????,,,
Hardware,EBW not getting ON,EBW not getting ON,,,
Hardware,"01/	IntelliSpace Portal Solutions/DVD fault","01/	IntelliSpace Portal Solutions/DVD fault",,,
Hardware,WORKSTATION IS NOT SWITCHING ON,WORKSTATION IS NOT SWITCHING ON,,,
Hardware,Drivers are reflecting a red light.,Drivers are reflecting a red light.,,,
Hardware,Check server resources,Review server resources,,,
Hardware,not sending to processing station,455300020151 not sending to processing station,,,
Hardware,Two servers are down,Two servers are down,,,
Hardware,Needs to know if the ws has any link with AD,Need to know if WS has any link with ad,,,
Hardware,SA?OCAP?05R/IntelliSpace IX/LX Workstations,SA?OCAP?05R/IntelliSpace IX/LX Workstations,,,
Hardware,WeChat?05R/Brilliance Workspace Portal/Workstation cannot be used,WeChat?05R/Brilliance Workspace Portal/Workstation cannot be used,,,
Hardware,05K/IntelliSpace IX/LX Workstations/burner fault,05K/IntelliSpace IX/LX Workstations/burner fault,,,
Hardware,05K/IntelliSpace IX/LX Workstations/burner fault,05K/IntelliSpace IX/LX Workstations/burner fault,,,
Hardware,"Having a problem with the Philips IntelliSpace server.
It makes a lot of noise this afternoon, seems like there might be a fan problem.
Turned it off tonight, but need help looking at it tomorrow",Having a problem with the Philips intellispace server.,,,
Hardware,05R/IntelliSpace IX/LX Workstations/dvd record,05R/IntelliSpace IX/LX Workstations/dvd record,,,
Hardware,"The inkjet printer is connected to the ISP and is being used, but there are lines that look like lines in it.",ISP?????????????????????????????????????????,,,
Hardware,ISP Server reflecting red light on driver,ISP Server reflecting red light on driver,,,
Hardware,CD writer is not functioning and error showing as a no media,CD writer is not functioning and error showing as a no media,,,
Hardware,server #4 is having problems when they try to send cases and the user is logged in the server will intermittently not send to pacs,server #4 is having problems when they try to send cases and the user is logged in the server will intermittently...,,,
Hardware,XIM: Host machine in EP Lab in Heart Center NIC faulty,XIM: Host machine in EP Lab in Heart Center NIC faulty,,,
Hardware,ISP INTERMITTENT DOWN STATUS...PLEASE REVIEW LOGS FROM 3/15 - 3/16 FOR POSSIBLE ERROR...THANK YOU...,ISP INTERMITTENT DOWN STATUS,,,
Hardware,THE WORKSTATION DOES NOT BURN STUDIES.,Working does not burn studies.,,,
Hardware,SA:05R/IntelliSpace IX/LX Workstations/Can't burn,SA:05R/IntelliSpace IX/LX Workstations/Can't burn,,,
Hardware,"Question: Email from Michael Hauke / Senior Technical Consultant / Team Lead ICAP & DCP
Issue: Malfunction
Description of malfunction: 
Adjustment of the AutoQuant version to 2017 on the ISP server",Adaptation of the Autoquant version to 2017 on the ISP Serve,,,
Hardware,Failure when recording to CD and DVD,Failure on CD and DVD record,,,
Hardware,DVD writer not functioning,DVD writer not functioning,,,
Hardware,The burner needs to be changed since sometimes it does not work and the bottom part needs to be pressed to make it work.,Change of burner of the employment.,,,
Hardware,ISP CD writer not functioning,ISP CD writer not functioning,,,
Hardware,"Good morning
When opening ISP, the program starts and after inserting user and password, the initial page of the program opens, but it blocks during loading. The hourglass starts turning and it is impossible to close the program.
Carried out checks, the network is ok, the server is reachable, ping OK. On a client it was uninstalled and installed ex novo ISP after the download but it shows the same problem.
An urgent intervention is needed because they are blocked.

Greetings",ISP system not working,,,
Hardware,CD writer is not functioning,CD writer is not functioning,,,
Hardware,"The workstation does not turn on, it does not load the examination visualization program.",Non si accende la workstation,,,
Hardware,"Reported problem: RAM memory is collapsing.
When did the failure happen? Immediately
When will the equipment be available for intervention? What is the best day or time?: As soon as 
Was the equipment in clinical use when the failure occurred?: They don't know it",Ram memory is collapsing,,,
Hardware,will don't function when logging in launching marauda,will don't function when logging in launching marauda,,,
Hardware,Server Uptime Check,Server Uptime Check,,,
Hardware,Server Uptime Check,Server Uptime Check,,,
Hardware,Server Uptime Check,Server Uptime Check,,,
Hardware,Server Uptime Check,Server Uptime Check,,,
Hardware,Server Uptime Check,Server Uptime Check,,,
Hardware,Server Uptime Check,Server Uptime Check,,,
Hardware,Server Uptime Check,Server Uptime Check,,,
Hardware,Server uptime check,Server uptime check,,,
Hardware,Issue with CT Portal,Issue with CT Portal,,,
Hardware,05L/Upgrades IntelliSpace IX/LX WrkStns/DVD record setting failed,05L/Upgrades IntelliSpace IX/LX WrkStns/DVD record setting failed,,,
Hardware,WeChat?01/WeChat?01/IntelliSpace IX/LX Workstations/print,WeChat?01/WeChat?01/IntelliSpace IX/LX Workstations/print,,,
Hardware,05R/Extended Brilliance Workspace/ DVD fault,05R/Extended Brilliance Workspace/ DVD fault,,,
Hardware,05R/IntelliSpace IX/LX Workstations/Rebuild fault,05R/IntelliSpace IX/LX Workstations/Rebuild fault,,,
Hardware,Workstation keyboard and mouse not functioning,Workstation keyboard and mouse not functioning,,,
Hardware,I open a case following WO-07978941 and WO-07978939 as they were opened on the CT scan instead of on ISP.,Not working mouse and keyboard,,,
Hardware,SA:02N/IntelliSpace IX/LX Workstations/Workstation failure,SA:02N/IntelliSpace IX/LX Workstations/Workstation failure,,,
Hardware,"Good morning
When one tries to print the report in pdf format coming from pixyl node, the print comes out blank. If, instead, the file is first saved on the location, and then printed, it comes out correctly. Is it possible to check the reason why direct printing does not work without having to save the file?

Kind regards

Clinic Villa Margherita
CED",PDF printing from ISP,,,
Hardware,into,ISP12: Update the Content of Detailed IVT Report,,,
Hardware,It does not recognize the USB entries in the front of the computer,NO recognizes the USB front inputs of the CPU,,,
Hardware,"OT338492 - The portal does not work with control from home, after the update was done.
Location: The entire Hospital that can access from home.","OT338492 - The portal does not work with control from home, after the update was made.",,,
Hardware,Server Uptime Check,Server Uptime Check,,,
Hardware,05R/Brilliance Workspace Portal/Power fail,05R/Brilliance Workspace Portal/Power fail,,,
Hardware,05R/Extended Brilliance Workspace/ mouse and keyboard fault,05R/Extended Brilliance Workspace/ mouse and keyboard fault,,,
Hardware,02G/IntelliSpace IX/LX Workstations/print,02G/IntelliSpace IX/LX Workstations/print,,,
Hardware,05R/Extended Brilliance Workspace/display card,05R/Extended Brilliance Workspace/display card,,,
Hardware,SA:01/IntelliSpace Portal Solutions/Installation workstation,SA:01/IntelliSpace Portal Solutions/Installation workstation,,,
Hardware,Clint pc and server is not functioning,Clint pc and server is not functioning,,,
Hardware,"After physically being used by the ISP server by the customer, there are some functions that do not work anymore.",After the physical house of the ISP server by the customer there are some functionality who no longer works,,,
Hardware,CD writer is not functioning,CD writer is not functioning,,,
Hardware,ISP is not functioning,ISP is not functioning,,,
Hardware,It is not able to record the exams,You are not able to record the exams,,,
Hardware,WeChat?05R/Extended Brilliance Workspace/transfer,WeChat?05R/Extended Brilliance Workspace/transfer,,,
Hardware,ISP SYSTEM IS NOT GETTING ON,ISP SYSTEM IS NOT GETTING ON,,,
Hardware,damage in the HP monitor,damage in the HP monitor,,,
Hardware,05R/IntelliSpace IX/LX Workstations/Workstation failure,05R/IntelliSpace IX/LX Workstations/Workstation failure,,,
Hardware,Call 24x7 - The reports are not divided,Call 24x7 - The reports are not divided,,,
Hardware,Declaration of ILO card + internal USB for upgrade V12,d?claration carte ILO + internal USB pour upgrade V12,,,
Hardware,ISP CD writer is not functioning,ISP CD writer is not functioning,,,
Hardware,"In some breast reports, it cannot process the curve in the injury. 
La Luz Clinical Hospital, Ground Floor, Radiology 

Failure: immediately, it has been like this for a few days. 
Intervention
Clinical use - No","In some breast reports, you cannot process the curve in the lesion (intervention as soon as possible*)",,,
Hardware,"Issue: Malfunction
Error description: for case 0121341724 closed 
Technical problem. Acceptance: During the burning process, possibly Dicom viewer is not burned along. Acceptance Windows 10 is not compatible.
Contact tel. +491775943570 time Thursday around 12:00 hrs. Request for call-+491775943570.
Email praxismanager@nuklearmedizinbamberg.de",Browned CDs cannot be used.,,,
Hardware,into,ISP12 CT CS Sometimes the Findings in the Reports show the text 'Score' instead of the required value,,,
Hardware,Wechat:05R/Extended Brilliance Workspace/Can't burn,Wechat:05R/Extended Brilliance Workspace/Can't burn,,,
Hardware,Wechat:05R/IntelliSpace Portal Solutions/need parts,Wechat:05R/IntelliSpace Portal Solutions/need parts,,,
Hardware,01/Extended Brilliance Workspace/crash,01/Extended Brilliance Workspace/crash,,,
Hardware,Wechat:05R/IntelliSpace Portal Solutions/The computer cannot be turned on,Wechat:05R/IntelliSpace Portal Solutions/The computer cannot be turned on,,,
Hardware,Wechat:01/IntelliSpace IX/LX Workstations/Need to view IP address,Wechat:01/IntelliSpace IX/LX Workstations/Need to view IP address,,,
Hardware,Workstation locked,Workstation travada,,,
Hardware,05K/IntelliSpace Portal Solutions/replace mouse,05K/IntelliSpace Portal Solutions/replace mouse,,,
Hardware,ISP system DVD writer is not functioning,ISP system DVD writer is not functioning,,,
Hardware,ISP Mouse is not functioning,ISP Mouse is not functioning,,,
Hardware,Mouse is not functioning in Workstation system,Mouse is not functioning in Workstation system,,,
Hardware,02N/IntelliSpace IX/LX WorkstationsFrequent jamming of ISP film production,02N/IntelliSpace IX/LX WorkstationsFrequent jamming of ISP film production,,,
Hardware,Wechat:SA:05R/IntelliSpace IX/LX Workstations/MM viewer integration issues,Wechat:SA:05R/IntelliSpace IX/LX Workstations/MM viewer integration issues,,,
Hardware,Wechat?01/IntelliSpace IX/LX Workstations,Wechat?01/IntelliSpace IX/LX Workstations,,,
Hardware,Relocation of ISP,Relocation of ISP,,,
Hardware,Wechat:05R/IntelliSpace IX/LX Workstations/Screen fault,Wechat:05R/IntelliSpace IX/LX Workstations/Screen fault,,,
Hardware,01/Intellispace Portal IX/The post processing workstation cannot print films,01/Intellispace Portal IX/The post processing workstation cannot print films,,,
Hardware,01/IntelliSpace IX/LX Workstations/equipment failure,01/IntelliSpace IX/LX Workstations/equipment failure,,,
Hardware,DVD writer not functioning,DVD writer not functioning,,,
Hardware,Down since last Thursday since power outage,Down since last Thursday since power outage,,,
Hardware,02N/IntelliSpace IX/LX Workstations/DVD recoder failed,02N/IntelliSpace IX/LX Workstations/DVD recoder failed,,,
Hardware,Wechat:01/IntelliSpace IX/LX Workstatio,Wechat:01/IntelliSpace IX/LX Workstatio,,,
Hardware,02N/IntelliSpace Portal Solutions/Add new account,02N/IntelliSpace Portal Solutions/Add new account,,,
Hardware,01/IntelliSpace Portal Solutions/add printer,01/IntelliSpace Portal Solutions/add printer,,,
Hardware,CPD3 stopped.,CPD3 stop,,,
Hardware,"The following workstations are in Cardiology
The Cardiologists use them.
I am sending you the IP of the computers where we had the Portal installed and in which, after the new update, we cannot access the application.

  10.139.39.29

 10.139.39.14

 10.139.39.13

 10.139.39.18

  10.139.39.27

  10.139.39.70

Dr. Revilla is the one who gave me the notice.
If you have any questions or clarifications, please contact her.
Thanks a lot",Work stations without access to the new Iportal,,,
Hardware,ISP server not working,ISP server not working,,,
Hardware,"Issue: Malfunction
Error description: The customer is currently having increasing ISP problems again, can you please look at the servers?
See image.
Error occurred on: 28.03.2023",ISP Problem,,,
Hardware,Application/IntelliSpace IX/LX Workstations,Application/IntelliSpace IX/LX Workstations,,,
Hardware,Workstation movement. Remove from the technical command room to the report room,Workstation move. Remove from the tony command room to the reports room,,,
Hardware,THE DISK BURNER DOES NOT WORK,NO TRABAJA EL QUEMADOR DE DISCOS,,,
Hardware,01/IntelliSpace IX/LX Workstations/add printer,01/IntelliSpace IX/LX Workstations/add printer,,,
Hardware,05K/IntelliSpace IX/LX Workstations/cannot print,05K/IntelliSpace IX/LX Workstations/cannot print,,,
Hardware,01/IntelliSpace IX/LX Workstations/Customer consultation,01/IntelliSpace IX/LX Workstations/Customer consultation,,,
Hardware,05R/Brilliance Workspace Portal/OPTICAL DRIVE failure,05R/Brilliance Workspace Portal/????,,,
Hardware,DVD writer not functioning,DVD writer not functioning,,,
Hardware,Monitor will not remain on,0902CDT70S09 Monitor will not remain on,,,
Hardware,"The Doctor cannot open the Portal.
Location: X-Rays, Semi-basement, General Residence

Failure: today
Intervention as soon as possible
Clinical use - Yes",Dr. cannot open the portal,,,
Hardware,"Issue with server, keep having to reboot.","Issue with server, keep having to reboot.",,,
Hardware,Dynacad  auto processing failed,Dynacad  auto processing failed,,,
Hardware,when trying to copy cds says unable to write the disk,when trying to copy cds says unable to write the disk,,,
Hardware,Will not process,Will not process,,,
Hardware,CD printing problem,CD writing problem,,,
Hardware,Comp. application Cardiac Analysis shows all the same phases of the Cardiac CT. It is not possible to differentiate each phase,Comp application. Cardiac Analysis shows all the equal phases of CT cardiac. It is not possible to differentiate ...,,,
Hardware,"AVA - in carotid angio when segmenting bone, the vertebral arteries appear peaked, occurring in all patients.","Ava ? In Angio de Bosseed when performing the segment of the bone, the vertebral articles appear performed, occurring ...",,,
Hardware,Install a printer,Install a printer,,,
Hardware,VIP-IMSS-PHILIPS-HARD DISK NO. NEEDS TO BE CHANGED. 459800370502,VIP-IMSS-PHILIPS-REQUIRE HOSE DISC CHANGE NO. 459800370502,,,
Hardware,Wechat:SA:05R/IntelliSpace IX/LX Workstations/driver broken,Wechat:SA:05R/IntelliSpace IX/LX Workstations/driver broken,,,
Hardware,Wechat:05R/Portal/disk error,Wechat:05R/Portal/disk error,,,
Hardware,05L/IntelliSpace IX/LX Workstations/can't burn,05L/IntelliSpace IX/LX Workstations/can not burn,,,
Hardware,ISP system is slow,ISP system is slow,,,
Hardware,Saving series to remote device PACS does not work,Save series to Remote Device Pacs does not work,,,
Hardware,01/IntelliSpace IX/LX Workstations/Mouse fault,01/IntelliSpace IX/LX Workstations/Mouse fault,,,
Hardware,05R/Extended Brilliance Workspace/DVD burner fault,05R/Extended Brilliance Workspace/DVD burner fault,,,
Hardware,"It does not read the inserted CD, it does not work.",Burner not working,,,
Hardware,"The workstation does not work and it is not able to send the reconstructions to pacs.
Radiology-R.M.N. - Nuclear Magnetic Resonance - Body S.C. Radiology - Room: Control Room.",Does not send reconstructions to the Pacs,,,
Hardware,cannot burning CD,cannot burning CD,,,
Hardware,01/IntelliSpace IX/LX Workstations/Change PACS parameter,01/IntelliSpace IX/LX Workstations/Change PACS parameter,,,
Hardware,DVD writer of ISP client is not working,DVD writer of ISP client is not working,,,
Hardware,Wechat:SA:05K/IntelliSpace IX/LX Workstations/The optica,Wechat:SA:05K/IntelliSpace IX/LX Workstations/The optica,,,
Hardware,02N/IntelliSpace IX/LX Workstations/add printer,02N/IntelliSpace IX/LX Workstations/add printer,,,
Hardware,05R/Brilliance Workspace Portal/Error,05R/Brilliance Workspace Portal/Error,,,
Hardware,05K/IntelliSpace IX/LX Workstations/add printer,05K/IntelliSpace IX/LX Workstations/add  printer,,,
Hardware,01/IntelliSpace IX/LX Workstations/consult dicom parameter,01/IntelliSpace IX/LX Workstations/consult dicom parameter,,,
Hardware,02N/IntelliSpace Portal Solutions/stand by,02N/IntelliSpace Portal Solutions/stand by,,,
Hardware,01/IntelliSpace IX/LX Workstations/Add Parameter,01/IntelliSpace IX/LX Workstations/Add Parameter,,,
Hardware,Image workstation CD writer not functioning,Image workstation CD writer not functioning,,,
Hardware,"Mirada - it was not possible to perform a ""print screen"" for documentation (improvement);",Mirada ? It was not possible to perform an ?print screen for documentation (improvement);,,,
Hardware,Keyboard is not functioning,Keyboard is not functioning,,,
Hardware,"Hi, we are changing from using a separate DynaCad server with local installed DynaCAD clients to using DynaCAd in ISP 12 instead.  
Therefore, we need help with the following issues:
Help with copying DDP's and importing them from the DynaCad server to an ISP12 server. 
We also need help with chose biopsy needles with the planning toll Dyna Loc.
We would even like to have support for the other settings that are not transferred automatically and must be configured by PK Profile Editor.",DynaCad Configuration in ISP 12,,,
Hardware,ISP disk free space is decreasing,ISP?Disk?????????????,,,
Hardware,Wechat:01/Extended Brilliance Workspace/Unable to burn disc,Wechat:01/Extended Brilliance Workspace/Unable to burn disc,,,
Hardware,05K/IntelliSpace IX/LX Workstations/add printer,05K/IntelliSpace IX/LX Workstations/add printer,,,
Hardware,SA:05R/Extended Brilliance Workspace/Power up fail,SA:05R/Extended Brilliance Workspace/Power up fail,,,
Hardware,"Issue: Malfunction email Nico Euler Clinical Application Consultant SCS DACH /IntelliSpacePortal
Description of error: Via right mouse click on an MRT skull series, run processing - NeuroQuant process can be selected.

The process starts, hangs in the process for a very long time and ends with failed.

EQ ID: 60866908
Serial No.: 7001901

University Professor Elke Hattingen
Director Institute for Neuroradiology
University Medicine of the Goethe University Frankfurt
Schleusenweg 2-16
Frankfurt/Main",ISP12: NeuroQuant does not generate any reports,,,
Hardware,PROBLEM WITH THE DVD RECORDER,DVD recorder problem,,,
Hardware,Failure in recording DVD,DVD DVD Record,,,
Hardware,05R/EBW/Burn disk failure,05R/EBW/Burn disk failure,,,
Hardware,SA:05R/EBW/Burn disk failure,SA:05R/EBW/Burn disk failure,,,
Hardware,Quote for hard drive workstation,or?amento para HD workstation,,,
Hardware,05K/IntelliSpace Portal Solutions/add printer,05K/IntelliSpace Portal Solutions/add printer,,,
Hardware,02N/IntelliSpace IX/LX Workstations/can't power on,02N/IntelliSpace IX/LX Workstations/can not power on,,,
Hardware,05R/IntelliSpace Portal Solutions/DVD driver,05R/IntelliSpace Portal Solutions/DVD driver,,,
Hardware,EBW is not opening.,EBW A??,,,
Hardware,Workstation does not turn on,Workstation nao liga,,,
Hardware,The portal's mouse stopped working,The portal mouse stopped working,,,
Hardware,05R/Extended Brilliance Workspace/Main board failure,05R/Extended Brilliance Workspace/Main board failure,,,
Hardware,SA:05R/IntelliSpace IX/LX Workstations/RW DVD problem,SA:05R/IntelliSpace IX/LX Workstations/RW DVD problem,,,
Hardware,SA:OCAP:05R/IntelliSpace IX/LX Workstations/DVD RW error,SA:OCAP:05R/IntelliSpace IX/LX Workstations/DVD RW error,,,
Hardware,Escalation/IntelliSpace IX/LX Workstations,Escalation/IntelliSpace IX/LX Workstations,,,
Hardware,DVD writer is not functioning,DVD writer is not functioning,,,
Hardware,"Reported problem with server Philips Intellispace Portal (old) IT60327137.
Request if it can be turned off?

Location: Ecomedica.",Philips server problem reporting,,,
Hardware,05R/Extended Brilliance Workspace/burner fault,05R/Extended Brilliance Workspace/burner fault,,,
Hardware,Workflow server failed Error appearing in ISP System,Workflow server failed Error appearing in ISP System,,,
Hardware,Film printing is not happening,Film printing is not happening,,,
Hardware,THE DVD RECORDER HAS NOT BEEN WORKING FOR A FEW DAYS.,The DVD recorder is not working for a few days,,,
Hardware,05R/IntelliSpace Portal Solutions/hard disk fault,05R/IntelliSpace Portal Solutions/hard disk fault,,,
Hardware,CD/DVD writer not functioning,CD/DVD writer not functioning,,,
Hardware,THE WORKSTATION IS NOT RECORDING IMAGES TO DISK,Working is not recording the disk images,,,
Hardware,VIP-IMSS-CLIENT-INTERMITTENT FOR RECONSTRUCTION OF STUDIES. THE POST-PROCESSING SCREEN DOES NOT TURN ON.,VIP-IMSS-client-intermittent for the reconstruction of studies. The postprocess screen does not turn on.,,,
Hardware,05R/IntelliSpace Portal Solutions/mouse,05R/IntelliSpace Portal Solutions/mouse,,,
Hardware,01/IntelliSpace IX/LX Workstations/print failed,01/IntelliSpace IX/LX Workstations/print failed,,,
Hardware,Wechat:05R/IntelliSpace Portal Solutions/Noise during operation,Wechat:05R/IntelliSpace Portal Solutions/Noise during operation,,,
Hardware,Wechat:01/IntelliSpace IX/LX Workstations/film printing error,Wechat:01/IntelliSpace IX/LX Workstations/film printing error,,,
Hardware,"Hello. For a few days now, I have been unable to export the examinations to the USB key (procedure essential for us).
In fact, the USB keys are recognized by the system, but after having given the name to the peripheral, the system only writes a file in this peripheral and not also a file to make sure that the key is recognized in the devices. See attached images.
So I cannot copied an examination on the key.",USB key not available,,,
Hardware,"I have another case today where no bookmarks have saved and then it asked for a bug report when I went to save centrelines.
Thankfully I had already saved the images I needed so didn?t need to repeat all my work again. 
I created and uploaded the bug report for you to review next week.",No bookmarks saved and a bug report message came up when saving centre-lines,,,
Hardware,WeChat?SA:05R/IntelliSpace Portal Solutions/hard disk failure,WeChat?SA:05R/IntelliSpace Portal Solutions/hard disk failure,,,
Hardware,WeChat?SA:05R/Upgrades IntelliSpace Portal/ disk fault,WeChat?SA:05R/Upgrades IntelliSpace Portal/ disk fault,,,
Hardware,SA:05R/Extended Brilliance Workspace/nemo DVD burner,SA:05R/Extended Brilliance Workspace/nemo DVD burner,,,
Hardware,It is locking with a blue screen and displays an error,is crashing into a blue screen and the error,,,
Hardware,Cannot Burning/Reading Intermittently,Cannot Burning/Reading Intermittently,,,
Hardware,SA:05K for IB/IntelliSpace IX/LX Workstations/driver broken,SA:05K for IB/IntelliSpace IX/LX Workstations/driver broken,,,
Hardware,05R/IIntelliSpace IX/LX Workstations/Mouse fault,05R/IIntelliSpace IX/LX Workstations/Mouse fault,,,
Hardware,Burn disc issue,Burn disc issue,,,
Hardware,01/IntelliSpace IX/LX Workstations/add printer,01/IntelliSpace IX/LX Workstations/add printer,,,
Hardware,CD drive not functioning,CD drive not functioning,,,
Hardware,Getting memory not available,Getting memory not available,,,
Hardware,"Hello

We can no longer burn images from ISCV. Can you look at the problem?

I am on vacation next week. Please contact me as from Monday 24/04.",ISCV - Saint -L? - Impossible to engrave,,,
Hardware,05R/Extended Brilliance Workspace/ printer failed,05R/Extended Brilliance Workspace/ printer failed,,,
Hardware,DVD writer is not functioning,DVD writer is not functioning,,,
Hardware,SA:05R/IntelliSpace Portal Solutions/hard disk failure,SA:05R/IntelliSpace Portal Solutions/hard disk failure,,,
Hardware,SA:OCAP:05R/IntelliSpace Portal Solutions/can't power on,SA:OCAP:05R/IntelliSpace Portal Solutions/can not power on,,,
Hardware,CD writer is not functioning,CD writer is not functioning,,,
Hardware,05R/IntelliSpace Portal Solutions/need parts,05R/IntelliSpace Portal Solutions/need parts,,,
Hardware,05R/Extended Brilliance Workspace/DVD_RW,05R/Extended Brilliance Workspace/DVD_RW,,,
Hardware,05L/IntelliSpace IX/LX Workstations/stuck,05L/IntelliSpace IX/LX Workstations/stuck,,,
Hardware,ISP Mouse is not functioning,ISP Mouse is not functioning,,,
Hardware,Wechat:SA:05R/IntelliSpace IX/LX/burner fault,Wechat:SA:05R/IntelliSpace IX/LX/burner fault,,,
Hardware,05K/IntelliSpace IX/LX Workstations/app logout automatically,05K/IntelliSpace IX/LX Workstations/app logout automatically,,,
Hardware,Wechat:01/IntelliSpace IX/LX Workstations/Mouse fault,Wechat:01/IntelliSpace IX/LX Workstations/Mouse fault,,,
Hardware,"Twice Friday and yesterday suddenly nothing works anymore, server ""pinged"" but no examination available.
Forced to completely restart.",At times nothing works,,,
Hardware,05R/IntelliSpace IX/LX Workstations/MOUSE FAULT,05R/IntelliSpace IX/LX Workstations/MOUSE FAULT,,,
Hardware,Diana Wisler asked support on email requesting help to troubleshoot a new CS reports issue reported by the customer,CS Report crashes and server slowness episode - new incident,,,
Hardware,Printer is not functioning in ISP,Printer is not functioning in ISP,,,
Hardware,Keyboard is not functioning,Keyboard is not functioning and ISP system is hanging,,,
Hardware,05R/Extended Brilliance Workspace/DVD ROM damage,05R/Extended Brilliance Workspace/DVD ROM damage,,,
Hardware,CD writer not working,CD writer not working,,,
Hardware,05R/Upgrades IntelliSpace IX/LX WrkStns/need parts,05R/Upgrades IntelliSpace IX/LX WrkStns/need parts,,,
Hardware,VIP-CLIENT-SCREEN WITH AN EROR: THE SYSTEM FOUND A HARDWARE FAILURE,VIP-Client-Pantalla With Eror: The system found a hardware failure,,,
Hardware,05R/Portal/can't work,05R/Portal/can not work,,,
Hardware,"Yesterday, the power was off. The ISP started up when it came in this morning.>> ping was also possible, so I think it can be used.",01CS:KK:???????????ISP?????????????>>Ping?????????????????????????,,,
Hardware,User unable to power workstation up.,User unable to power workstation up,,,
Hardware,DVD writer is not functioning,DVD writer is not functioning,,,
Hardware,05R/IntelliSpace IX/LX Workstations/DVD rom damage,05R/IntelliSpace IX/LX Workstations/DVD rom damage,,,
Hardware,DVD write not functioning,DVD write not functioning,,,
Hardware,EBW is not functioning,EBW is not functioning,,,
Hardware,"Can you please help open a ticket with support to reboot the following servers?

MHSISPTST01 Philips ISP IntelliSpace Portal (Concerto)",Reboot Portal Test Server,,,
Hardware,Multiple errors in ISP,Multiple errors in ISP,,,
Hardware,CD recorder is not working.,CD label is not working.,,,
Hardware,Advance Vessel analysis - reports errors.,Advance Vessel analysis - reports errors.,,,
Hardware,THE BURNER IS NOT WORKING,The burner is not working,,,
Hardware,SA?05R/IntelliSpace IX/LX Workstations/system problem,SA?05R/IntelliSpace IX/LX Workstations/system problem,,,
Hardware,CD  writer is not functioning,CD  writer is not functioning,,,
Hardware,Mouse not working,Mouse not working,,,
Hardware,01/IntelliSpace IX/LX Workst/Add Printer,01/IntelliSpace IX/LX Workst/Add Printer,,,
Hardware,The station fails again. We need to restart the computer to restore it.,The station fails again. You have to restart the computer to restore.,,,
Hardware,Non-functional overfedch.,DOBUCCI prefetch,,,
Hardware,"BURNER FAILURE, IT DOES NOT RECOGNIZE THE CD'S AND IT IS DIFFICULT TO RECORD",Burner failure does not recognize the CDs and it is difficult to record,,,
Hardware,Wechat:SA:05R/Extended Brilliance Workspace/Workstation cannot start,Wechat:SA:05R/Extended Brilliance Workspace/Workstation cannot start,,,
Hardware,SA:05R/IntelliSpace Portal Solutions/system power fault,SA:05R/IntelliSpace Portal Solutions/system power fault,,,
Hardware,02N/IntelliSpace Portal Solutions/Mouse malfunction,02N/IntelliSpace Portal Solutions/Mouse malfunction,,,
Hardware,Server is not functioning,Server is not functioning,,,
Hardware,WECHAT:05R/Extended Brilliance Workspace/Small EBW space,WECHAT:05R/Extended Brilliance Workspace/Small EBW space,,,
Hardware,DVD burning issue,DVD burning issue,,,
Hardware,Epson printer connected with PET-CT is not getting paper feed in printer not functioning,Epson printer connected with PET-CT is not getting paper feed in printer not functioning,,,
Hardware,OCAP:05R/IntelliSpace Portal Solutions/can't printe,OCAP:05R/IntelliSpace Portal Solutions/can not printe,,,
Hardware,CD not writing,CD not writing,,,
Hardware,MOUSE STOPPED WORKING,Mouse stopped working,,,
Hardware,IT DOES NOT BURN THE STUDIES,Does not burn studies,,,
Hardware,THERE IS NO SPACE IN THE LOCAL MEMORY AND IT IS NOT BECAUSE OF THE NUMBER OF STUDIES,There is no space in local memory and it is not for the amount of studies,,,
Hardware,SA:05R/IntelliSpace Portal Solutions/need parts,SA:05R/IntelliSpace Portal Solutions/need parts,,,
Hardware,05R/Extended Brilliance Workspace/record fault,05R/Extended Brilliance Workspace/record fault,,,
Hardware,SA:05R/Extended Brilliance Workspace/monitor fault,SA:05R/Extended Brilliance Workspace/monitor fault,,,
Hardware,ISP not functioning,ISP not functioning,,,
Hardware,05R/IntelliSpace Portal Solutions/The client computer is broken,05R/IntelliSpace Portal Solutions/The client computer is broken,,,
Hardware,05R/IntelliSpace IX/LX Workstations/Display malfunction,05R/IntelliSpace IX/LX Workstations/Display malfunction,,,
Hardware,System has reached its capacity limitation in reporting PC,System has reached its capacity limitation in reporting PC,,,
Hardware,"Multi-batches, which are configured on the client, do not strike for all on the server. Mr. Euler configured on the client.",Multi-volume batch that is configured on the client does not hit the server for all of them,,,
Hardware,restart server,restart server,,,
Hardware,Jetpack Crashes on workstation,Jetpack Crashes on workstation,,,
Hardware,05R/IntelliSpace Portal Solutions/ port can't power on,05R/IntelliSpace Portal Solutions/ port can not power on,,,
Hardware,"- If Vue RIS is running, loading a study in DynaCAD returns an error message ""Data loading failed. The program is shutting down"".
- The problem only seems to be related to DyanCAD. Opening the same study in IntelliSpace MM viewer works fine
- When closing Vue RIS, DynaCAD works
- The problem does not occur on Windows 7 workstations

Check the client log files in the folder SIKT_uxsjar@PC450666 on the server for errors related to DynaCAD.",DynaCAD fail to open when Vue RIS is active on Windows 10 workstations,,,
Hardware,Replacement of AET for a scanner.,scanning problem,,,
Hardware,05R/Extended Brilliance Wo/film problem,05R/Extended Brilliance Wo/film problem,,,
Hardware,05R/IntelliSpace Portal Solutions/monitor malfunction,05R/IntelliSpace Portal Solutions/monitor malfunction,,,
Hardware,05R/Extended Brilliance Workspace,05R/Extended Brilliance Workspace,,,
Hardware,SA:05R/Extended Brilliance Workspace/monitor display fault,SA:05R/Extended Brilliance Workspace/monitor display fault,,,
Hardware,into,no monitoring in the ldr area,,,
Hardware,Print preview with burn-in image on the screen/ Mouse cursor and measure tool is not aligned on the ISP Server,Print preview with burn-in image on the screen/ Mouse cursor and measure tool is not aligned on the ISP Server,,,
Hardware,DVD writing not possible,DVD writing not possible,,,
Hardware,"Server problem and impossible to connect.
The radiologist cannot interpret the examination.",Request for support - ISP - Aubagne,,,
Hardware,plug in not working,plug in not working,,,
Hardware,01/IntelliSpace Portal Solutions/ISP cannot be printed,01/IntelliSpace Portal Solutions/ISP cannot be printed,,,
Hardware,Wechat:SA:02N/ISP/The terminal is broken.,Wechat:SA:02N/ISP/The terminal is broken.,,,
Hardware,Wechat:05R/EBW/can't print,Wechat:05R/EBW/can not print,,,
Hardware,05R/Extended Brilliance Workspace/keyboard and mouse fault,05R/Extended Brilliance Workspace/keyboard and mouse fault,,,
Hardware,CD writer is not functioning in EBW,CD writer is not functioning in EBW,,,
Hardware,Reporting console not functioning,Reporting console not functioning,,,
Hardware,01/IntelliSpace IX/LX Workstations/disk free space low,01/IntelliSpace IX/LX Workstations/disk free space low,,,
Hardware,DVD writer is not functioning,DVD writer is not functioning,,,
Hardware,WECHAT:05R/Extended Brilliance Workspace/display card fault,WECHAT:05R/Extended Brilliance Workspace/display card fault,,,
Hardware,VIP-THE DIRECTORY DOES NOT OPEN,VIP-No opens the Board of Directors,,,
Hardware,one of the ISP servers usage peaking at 100% usage,one of the ISP servers usage peaking at 100% usage,,,
Hardware,"From a check it is not possible to open it from interface or at least to reach the server in RDP.

I ask you to check and if necessary a restart of the VM from VSphere interface, contact me.",The Inspace image server has again problems.,,,
Hardware,Workstation not opening,Workstation not opening,,,
Hardware,WeChat?05R/IntelliSpace Portal Solutions/Disk issues,WeChat?05R/IntelliSpace Portal Solutions/Disk issues,,,
Hardware,ISP system is not switching On,ISP system is not switching On,,,
Hardware,Unable to write CD,Unable to write CD,,,
Hardware,Having to reboot server several times a day.,Having to reboot server several times a day.,,,
Hardware,Workstation not opening,Workstation not opening,,,
Hardware,DVD writer is not functioning,DVD writer is not functioning,,,
Hardware,SPO2 reading is not appearing,SPO2 reading is not appearing,,,
Hardware,CD writer not functioning,CD writer not functioning,,,
Hardware,02N/IntelliSpace IX/LX Workstations/add printer,02N/IntelliSpace IX/LX Workstations/add printer,,,
Hardware,ISP and Main system mouse not functioning,ISP and Main system mouse not functioning,,,
Hardware,05R/IntelliSpace IX/LX Workstations/host computer can't be turned on,05R/IntelliSpace IX/LX Workstations/host computer can not be turned on,,,
Hardware,05R/IntelliSpace Portal Solutions//Need part,05R/IntelliSpace Portal Solutions//Need part,,,
Hardware,05K/IntelliSpace IX/LX Workstations/recorder failed,05K/IntelliSpace IX/LX Workstations/recorder failed,,,
Hardware,DVD writer not working,DVD writer not working,,,
Hardware,SA?05R/Extended Brilliance Workspace/keyboard failure,SA?05R/Extended Brilliance Workspace/keyboard failure,,,
Hardware,WeChat?05R/Extended Brilliance Workspace/Mouse and keyboard fault,WeChat?05R/Extended Brilliance Workspace/Mouse and keyboard fault,,,
Hardware,SA:01/IntelliSpace Portal Concerto/Equipment failure,SA:01/IntelliSpace Portal Concerto/Equipment failure,,,
Hardware,Keyboard is not functioning,Keyboard is not functioning,,,
Hardware,SA:02N/IntelliSpace IX/LX Workstations/connect,SA:02N/IntelliSpace IX/LX Workstations/connect,,,
Hardware,ISP mouse not functioning,ISP mouse not functioning,,,
Hardware,ISP DVD writer not functioning,ISP DVD writer not functioning,,,
Hardware,Disk recorder failure in the computer,The computer recorder fails,,,
Hardware,CD/DVD writer not functioning,CD/DVD writer not functioning,,,
Hardware,DVD writer is not functioning,DVD writer is not functioning,,,
Hardware,Mouse failure,Mouse ar; zas?,,,
Hardware,ISP mouse not functioning,ISP mouse not functioning,,,
Hardware,WeChat?SA:02N/IntelliSpace IX/LX Workstations/PC failure,WeChat?SA:02N/IntelliSpace IX/LX Workstations/PC failure,,,
Hardware,SA:05R/IntelliSpace Portal Solutions/monitor fault,SA:05R/IntelliSpace Portal Solutions/monitor fault,,,
Hardware,WeChat?01/IntelliSpace IX/LX Workstations/LCD,WeChat?01/IntelliSpace IX/LX Workstations/LCD,,,
Hardware,Client PC power supply not coming,Client PC power supply not coming,,,
Hardware,"User can log in, but no drive are opened no matter what server is the choos.
Original Text:
It can be logged into the program, but no drives are made. It doesn't matter which server is logged on.
Erik H?gh-Schmidt, Bispebjerg Hospital, R?ntgen Department, Phone: 30326953",No drives available,,,
Hardware,SA:01/Extended Brilliance Workspace/Mouse fault,SA:01/Extended Brilliance Workspace/Mouse fault,,,
Hardware,paper printer needs to install,paper printer needs to install,,,
Hardware,AVA failing creating bug report,AVA failing creating bug report,,,
Hardware,It's not recording CDs and there is no communication with the network.,Is not recording CD and without communication with network,,,
Hardware,"On behalf of Al Dhafra Hospitals, BIOMEDICAL ENGINEERING SECTION,
One Health company is proud to announce the new Biomedical Maintenance Contract with Al Dhafra Hospitals / SEHA, committed to provide a comprehensive support and service for all medical equipment in ADHs and its primary health care clinics, We look forward to your kind support to promote the high performance and best services at all times. 
 
Please see the corrective maintenance notification for the below Medical Equipment supplied to Al Dhafra ( MADINAT  ) Hospital for your immediate action.

WORKSTATION COMPUTER (INTELLISPACE PORTAL) NOT WORKING

Mr. Muhammed Nisar  ?  0569984536",CM/5-MAY-23/ADH-ZH-RA/COMPUTED TOMOGRAPHY SCANNER (COMPLETE SYSTEM)/PHILIPS/CT 6000...,,,
Hardware,THE WORKSTATION UPS DOES NOT WORK,NO FUNCIONA LA CPU DE LA WORKSTATION,,,
Hardware,wechat?01/IntelliSpace IX/LX Workstations/stuck,wechat?01/IntelliSpace IX/LX Workstations/stuck,,,
Hardware,02N/IntelliSpace IX/LX Workstations/transfer,02N/IntelliSpace IX/LX Workstations/transfer,,,
Hardware,Workstation is hanging,Workstation is hanging,,,
Hardware,The WS is not recording CD's.,NO records CD's,,,
Hardware,"The server does not restart itself, it only requires connecting an external keyboard.",The server does not restart Sam only requires an external keyboard is,,,
Hardware,The workstation fan on the tower is making a loud noise.,The workstation fan on the tower is making a loud noise.,,,
Hardware,"Dear Support,
 
 
My name is Joe Billings reaching out from Aneurin Bevan Health Board.
 
Server: 7A6AUSRVGAMCAM1 Serial No:702131
 
I am reaching out to log a call with your support desk. We have a system running an application called ?Jetpack? that is not currently functional. The portal has service has been re-started, however a number of our users are unable to scan from the Philips Gam Cam Server.
 
Issue: Program for doing gamma camera scanner - Jetpack is application name, error code : can't connect from the modality.
 
Spoke to engineer - He believes the Phillips portal needs restarting - Which is apparently in our server room (already performed)
 
Can this be looked into please, or could someone speak to myself regarding this issue. I have included my contact details should you wish to contact myself below:
 
07903 811882
 
 
Cofion cynnes/Kind Regards
 
Joseph Billings",ISP V11 - Aneurin Bevan Health Board - Server: 7A6AUSRVGAMCAM1 Serial No:702131 (Urgent),,,
Hardware,THE COMPUTER MOUSE DOES NOT WORK,The computer mouse doesn't work,,,
Hardware,ISP not working properly,ISP not working properly,,,
Hardware,DVD writer not working,DVD writer not working,,,
Hardware,Keyboard and Cursor is not functioning,Keyboard and Cursor is not functioning,,,
Hardware,05K/IntelliSpace IX/LX Workstations/burn slow,05K/IntelliSpace IX/LX Workstations/burn slow,,,
Hardware,02N/Upgrades IntelliSpace IX/LX WrkStns/Print fault,02N/Upgrades IntelliSpace IX/LX WrkStns/Print fault,,,
Hardware,UPS battery replacement,UPS battery replacement,,,
Hardware,05R/Extended Brilliance Workspace/burner fault,05R/Extended Brilliance Workspace/burner fault,,,
Hardware,CD  writer is not working,CD  writer is not working,,,
Hardware,EBW is not functioning,EBW is not functioning,,,
Hardware,SA:05R/IntelliSpace Portal Solutions/SW problem,SA:05R/IntelliSpace Portal Solutions/SW problem,,,
Hardware,WeChat?02N/IntelliSpace IX/LX Workstations/software report error,WeChat?02N/IntelliSpace IX/LX Workstations/software report error,,,
Hardware,05R/IntelliSpace Portal Solutions/keyboard fault,05R/IntelliSpace Portal Solutions/keyboard fault,,,
Hardware,05K For IB/IntelliSpace Portal Solution/client cannot power up,05K For IB/IntelliSpace Portal Solution/client cannot power up,,,
Hardware,"05K FOR IB/	IntelliSpace IX/LX Workstations/bug report collect prompt","05K FOR IB/	IntelliSpace IX/LX Workstations/bug report collect prompt",,,
Hardware,05R/Extended Brilliance Workspace/RECORDER,05R/Extended Brilliance Workspace/RECORDER,,,
Hardware,Machine is getting hanged unable to do processing and reporting server issue,Machine is getting hanged unable to do processing and reporting server issue,,,
Hardware,Machine is not getting on,Machine is not getting on,,,
Hardware,IT RESTARTS EVERY DAY,It restarts every day,,,
Hardware,05R/Extended Brilliance Workspace/Blue screen,05R/Extended Brilliance Workspace/Blue  screen,,,
Hardware,05R/IntelliSpace Portal Solutions/power down,05R/IntelliSpace Portal Solutions/power down,,,
Hardware,01/IntelliSpace IX/LX Workstations/add printer,01/IntelliSpace IX/LX Workstations/add printer,,,
Hardware,05R/Extended Brilliance Workspace/mouse,05R/Extended Brilliance Workspace/mouse,,,
Hardware,01/IntelliSpace Portal Solutions/mouse fault,01/IntelliSpace Portal Solutions/mouse fault,,,
Hardware,"The ""CT Viewer"" item replaced by the ""Cardiac Viewer"" item disappeared from the console in the subject line. Philips Technician Mr. Angelo (3485651964) is aware of the problem.",Ebw reconstructor,,,
Hardware,Wechat:05R/IntelliSpace IX/LX Workstations,Wechat:05R/IntelliSpace IX/LX Workstations,,,
Hardware,Failure in the DVD burner.,DVD FRAVATOR FAILURE,,,
Hardware,Extended Brilliance Workspace,Extended Brilliance Workspace,,,
Hardware,Mouse Problem,Mouse Problem,,,
Hardware,WeChat?05K FOR IB/IntelliSpace IX/LX Workstations,WeChat?05K FOR IB/IntelliSpace IX/LX Workstations,,,
Hardware,ISP workstation operation failure,YY:ISP?????????????,,,
Hardware,WeChat?05R/Extended Brilliance Workspace/crash,WeChat?05R/Extended Brilliance Workspace/crash,,,
Hardware,05R/Extended Brilliance Workspace/system too slow,05R/Extended Brilliance Workspace/system too slow,,,
Hardware,05R/IntelliSpace IX/LX Workstations/nemo DVDRW,05R/IntelliSpace IX/LX Workstations/nemo DVDRW,,,
Hardware,05R/IntelliSpace IX/LX Workstations//DVD record fault,05R/IntelliSpace IX/LX Workstations//DVD record fault,,,
Hardware,WECHAT:02N/IntelliSpace IX/LX Workstations/print error,WECHAT:02N/IntelliSpace IX/LX Workstations/print error,,,
Hardware,SA:01/IntelliSpace IX/LX Workstations/print error,SA:01/IntelliSpace IX/LX Workstations/print error,,,
Hardware,keyboard is not working properly of ISP client,keyboard is not working properly of ISP client,,,
Hardware,Mouse is not working properly of ISP client,Mouse is not working properly of ISP client,,,
Hardware,Monitor needs to be replaced per Physicist,Q/O,,,
Hardware,DISK IS FULL,Full disc,,,
Hardware,THE SYSTEM CANNOT BE STARTED,NO SE PUEDE INICIAR EL SISTEMA,,,
Hardware,SA?01/IntelliSpace IX/LX Workstations/DVD RW fault,SA?01/IntelliSpace IX/LX Workstations/DVD RW fault,,,
Hardware,SA:01/IntelliSpace Portal Solutions/Installing a burner,SA:01/IntelliSpace Portal Solutions/Installing a burner,,,
Hardware,05R/IntelliSpace Portal Solutions/client cannot power up,05R/IntelliSpace Portal Solutions/client cannot power up,,,
Hardware,05R/IntelliSpace Portal Solutions/cannot film,05R/IntelliSpace Portal Solutions/cannot film,,,
Hardware,WeChat?01/IntelliSpace IX/LX Workstations/print failed,WeChat?01/IntelliSpace IX/LX Workstations/print failed,,,
Hardware,ISP DVD writer not functioning and Unable to transfer to ISP,ISP DVD writer not functioning and Unable to transfer to ISP,,,
Hardware,Has bad keyboard.,0998CDN8CS09  Has bad keyboard.,,,
Hardware,SA:05R/Extended Brilliance Workspace/cann't print image,SA:05R/Extended Brilliance Workspace/cann't print image,,,
Hardware,Wechat:01/IntelliSpace IX/LX Workstations/cann't print,Wechat:01/IntelliSpace IX/LX Workstations/cann't   print,,,
Hardware,05R/Extended Brilliance Workspace/The computer cannot be turned on,05R/Extended Brilliance Workspace/The computer cannot be turned on,,,
Hardware,05R/IntelliSpace IX/LX Workstations/stuck,05R/IntelliSpace IX/LX Workstations/stuck,,,
Hardware,EBW DVD writer not functioning,EBW DVD writer not functioning,,,
Hardware,The reporting monitor does not turn on anymore. Tried to start but it does not work.,Refiring monitor does not turn on more,,,
Hardware,EBW monitor is not getting on,EBW monitor is not getting on,,,
Hardware,Workstation VRC is not functioning,Workstation VRC is not functioning,,,
Hardware,"Operation is s heavy.When I checked the server, two of the four server manager menus were red.>> when I checked it remotely, everything was green.After that, the operation improved.Wait.",01CS:KK:???????Server??????Server manager?4?????????2??????????>>???????????????????????????????????????,,,
Hardware,01/Extended Brilliance Workspace/RECORDER FAULT,01/Extended Brilliance Workspace/RECORDER FAULT,,,
Hardware,Wechat:05R/IntelliSpace IX/LX Workstations/Image printing failure,Wechat:05R/IntelliSpace IX/LX Workstations/Image printing failure,,,
Hardware,05R/Extended Brilliance Workspace/burner fault,05R/Extended Brilliance Workspace/burner fault,,,
Hardware,05R/IntelliSpace IX/LX Workstations/print failed,05R/IntelliSpace IX/LX Workstations/print failed,,,
Hardware,SA:05R/IntelliSpace Portal Solutions/DVD record failed,SA:05R/IntelliSpace Portal Solutions/DVD record failed,,,
Hardware,Non-functional overfedch.,DOBUCCI prefetch,,,
Hardware,05R/Extended Brilliance Workspace/print failed,05R/Extended Brilliance Workspace/print failed,,,
Hardware,ISP CD  is burning,ISP CD not  is burning,,,
Hardware,"Good morning, we are not succeeding in printing from portal, tried on several clients, the printing tool is not accessible.",Portal print,,,
Hardware,Getting intermittent report score score instead of numeric value,Getting intermittent report score score instead of numeric value,,,
Hardware,ISP is off,ISP is off,,,
Hardware,follow up activity for case 41444369 to investigate the root cause of this incident,ISP concerto server 3 incident: log analysis and investigation,,,
Hardware,ISP generating bug reports in reporting - The bug rep time is 11:03am est,ISP generating bug reports in reporting - Please loop in Philips Employee Evelyn roehr,,,
Hardware,Mouse is not functioning in ISP system,Mouse is not functioning in ISP system,,,
Hardware,Change of IP address on the ISP server.,Changing IP address ISP server,,,
Hardware,Problem on a workstation. Windows message: uninstal and re-install the portal application. The error messages disappeared except slow-down and frizz of the perciste application.,problem at a workstation,,,
Hardware,05R/IntelliSpace Portal Solutions/move isp,05R/IntelliSpace Portal Solutions/move  isp,,,
Hardware,Equipment has problems with RAM memories.,Server is restarted daily,,,
Hardware,Concerto - Low space in D drive,Concerto - Low space in D drive,,,
Hardware,CD writer is not functioning,CD writer is not functioning,,,
Hardware,Workstation Keyboard and mouse is not functioning,Workstation Keyboard and mouse is not functioning,,,
Hardware,02N/IntelliSpace IX/LX Workstations/print failed,02N/IntelliSpace IX/LX Workstations/print failed,,,
Hardware,"Blank images in DynaCAD report, as reported by MR clinical apps",Blank images in DynaCAD report,,,
Hardware,Printer is ot functioning,Printer is ot functioning,,,
Hardware,Wechat:05R/IntelliSpace IX/LX Workstations/cann't print,Wechat:05R/IntelliSpace IX/LX Workstations/cann't  print,,,
Hardware,01/IntelliSpace Portal Solutions/Keyboard malfunction,01/IntelliSpace Portal Solutions/Keyboard malfunction,,,
Hardware,05R/IntelliSpace Portal Solutions//DVD recorder,05R/IntelliSpace Portal Solutions//DVD recorder,,,
Hardware,ISP not coming on system,ISP not coming on system,,,
Hardware,DVD writer is not functioning,DVD writer is not functioning,,,
Hardware,CD Driver is not working,CD Driver is not working,,,
Hardware,Wechat:05R/IntelliSpace Portal Solutions/DVD broken,Wechat:05R/IntelliSpace Portal Solutions/DVD broken,,,
Hardware,ISP IS NOT FUNCTIONING,ISP IS NOT FUNCTIONING,,,
Hardware,05R/Extended Brilliance Workspace/Blue screen,05R/Extended Brilliance Workspace/Blue screen,,,
Hardware,Database error.,Errore database,,,
Hardware,Ram memory error,RAM memory error,,,
Hardware,02N/IntelliSpace Portal Solutions/portal server cannot power up,02N/IntelliSpace Portal Solutions/portal server cannot power up,,,
Hardware,"It is reported that the second monitor of the workstation does not start with message ""no signal""
Department of Radiology.",A workstation monitor does not light up,,,
Hardware,05R/Extended Brilliance Workspace/The computer cannot be turned on,05R/Extended Brilliance Workspace/The computer cannot be turned on,,,
Hardware,The power button is blinking yellow along with numbers 1 & 3 blinking green.,The power button is blinking yellow along with numbers 1 & 3 blinking green.,,,
Hardware,05R/IntelliSpace Portal Solutions/nemo mouse,05R/IntelliSpace Portal Solutions/nemo mouse,,,
Hardware,"User registered in the old directory, when they try to access the second server it gives an error, does not allow it
Portal Cardiologia IP 10.42.172.204 (here it works)
Radiology IP 10.42.172.203 (the server does not manage to login)

Location of the equipment: 
When did the failure happen?:
When will the equipment be available for intervention? What is the best day or time?:
Was the equipment in clinical use when the failure occurred?: Yes","User with Alta in the former board, when he tries to access the second server fails, he does not allow it",,,
Hardware,Memory problems,Storage problems,,,
Hardware,"When loading a study into AVA, if you film your curved MPR?s , you cannot save the VR.  The application errors out and closes.   One must remember to bookmark, close the app and reopen to get it to save the VR.",ou cannot save the VR,,,
Hardware,05R/IntelliSpace IX/LX Workstations/record fault,05R/IntelliSpace IX/LX Workstations/record fault,,,
Hardware,The USB hard disk stopped being displayed on the local device.,The USB hard disk stopped being displayed on the local device.,,,
Hardware,Mouse is not functioning in Workstation,Mouse is not functioning in Workstation,,,
Hardware,Reduced disk activity,Reduced disk activity,,,
Hardware,05L/Upgrades IntelliSpace IX/LX WrkStns/Print failed,05L/Upgrades IntelliSpace IX/LX WrkStns/Print failed,,,
Hardware,Raid disk failure (HP repair work).,SC:raid disk????HP???????,,,
Hardware,portal server not functioning,portal server not functioning,,,
Hardware,CD  writer is not functioning,CD  writer is not functioning,,,
Hardware,ISP CD  drive not functioning,ISP CD  drive not functioning,,,
Hardware,Workstation not opening moue and keyboard not working,Workstation not opening moue and keyboard not working,,,
Hardware,lost keyboard due to power outage,0902CDY70S09   lost keyboard due to power outage,,,
Hardware,images not going to Stradus PACs and Reverse image transfer is not happening and DVD writer not functioning and One node node configuration required,images not going to Stradus PACs and Reverse image transfer is not happening and DVD writer not functioning and One...,,,
Hardware,05R/IntelliSpace IX/LX Workstations/cann't print,05R/IntelliSpace IX/LX Workstations/cann't  print,,,
Hardware,02N/IntelliSpace Portal Solutions/Cannot start ISP,02N/IntelliSpace Portal Solutions/Cannot start ISP,,,
Hardware,Wechat:05R/Extended Brilliance Workspace/system fault,Wechat:05R/Extended Brilliance Workspace/system fault,,,
Hardware,ISP client not work.,ISP client not work.,,,
Hardware,05R/Extended Brilliance Workspace/DISK,05R/Extended Brilliance Workspace/DISK,,,
Hardware,DVD writer of ISP not working,DVD writer of ISP not working,,,
Hardware,It is reported that when from the portal of opening the DTI of Siemens it does not work (always worked previously.,DTI della Siemens does not work,,,
Hardware,report error occurred,report error occurred,,,
Hardware,THE BURNERS OF THE WORKSTATION ARE NOT WORKING,The burns of the work station are not working,,,
Hardware,ISP mouse not working,ISP mouse not working,,,
Hardware,DVD Burn Problem,DVD Burn Problem,,,
Hardware,"What happened? Workstation's comp does not work, possible to replace screen
When? Yesterday
In a medical event? It is a clinical act.
Best day to handle it? Inmediate 
Another person to keep informed? 
Nuclear Medicine Serv Floor
Telephone 07 06 2023","Compa of workstation does not work, it is possible to replace ecran",,,
Hardware,DVD drive not working,DVD drive not working,,,
Hardware,EBW has noise,EBW has noise,,,
Hardware,no report from MRI and CT modality from 05/24/2023,no report from MRI and CT modality from 05/24/2023,,,
Hardware,Workstation does not turn on,Workstation nao liga,,,
Hardware,Workstation not functioning,Workstation not functioning,,,
Hardware,"Abnormal fan sound from the CT - workstation CPU, kindly fix this issue asap.","Abnormal fan sound from the CT - workstation CPU.,",,,
Hardware,3 NM Dept workstations having issues,3 NM Dept workstations having issues,,,
Hardware,05R/Extended Brilliance Workspacel/disk,05R/Extended Brilliance Workspacel/disk,,,
Image Related,"The MRI system failed to receive the images.
Radiology",Failure to receive images from resonance.,,,
Image Related,01/Upgrades IntelliSpace IX/LX WrkStns/Image loss,01/Upgrades IntelliSpace IX/LX WrkStns/Image loss,,,
Image Related,Images in intelispace workstation cannot be sent to sectra and device.,Intelispace i? The days at the station cannot be trained to the prayer and the device,,,
Image Related,Image transfer is not possible,Image transfer is not possible,,,
Image Related,01/IntelliSpace IX/LX Workstations/cann't transfer image,01/IntelliSpace IX/LX Workstations/cann't transfer image,,,
Image Related,into,ISP12 MR Perfusion (T1 & Neuro) Color maps that saved in RGB mode are incorrect.,,,
Image Related,"Good morning, dear all, could you check the operation of the portals described above, since we see a lot of errors very often and they also report problems with the tickets.-",Verification of Isportal Arenales and Belgrano,,,
Image Related,01/IntelliSpace IX/LX Workstations/Workstation cannot take pictures,01/IntelliSpace IX/LX Workstations/Workstation cannot take pictures,,,
Image Related,01/IntelliSpace IX/LX Workstations/Image transmission restart bug,01/IntelliSpace IX/LX Workstations/Image transmission restart bug,,,
Image Related,SA?01/IntelliSpace Portal Solutions/cann't transfer image,SA?01/IntelliSpace Portal Solutions/cann't transfer image,,,
Image Related,02G/Upgrades IntelliSpace Portal/consult for image transfer,02G/Upgrades IntelliSpace Portal/consult for image transfer,,,
Image Related,Left and Right orientation not holding correctly for virtual endo,Left and Right orientation not holding correctly for virtual endo,,,
Image Related,05R/IntelliSpace Portal Solutions/cann't transfer image,05R/IntelliSpace Portal Solutions/cann't transfer image,,,
Image Related,"On our PACS Autorouting to Intellispace Portal, we currently have the setup of CT, MR and PT studies to be routed automatically .
We would like to include the ?NM? modality as well to the autorouting rule.",Routing of NM modality studies to ISP,,,
Image Related,"Issue: Malfunction
Error description: No images are being sent to the PACS.
Error message:-
Error occurred on: 12.01.2023
Location: EDP",No pictures are sent to the Pacs.,,,
Image Related,01/IntelliSpace IX/LX Workstations/cann't delete image,01/IntelliSpace IX/LX Workstations/cann't delete image,,,
Image Related,"Images can be reconstructed but they are not being passed to PACS.
Location: Floor -2, Hosp. Quiron Salud Malaga",The images can be rebuilt but they do not pass to the PACS,,,
Image Related,"The studies are not loaded correctly, images are not displayed.",Problem loading studies,,,
Image Related,unable to send studies from PET/CT modality to ISP server.,unable to send studies from PET/CT modality to ISP server.,,,
Image Related,Question about having another remote devise on applications for copying images.,Question about having another remote devise on applications for copying images.,,,
Image Related,05R/IntelliSpace Portal Solutions/cannot transfer image,05R/IntelliSpace Portal Solutions/cannot transfer image,,,
Image Related,"Reported problem: Studies are retrieved but when viewing images or performing reconstruction, it does not work.
Location of the equipment: - 
When did the failure happen?: For a couple of days
When will the equipment be available for intervention? What is the best day or time?: As soon as possible
Was the equipment in clinical use when the failure occurred?: Yes","They recover their studies but when visualizing images or reconstruction, it does not work",,,
Image Related,the system is not transferring patients images to ISP workstation.,the system is not transferring patients images to ISP workstation.,,,
Image Related,Images in ISP do not open with SSL turned on.,Images in ISP don't open? si? with SSL,,,
Image Related,POSTPROCESSES ARE NOT SENT TO PACS.,POSTPROCESSES ARE NOT SENT TO PACS.,,,
Image Related,Problem when downloading studies,Problem downloading studies,,,
Image Related,into,very bad CT Cardio segmentation with good data set,,,
Image Related,Does not load the image studies in the portal. It comes out looking for the corresponding series,Do not load the image study on the portal. Go looking for series,,,
Image Related,They cannot download the images from The Root to the local and the Philips portal does not work.,You can't download Raimalma's images to the premises and the Philips portal does not work,,,
Image Related,Problems sending postprocessing from angiotomographies to PACS,Problems to send the postprocessing of angiotomographs to PACS,,,
Image Related,Diacom image not retrieve from ISP,Diacom image not retrieve from ISP,,,
Image Related,"Caution: This e-mail originated from outside of Philips, be careful for phishing. 

Best

Is it possible to reboot the ISP, it no longer receives images from the Brightview XCT. 
Is it possible to inform me as soon as possible when this has happened. So I can put the device back into use.

Kind regards,

Eva De Sestheleire - Nursing Isotopes - AZ JAN PALFIJN GENT
Laan 5 - 9000 Gent - T +32 (0) 9 224 82 11 - eva.deschampheleire@janpalfijngent.be - www.janpalfijn.be",ISP receives no images,,,
Image Related,images are not moving from pacs to xper,images are not moving from pacs to xper,,,
Image Related,DOES NOT RECEIVE IMAGES FROM ANY OF THE TWO RESONANCES,Does not receive images of any of the two resonances,,,
Image Related,It seems that SRVIPE02 is not receiving studies,It seems that SRVIPE02 is not receiving studies,,,
Image Related,"Today's siemens TAC studies are not being passed to the Portal.
IP: 81644661
PO: 2477781",2477781- TODAY STUDIES OF THE TAC Siemens do not go to the portal,,,
Image Related,Left and Right orientation not holding correctly for virtual endo,ISP12 CT-Viewer Customer claim that Left and Right orientation not holding correctly for virtual endo,,,
Image Related,Cannot send image to PACS,Cannot send image to PACS,,,
Image Related,Cannot send image to PACS,Cannot send image to PACS,,,
Image Related,02N/IntelliSpace Portal Solutions/image can't transfer,02N/IntelliSpace Portal Solutions/image can't transfer,,,
Image Related,"ISP server jumps, impossible to do transfers.",Image transfer problem,,,
Image Related,"Not highlighting appropriate parts of anatomy,  when pulled up had a lot of anatomy not properly assigned.","Not highlighting appropriate parts of anatomy,  when pulled up had a lot of anatomy not properly assigned.",,,
Image Related,05R/ IntelliSpace Portal/Image cannot be transferred,05R/ IntelliSpace Portal/Image cannot be transferred,,,
Image Related,Image quality problem on skull exam of January 26,Follow-up of yesterday Wo-07630005-,,,
Image Related,"Little residual space and very slow in processing the images.
Radiodiagnostics - RMN sector.",Little residual space,,,
Image Related,into,ISP12 sCTV Spectral Lable show in Film Batch although the setting is to turn it off,,,
Image Related,into,ISP12 CT VC ?Apply cleansing? for fecal tagging oral contrast is disabled and does not work,,,
Image Related,into,AVW15: PD user unable to delete patient images,,,
Image Related,"From the Vigo Hospital they tell us that they cannot open a study with the ISP AVA application, when we try to see the study it is loading and ends up closing the window.",SPACS - PORTAL - CHV - Problem when opening study with Ava,,,
Image Related,DVD read and write drive is not operating cannot pull pre archived images or archive anything new,DVD read and write drive is not operating cannot pull pre archived images or archive anything new,,,
Image Related,The image transfers are not done anymore.,Transfert problems,,,
Image Related,02N/IntelliSpace IX/LX Workstations/cannot trans images,02N/IntelliSpace IX/LX Workstations/cannot trans images,,,
Image Related,05R/Unable to upload image/Unable to upload image,05R/Unable to upload image/Unable to upload image,,,
Image Related,01/IntelliSpace IX/LX Workstations/image transfer,01/IntelliSpace IX/LX Workstations/image transfer,,,
Image Related,Unable to push images to workstation,Unable to push images to workstation,,,
Image Related,"Images not going across to PACS. Studies are coming from CT scanner to ISP fine, but when copied to PACS2, they get stuck in the Queue Manager (QM)",Images not going across to PACS,,,
Image Related,"Issue: Malfunction
Error description: No images are being sent into the PACS.
From ISP to PACS.
Error message:-
Error occurred on the last few days",No pictures are sent to the Pacs.,,,
Image Related,Image transfer from ISP to Image Inspection 2 is stopped.>> recovered when he restarted the ISP server.,01CS:KK:ISP????2??????????????>>ISP???????????,,,
Image Related,"The studies (curve images, breast studies, etc.) are not sent to PACS automatically and it only happens with the user.

It has been happening for 2 weeks.",Studies are not being sent to PACS automatically,,,
Image Related,into,ISP12: AVA user can't see the whole body & neck rang - moving split line up the system fails or removes the needed data,,,
Image Related,05R/Extended Brilliance Workspace/transfer,05R/Extended Brilliance Workspace/transfer,,,
Image Related,05R/Brilliance Workspace Portal/image transfer failed,05R/Brilliance Workspace Portal/image transfer failed,,,
Image Related,SOME CT STUDIES ARE NOT BEING PERFORMED.,They are not going through some TC studies,,,
Image Related,Unable to open images in ISP,Unable to open images in ISP,,,
Image Related,01/IntelliSpace IX/LX Workstations/images transfer error,01/IntelliSpace IX/LX Workstations/images transfer error,,,
Image Related,Unable to transfer images to ISP,Unable to transfer images to ISP,,,
Image Related,"Dr. Anton Paul reports that the images from St. Georg, do not arrive on the ISP. Neither from the modality nor from the PACS (teleradiology target)",Data from St. Georg do not arrive on the ISP,,,
Image Related,01/IntelliSpace IX/LX Workstations/image retrieve from PACS failed,01/IntelliSpace IX/LX Workstations/image retrieve from PACS failed,,,
Image Related,"Customer is trying to send images from the unit to the PAC system but the images are not crossing over, and its giving error message due to this.","Customer is trying to send images from the unit to the PAC system but the images are not crossing over, and its...",,,
Image Related,The post displays but it does not download the images of the examinations present on the PACS. Restarted without benefit.,Don't download the images from the Pacs,,,
Image Related,It is not reconstructing the studies from other units,It is not doing reconstructing exams of the other units,,,
Image Related,ISP server experiencing slownes,ISP server experiencing slownes,,,
Image Related,WeChat?SA:02N/IntelliSpace Portal Solutions/Transfer image,WeChat?SA:02N/IntelliSpace Portal Solutions/Transfer image,,,
Image Related,Image transfer is not happening,Image transfer is not happening,,,
Image Related,Sending images from ISP 2 to PACS is not working.,Sending images to PACS fails.,,,
Image Related,Customer is again experiencing issues with the DynaCAD application in ISP not automatically triggering processing on certain studies. User also requested instruction on how to initiate processing manually.,DynaCAD is not automatically processing,,,
Image Related,WeChat?05R/Extended Brilliance Workspace/Transmission failure,WeChat?05R/Extended Brilliance Workspace/Transmission failure,,,
Image Related,05R/IntelliSpace Portal Solutions/Don't delete images,05R/IntelliSpace Portal Solutions/Don't delete images,,,
Image Related,01/IntelliSpace IX/LX Workstations/inages transfer error,01/IntelliSpace IX/LX Workstations/inages transfer error,,,
Image Related,05R/IntelliSpace Portal Solutions/system halt,05R/IntelliSpace Portal Solutions/system halt,,,
Image Related,Image failure,Image failure,,,
Image Related,into,ISP12 CT Liver segmentation: portal and hepatic veins not correct when having significant pathology and abnormalities,,,
Image Related,"The images do not reach the Portal or PACS. 
Location: Radiology, Ground Floor.",The images do not reach the portal or the PACS.,,,
Image Related,"The images do not reach the Portal or PACS.
Location: Radiology, Ground Floor.",The images do not reach the portal or the PACS.,,,
Image Related,Unable to send images over,Unable to send images over,,,
Image Related,05R/Extended Brilliance Workspace/images transfer failed,05R/Extended Brilliance Workspace/images transfer failed,,,
Image Related,ISP Images are not transfering to Printer and PACS,ISP Images are not transfering to Printer and PACS,,,
Image Related,into,AVW15/MRC: Bug rep observed occasionally when interacting with New cardiac suite application (TFS DEFECT1481409),,,
Image Related,into,ISP12 BP Auto Results adds the cerebral mask and vein/artery to each batch it creates,,,
Image Related,Problem transferring images and the doctors cannot interpret anymore.,ISP - CROLLES - Image transfer problem on ISP,,,
Image Related,Image transfer problem,Image transfer problem,,,
Image Related,"Issue: Malfunction
Error description: The associated Intellispace does not send the images into the PACS.
Error message: Failed - on queue
Error occurred on: A few weeks ago",Forwarding the pictures to the PACS not possible,,,
Image Related,05L/Portal/image trnasfer issuse,05L/Portal/image trnasfer issuse,,,
Image Related,02N/IntelliSpace IX/LX Workstations/software running slowly,02N/IntelliSpace IX/LX Workstations/software running slowly,,,
Image Related,"Issue malfunction: Portal no longer accepts images.
Remote access will be opened.",Portal no longer takes pictures.,,,
Image Related,There are problems in the volume and flow maps of the T2* perfusion application.,ISP12 MR T2* perfusion maps includes blank arias.,,,
Image Related,05L//IntelliSpace IX/LX Workstations/Unable to transmit pictures,05L//IntelliSpace IX/LX Workstations/Unable to transmit pictures,,,
Image Related,Reason: slowness in sending the reconstructed images to PACS and equipment,Reason: Lentidal in sending reconstructed images to PACS and equipment,,,
Image Related,02N/IntelliSpace IX/LX Workstations/cann't transfer image,02N/IntelliSpace IX/LX Workstations/cann't transfer  image,,,
Image Related,05L/IntelliSpace Portal Solutions/IMAGE TRANSFER GAIL,05L/IntelliSpace Portal Solutions/IMAGE TRANSFER GAIL,,,
Image Related,into,ISP12 AVA When selecting Batch preset the UI doesn't show its correct parameters.,,,
Image Related,"Issue malfunction

No images can be sent to PACS, they do not arrive, although the server tried, occurred on 27.2. 
Data, etc., can be entered, but the results are not transferred",No pictures in the Pacs,,,
Image Related,Display problem,PB d?affichage,,,
Image Related,"When a certain patient's head images are sliced and transferred, it fails.",08DS:AW:??????????????????????Fail???,,,
Image Related,05R/IntelliSpace IX/LX Workstations/Transmission failure,05R/IntelliSpace IX/LX Workstations/Transmission failure,,,
Image Related,RMSE:05R/Extended Brilliance Workspace/Unable to transmit pictures,RMSE:05R/Extended Brilliance Workspace/Unable to transmit pictures,,,
Image Related,"Despite your intervention on 10.02, artifacts are still found on image.",Artifacts on image,,,
Image Related,Image not transferring,Image not transferring,,,
Image Related,Image failure.,Image failure,,,
Image Related,Image failure.,Image failure,,,
Image Related,Unable to pull images from pacs,Unable to pull images from pacs,,,
Image Related,Tac images are not arriving,The images of the TAC do not arrive,,,
Image Related,02N/IntelliSpace IX/LX Workstations/transfer,02N/IntelliSpace IX/LX Workstations/transfer,,,
Image Related,"Customer reported that some studies failed to cross to PACS this morning. 
Behavior was no longer occurring but we were resquested to check on the server to make sure that everything was correct.",ISP server check,,,
Image Related,SA:05R/IntelliSpace Portal Solutions/image cannot open,SA:05R/IntelliSpace Portal Solutions/image cannot open,,,
Image Related,SA:05R/Upgrades IntelliSpace Portal/Unable to process image,SA:05R/Upgrades IntelliSpace Portal/Unable to process image,,,
Image Related,Cannot receive DICOM Helix from Siemens CT,ISP12 cannot receive DICOM Helix from Siemens CT Scanner NAEOTOM Alpha,,,
Image Related,The service requests to create an access to be able to send the images from the portal to the resonance,Send images of the portal to resonance,,,
Image Related,02N/IntelliSpace IX/LX Workstations/images transfer error,02N/IntelliSpace IX/LX Workstations/images transfer error,,,
Image Related,Cannot transfer images from IQon to ISP.>> transfer from IQon to other is possible.A red lamp is lit on the ISP slave server.,01DS:KK:IQon??ISP???????????>>IQon??????????ISP????????????????,,,
Image Related,Request for parameters to correct the slowness retrieving data. Some examinations do not finish their transfer.,Slowness to increase the exams.,,,
Image Related,into,ISP12 AVA Editing vessels brings back into the image items that was originally removed with bone removal,,,
Image Related,The portal does not transmit the images on the portal.,Transmission problem,,,
Image Related,into,ISP12 CT CCA new algorithm does not extract many vessels,,,
Image Related,"FROM THE ISP WORKSTATION OF MY EQUIPMENT, THE IMAGES ARE NOT COMING OUT TO THE PACS AND THE PRINTING AREA.",DE LA ESTACI?N DE TRABAJO ISP DE MI EQUIPO NO SALEN LAS IM?GENES NI AL PACS Y AL ?REA DE IMPRESI?N.,,,
Image Related,SA:01/IntelliSpace IX/LX Workstations/Flashback when processing images,SA:01/IntelliSpace IX/LX Workstations/Flashback when processing images,,,
Image Related,Unable to transfer images,Unable to transfer images,,,
Image Related,"The IT department launched the batch of the office, this item corrected the access to the examinations from the customer but not the transfers.",Impossible to transfer images to Is Portal,,,
Image Related,Graph issue in strain,ISP12 MR Strain Images showing blank in Pdf report,,,
Image Related,can't delet exam to process image for ROI,can't delet exam to process image for ROI,,,
Image Related,Wechat?SA:05L/IntelliSpace IX/LX Workstations/Unable to retrieve image from pacs,Wechat?SA:05L/IntelliSpace IX/LX Workstations/Unable to retrieve image from pacs,,,
Image Related,"Cannot open the examinations on the portal, opens the file, the images do not appear.",probl?me  d'acc?s,,,
Image Related,WeChat?OCAP:05R/IntelliSpace IX/LX Wor/Image transmission failure,WeChat?OCAP:05R/IntelliSpace IX/LX Wor/Image transmission failure,,,
Image Related,Unable to transfer images,Unable to transfer images,,,
Image Related,SA:05R/Upgrades IntelliSpace Portal/images transfer to pacs failed,SA:05R/Upgrades IntelliSpace Portal/images transfer to pacs failed,,,
Image Related,05R/IntelliSpace IX/LX Workstations/pacs problem,05R/IntelliSpace IX/LX Workstations/pacs problem,,,
Image Related,05K/IntelliSpace IX/LX Workstations/cann't delete image,05K/IntelliSpace IX/LX Workstations/cann't delete  image,,,
Image Related,"When retrieving images on the PACS, the images arrive degraded and cannot be read on the console even though they were on the PACS.",Pb qualit? image,,,
Image Related,No one can send images to the Portal,No one can send images to the Portal,,,
Image Related,"User 1shw in ISP 1 has an issue with sending images to PACS and other locations. He is not able to send at all.

If more details are needed, please call Daniel Martin 08-12378088",ISP 1 have issue to send images.,,,
Image Related,05R/IntelliSpace IX/LX Workstations/Image transmission failure,05R/IntelliSpace IX/LX Workstations/Image transmission failure,,,
Image Related,Study image will not load only going up to 80 percent,Study image will not load only going up to 80 percent,,,
Image Related,05R/IntelliSpace IX/LX Workstations/Image transmission failure,05R/IntelliSpace IX/LX Workstations/Image transmission failure,,,
Image Related,RMSE?02N/IntelliSpace IX/LX Workstations/image fault,RMSE?02N/IntelliSpace IX/LX Workstations/image fault,,,
Image Related,05K/IntelliSpace IX/LX Workstations//can't retrieve image from other nodes,05K/IntelliSpace IX/LX Workstations//can not retrieve image from other nodes,,,
Image Related,01/IntelliSpace IX/LX Workstations/cann't delete the image,01/IntelliSpace IX/LX Workstations/cann't delete  the image,,,
Image Related,"Problem with the MRI, the ISP will take time to load the examinations and scroll through the sequences.

Obstructs the interpretation.",Slowdown in the ISP,,,
Image Related,Original multibatches are not working on studies at Samaritan. It works on images from one scanner but not the other scanner,Multibatch with AVA studies,,,
Image Related,01/IntelliSpace IX/LX Workstations/Image cannot be opened,01/IntelliSpace IX/LX Workstations/Image cannot be opened,,,
Image Related,On the workstation it reconstructs images but it is not able to send.,He cannot send images,,,
Image Related,"Issue: Malfunction
Error description: ID 45401841 NONE ATTENTION: Sales order number and line item is missing on the IP. This will affect cost settlement on installation cases. Have this rectify with the installed base administrator before proceeding.
Transmission of the data is extremely slow. Request for check.",The data is extremely slow.,,,
Image Related,into,"ISP12 XD3 Nuclear Medicine (Mirada) save range creates n independent images, not one series with n images",,,
Image Related,Unable to transfer image and Getting storage full,Unable to transfer image and Getting storage full,,,
Image Related,customer reported an issue to launch 2 series from 2 different studies at same time in NMViewer,NMViewer incident - issue to launch series in PACS integration,,,
Image Related,"a. Siemens data when patient is restless they do 2 types of studies
b. SAX INTP (interpolated data which is gated but will not load)
c. Cine phase real time SAX that will load but not sure if they are getting true values since it is not gated",ISP12 MR Cardiac doesn't load data from Siemens created by protocol for restless patient.,,,
Image Related,01/IntelliSpace IX/LX Workstations/image open slow,01/IntelliSpace IX/LX Workstations/image open slow,,,
Image Related,Intermittent issue with transferring images Dynacad between ISP. See an email for more detailed info.,Intermittent issue with transferring images Dynacad between ISP,,,
Image Related,into,ISP12 AVA no longer have tools for update vessel on volume which were available in ISP10,,,
Image Related,into,ISP12: AVA unlike in ISP10 user can't add stent pieces and missing vessels back to the VR image,,,
Image Related,into,ISP12: AVA Add vessel by seed doesn't work consistently,,,
Image Related,01/IntelliSpace IX/LX Workstations/can't delete images,01/IntelliSpace IX/LX Workstations/can not delete images,,,
Image Related,Image Transfer Problem,Image Transfer Problem,,,
Image Related,Problem transferring images because images are slow to arrive.,Image transfer problem,,,
Image Related,Problem transferring from the MRI to the console.,ISP - Toulouse - Data transfer problem since MRI,,,
Image Related,The examinations sent from the IQON scanner are in erreus on the ISP.,error exams,,,
Image Related,"All the images fail, so impossible to interpret these last ones.","ISP - CROLLES - The images no longer pass, transfers on the way.",,,
Image Related,Artifact in the image.,Artifact in the image.,,,
Image Related,"Image transfer from ISP is stopped.He would like to restart the ISP server, but he does not know the user name and password, so he would like to know it.",01CS:KK:ISP???????????????ISP?????????????User??????????????????????,,,
Image Related,Images are not being passed to PACS after reconstructing them.,The images to the PACS do not pass after rebuilding them,,,
Image Related,"Ongoing iss from previous case 0121387760 Study image will not load only going up to 80 percent.  Saying data loading failed, application will exit.",Ongoing iss from previous case 0121387760 Study image will not load only going up to 80 percent.  Saying data...,,,
Image Related,05R/IntelliSpace IX/LX Workstations/transfer,05R/IntelliSpace IX/LX Workstations/transfer,,,
Image Related,05R/IntelliSpace IX/LX Workstations/transfer,05R/IntelliSpace IX/LX Workstations/transfer,,,
Image Related,Images are not sending over to vendor,Images are not sending over to vendor,,,
Image Related,Unable to transfer data and automatically shutting down,Unable to transfer data and automatically shutting down,,,
Image Related,Problem transferring images to the PACS.,transfer problem,,,
Image Related,"Problem with slow-down of image, not fluid since the time change, during the night from Saturday to Sunday, interpretation problem, disabling to work","Image slowdown problem,",,,
Image Related,It does not load the images,Not carries images,,,
Image Related,"The customer was using bounding box and when clicking on the tools or using the keyboard Shortcuts (A,S,C) was unable to get the images to change direction.",Orientation tools do not work smoothly in AVA,,,
Image Related,having issue sending images to doctor's wks,0902CFXXXS09 having issue sending images to doctor's wks,,,
Image Related,Batching in AVA - image number is incorrect,ISP10 AVA Batching - image number is incorrect.,,,
Image Related,02N/IntelliSpace IX/LX Workstations/images transfer error,02N/IntelliSpace IX/LX Workstations/images transfer error,,,
Image Related,image issue,image issue,,,
Image Related,"Issue: Malfunction
Description of malfunction: 
For several days, the retrieval of images from PACS to the ISP does not work anymore despite restart:
""Study query for device Infinitt-PACS failed""
On the other hand, images from the CT device can be imported without problems.
Customer is asking for help.","For a few days now, the Q/R from the PACS has not worked",,,
Image Related,"MAGIC GLASS - using this tool in the CT Viewer, it moves in a different way than the image is under display","MAGIC GLASS - using this tool in the CT Viewer, it moves in a different way than the image is under display",,,
Image Related,"MAGIC GLASS - using this tool in the CT Viewer, we adjusted the image, and when sending to the film it cuts the structure",Duplicate of 3347766,,,
Image Related,"Problems to upload the image to the diagnostic platform.
IP: 62369422",Imaging problems to diagnostic platform,,,
Image Related,Images and series don't come over from Intellispace to PACS when you use Jump. This applies to perfusion series.,"Pictures and series do not come over from Intellispace to Pacs, when one brings UTH",,,
Image Related,"The image transfer from the MRI and the scanner to the ISP server does not work even when manually pushing the images, there is no transfer.
The doctors no longer have access to the images.",CONTACTEL  01/04/2023 10:06:04,,,
Image Related,EBW 2 Unable to transfer images,EBW 2 Unable to transfer images,,,
Image Related,Link for picked point not working to correlate images on Intelli space Portal,Link for picked point not working to correlate images on Intelli space Portal,,,
Image Related,"The system is slow and blocks loading the images, at the opening of the opening it opens only 50% and then it stops. 

It must be restarted continuously.

Location: ground floor nuclear medicine.",Upon opening of the exam only 50% and then stops,,,
Image Related,Only processing 3 images instead of 4,Only processing 3 images instead of 4,,,
Image Related,Wechat?01/IntelliSpace IX/LX Workstations/images transfer error,Wechat?01/IntelliSpace IX/LX Workstations/images transfer error,,,
Image Related,It is very slow in opening images and loading the application.,It is very slow in opening images and loading of the application.,,,
Image Related,Unable to transfer images to ISP system,Unable to transfer images to ISP system,,,
Image Related,Images cannot be deleted.,GIRINTI cannot be deleted,,,
Image Related,Image Transfer Problem,Image Transfer Problem,,,
Image Related,SA?05R/IntelliSpace Portal Solutions/Unable to transmit image,SA?05R/IntelliSpace Portal Solutions/Unable to transmit image,,,
Image Related,01/IntelliSpace IX/LX Workstations/cann't print image,01/IntelliSpace IX/LX Workstations/cann't print  image,,,
Image Related,into,AVW15 MR-Cardiac Patient Name doesn't show on the image,,,
Image Related,into,AVW15 Autoquant user can't run manual processing with Cannon PET/CT data,,,
Image Related,PACS saturated images,PACS saturated images,,,
Image Related,"Images do not go through on ISP, the doctor cannot interpret the examinations, recurring problem, needs to be called back.",Image problems that do not go back,,,
Image Related,The resolutions in ISP is not the same as the modality. There is a granular loss in image quality.,The resolutions in ISP is not the same as the modality. There is a granular loss in image quality.,,,
Image Related,Images are not opening in ISP,Images are not opening in ISP,,,
Image Related,"Instability on the ISP, last two months every week when processing CT imagens are not going across, PET having issues with buttons. Dcs. no able to launch AutoQuant.",Instability on ISP,,,
Image Related,Images are not copying to CD or pen drive,Images are not copying to CD or pen drive,,,
Image Related,Preprocessing always hangs,ISP12 SBI PreProcessing hangs in queue manager,,,
Image Related,05R/IntelliSpace IX/LX Workstations/images transfer to pacs failed,05R/IntelliSpace IX/LX Workstations/images transfer to pacs failed,,,
Image Related,02N/IntelliSpace Portal Solutions/Image quality issues,02N/IntelliSpace Portal Solutions/Image quality issues,,,
Image Related,05R/Upgrades IntelliSpace IX/LX WrkStns/Unable to remove bone,05R/Upgrades IntelliSpace IX/LX WrkStns/Unable to remove bone,,,
Image Related,Images can't be send to PACS.,ISP1 can not send images to PACS.,,,
Image Related,Images are not pushing from isp to mri main system,Images are not pushing from isp to mri main system,,,
Image Related,into,ISP12 CT-Viewer when using Magic glass and zoom in and out the squared image doesn't match the image behind,,,
Image Related,into,ISP12 CT-Viewer when placing magic glass on image and sending to film the magic glass move to other aria on the image,,,
Image Related,Image not transferring from main console to workstation,Image not transferring from main console to workstation,,,
Image Related,Images are not transferred  in ISP,Images are not transferred  in ISP,,,
Image Related,Wechat?05R/ISP/retrieve image fail,Wechat?05R/ISP/retrieve image fail,,,
Image Related,Cant receive images or send data,Cant receive images or send data,,,
Image Related,compress images on their Lung SPECT,compress images on their Lung SPECT,,,
Image Related,into,ISP12 Customer claim that CT images looks different than in the CT Scanner,,,
Image Related,ISP is not displayed in diagnostic monitors.,ISP is not shown in diagnostic monitors,,,
Image Related,SA:05K/IntelliSpace Portal Solutions/Background image transmission loss,SA:05K/IntelliSpace Portal Solutions/Background image transmission loss,,,
Image Related,"The system performs the query of the examinations to the mode but does not carry out the retrial of the images.
It also fails the sending of the images from RMN directly to the post.",Problem recall exams from modality resonance,,,
Image Related,"Issue: Malfunction
Error description: Transmission from Rodenkirchen ISP to local PACS is very slow.

System is part of Concerto:
SysID: 80466533

SN: 7000374

ISP in Rodenkirchen is affected:
SysID: 79050138
SN: 701823",Proportion from Rodenkirchen ISP to the local Pacs very slowly.,,,
Image Related,Unable to transfer image,Unable to transfer image,,,
Image Related,"Dear Willem,

We have again a problem with the display of Dynacad.
The known bug that was present since the beginning is still there (image only opens half), but also minimize and maximize back does not work currently anymore.
So we only get a part of Dynacad visible and cannot do the processing...
Could you solve this?

Thanks in advance,
And kind regards,
Dr. Annemieke Milants
Medical and Molecular Imaging
VITAZ",Dynacad image opens half,,,
Image Related,Unable to transfer image,Unable to transfer image,,,
Image Related,"We cannot see any studies in ISP - application seems unresponsive and takes long time to respond 

sample details below - patient waiting for report - please support on urgent basis",BHU20 - ISP-NOT LOADING ANY IMAGES - CRITICAL ISSUE,,,
Image Related,Bug report error during AVA processing,ISP12 AVA after upgrading from ISP11 it start show Bug report error during processing.,,,
Image Related,WeChat?SA:05L/IntelliSpace IX/LX Workstations/cann't transfer image,WeChat?SA:05L/IntelliSpace IX/LX Workstations/cann't  transfer  image,,,
Image Related,into,"ISP12 Unlike in ISP11, Saved results file from CT Viewer can't be loaded in AVA",,,
Image Related,01/IntelliSpace Portal Solutions/image transfer slow,01/IntelliSpace Portal Solutions/image transfer slow,,,
Image Related,into,ISP12: AVA when bookmark of manually bone removal case is loaded it force manual reprocess then crash.,,,
Image Related,"Issue: Malfunction
Error description: Images are sent to the ISP very slowly
Error message:-
Error occurred on: 11.05.23",Images are sent to the ISP very slowly,,,
Image Related,"It is a specific study that the radiologist has tried to retrieve in the IsP from pacs in Malaga and only one of the 6 series of the study is visible in the Portal.
Location: Ctro. Scanner Malaga",They have images that do not pass to the radiogogen portal.,,,
Image Related,"This device is DOWN because the IMAGES are NOT crossing over to the WORKSTATION, and the WORKSTATION will NOT reboot","This device is DOWN because the IMAGES are NOT crossing over to the WORKSTATION, and the WORKSTATION will NOT reboot",,,
Image Related,Image sending problem,GIR?NT? GInderim Problem,,,
Image Related,WeChat?05R/IntelliSpace IX/LX Workstations/ images can't open,WeChat?05R/IntelliSpace IX/LX Workstations/ images can not open,,,
Image Related,02N/IntelliSpace IX/LX Workstations/images transfer error,02N/IntelliSpace IX/LX Workstations/images transfer error,,,
Image Related,"Does not receive the images because there is no authentication, there is an update to be done.",CONTACTEL   15/05/2023 13:53,,,
Image Related,01/ISP/image transfer to PACS Failed,01/ISP/image transfer to PACS Failed,,,
Image Related,"Malfunction occurred, impossible to load the examinations. 
No more access to the examinations and the mages freeze and the mouse does not respond anymore. 
Random failure and it comes back at times.",request for assistance,,,
Image Related,unbale to process T2 mapping on client workstation as they get a bug report. The customer has found a work around to log out of the thin client user and log in directly onto the server to post process the T2 Mapping. But then he can only do the post processing once. It does not allow any adjustments.,Midstream ISP: Unable to process MRI cardiac exams,,,
Image Related,"EOS ""User are having trouble getting the image number positioned.""","EOS ""User are having trouble getting the image number positioned.""",,,
Image Related,"Equipment is unable to receive images, even with network communication established.","Equipment is unable to receive images, even with established network communication.",,,
Image Related,Images slow to transfer from GE Cardiographe scanner to Philips Intellispace Portal holding up Radiologist/Cardiologist reporting.,Image transfer speed,,,
Image Related,05R/IntelliSpace IX/LX Workstations/transfer problem,05R/IntelliSpace IX/LX Workstations/transfer problem,,,
Image Related,SA:06J/IntelliSpace Portal Solutions/Unable to transfer to workstation disc,SA:06J/IntelliSpace Portal Solutions/Unable to transfer to workstation disc,,,
Image Related,THE IMAGES AND MEASUREMENTS DO NOT ARRIVE,NO LLEGAN LAS IMAGENES Y LAS MEDICIONES,,,
Image Related,"Nothing happens when they send images from ISP2 to the PACS. In the queue message it shows ""waiting"".",Not possible to send images to PACS,,,
Image Related,Contact Dr. Derk Avenarius 77628406 for description.,Urgent: Missing Pictures/Series from No1370 and No1378,,,
Image Related,into,AVW 15 MR- Cardiac don?t send Key images to the Filmer-TFS-1557781,,,
Image Related,02N/IntelliSpace IX/LX Workstations/add DICOM,02N/IntelliSpace IX/LX Workstations/add DICOM,,,
Image Related,"Customer have issues with the target volume in CTA Legs. Customer comments:
I am getting issues every time I use the target volume in CTA Legs.  
In the image below I was trying to add in about 10cms of the popliteals and it has added this bone in as well.   
The case I did earlier in the day was even more frustrating.  There was also a piece of vessel that it would not sculpt back in, it did segment back in.",ISP11 AVA bone added to the vessel viewport while using smart sculpting to correct bone removal in legs case,,,
Image Related,Previous ones are not displayed from HC in Portal.,They are not visualized prior from HC in Portal,,,
Image Related,Cannot send images to another company's server.,06CS: from: ??????????,,,
Image Related,Images are not loaded. T1 Mapping sequences are not recognized. Slowness,No images are loaded. T1 Mapping sequences are not recognized. Slowness,,,
Image Related,01/IntelliSpace IX/LX Workstations/images transfer error,01/IntelliSpace IX/LX Workstations/images transfer error,,,
Image Related,ISP1 not able to send images to PACS.,ISP1 not able to send images to PACS,,,
Image Related,Request to send images from the new MRI to the portal.,Request for sending images,,,
Image Related,The doctors cannot import the images taken from the PACS.,The doctors cannot import the images taken by the Pacs,,,
Image Related,"WE NEED TO RELOAD THE EQUIPMENT SOFTWARE, BUT WE NEED TO RETRIEVE SOME IMAGES THAT WERE ACQUIRED IN A GAMMA CAMERA BRIGHTVIEW CONNECTED TO THE INTELLISPACE PORTAL. THAT CAMERA DOES NOT HAVE ANY OTHER NODE WHERE THOSE IMAGES CAN BE EXPORTED","It is necessary to recharge the equipment of the equipment, but we need to rescue images that were acquired in a ...",,,
Image Related,"PACS integration with Intelerad PACS. It works but when saving new images, it defaults to the same PACS where the images came from and do not allow them to unselect the destination and select a new one.",PACS integration with Intelerad PACS,,,
Image Related,02N/IntelliSpace IX/LX Workstations/Image transfer failed,02N/IntelliSpace IX/LX Workstations/Image transfer failed,,,
Image Related,"Blurry study in Multimodality viewer
From the CHV center, they tell us that a study that can be seen in the PACS perfectly, when they see it from ISP it looks blurry. From support we validated that indeed the images using the Multimodality Viewer are blurry.",Borrous study in multimodaly viewer,,,
Image Related,"Reported problem: User says that when it is connected from home remotely, it does not allow maximizing the program to see the images well, IP10.35.56.213
When did the failure happen? For days 
When will the equipment be available for intervention? What is the best day or time?: As soon as
Was the equipment in clinical use when the failure occurred?: Yes
Location of the equipment: X-ray service of general residence",User that when connecting from home remote does not let the program maximize to see the images well,,,
Image Related,Problem transferring images from the ISP to the Vision console.,Transfer problem,,,
Image Related,05R/IntelliSpace IX/LX Workstations/image transfer fail,05R/IntelliSpace IX/LX Workstations/image transfer fail,,,
Image Related,"The opening of the portal through PACS does not work and the images that are not from Philips equipment are not sent to local. 
It happened last week, yesterday it was ok and today it happens again.",The opening of the portal through the PACS and the images that are not of Philips teams are not sent to the premises,,,
Image Related,into,ISP12 AVA Customer claim that orthogonal view of centerline locator is showing a flipped (R-L) view in that viewport,,,
Image Related,05R/IntelliSpace IX/LX Workstations/can't receive images,05R/IntelliSpace IX/LX Workstations/can not receive images,,,
Image Related,WECHAT:SA:01/IntelliSpace Portal Solutions/PACS image cannot be returned,WECHAT:SA:01/IntelliSpace Portal Solutions/PACS image cannot be returned,,,
Image Related,"In the report generated by DynaCAD, the images are black",In the report generated by Dynacad the images come out in black,,,
Image Related,SA:OCAP:05L/IntelliSpace Portal Solutions/can't receive images,SA:OCAP:05L/IntelliSpace Portal Solutions/can not receive images,,,
Others,User is asking for clarification regarding authentication protocols,User is asking for clarification regarding authentication protocols,,,
Others,into,ISP12: AVA when auto bone removal fails user can't access bone removal drop down as it was before.,,,
Others,Cannot find slices error  CTV,Cannot find slices error  CTV,,,
Others,SA?05R/IntelliSpace Portal Solutions/Abnormal noise during restart,SA?05R/IntelliSpace Portal Solutions/Abnormal noise during restart,,,
Others,into,AV AVW15 QFlow The same Probe ICON used for Velocity values and for defining ROI,,,
Software,01/IntelliSpace Portal Solutions/can't run,01/IntelliSpace Portal Solutions/can't run,,,
Software,02N/IntelliSpace IX/LX Workstations/Connection network,02N/IntelliSpace IX/LX Workstations/Connection network,,,
Software,05RIntelliSpace IX/LX Workstations/software problem,05RIntelliSpace IX/LX Workstations/software problem,,,
Software,the system software is crushed and not getting the login window,the system software is crushed and not getting the login window,,,
Software,Installation of workstation (present but not installed).,Workstation installation (present but not installed).,,,
Software,"Forwarded email from Ms. Kusch:

Hello Ms. Bovenkerk and Ms. Kusch,

First I would like to wish you a happy New Year 2023.

Unfortunately we have problems again with the transmission of the remaining perfusion card and its color scaling in Sectra. The CBV and CBF are displayed as in the IntelliSpace, with the remaining cards (MTT and TTP), the color is the same as initially with the first-called cards. Maybe you could take on the problem again.

Please feel free to contact me at any time for questions.

Kind regards,

Dr. S. Banschbach",Problems with the color scaling of perfusion cards,,,
Software,bug report error,bug report error,,,
Software,01/IIntelliSpace IX/LX Workstations/Workstation Add Project,01/IIntelliSpace IX/LX Workstations/Workstation Add Project,,,
Software,Data cannot be pulled from the local and information settings.,Local and Information Pools cannot be used,,,
Software,Request to retrieve the doctor's log.,loss of certain log,,,
Software,"They cannot import studies from PACS, or send reconstructions or key images that they do in post-processing.","PACS studies cannot import, or send reconstruction or key images that make in the post-process",,,
Software,"When entering the password, it does not let us proceed, it reports ""sign out"".",The point of the password does not proceed,,,
Software,Updated the Windows server.,Windows server update,,,
Software,Data is not  transferring,Data is not  transferring,,,
Software,EBW System is not booting up,EBW System is not booting up,,,
Software,"Alert in monitoring system, it is consuming almost all the RAM",Alert in monitoring system,,,
Software,The software gets blocked.,Si blocca il software.,,,
Software,Impossible to connect to the account of a doctor.,Unable to connect to the account,,,
Software,RSN,RSN,,,
Software,"CT portal workspace in the report room wants password. We could enter it without passwords before. We also wanted to open the admin password and open patient data, but we experienced problems.",CT Portal Workspace? with admin?,,,
Software,"There are some cases that they repatriate from a clinic on site but today it does not do it, displays an error message ""Retrying for one more time"".",PB REPPLY OF FOLDER + MSG Error,,,
Software,"?Feedback Type: Customer Dissatisfaction

?Other details: Other

?Submitter email: john.doe@xxxxx.xxx



?CFM Form Received Date (Outlook email received date): 1/2/2023



Main reason (Q3) Philips is quickly offering us a solution for it. This also happened.



Impact issue (Q8) Increased labor for our employees



Usage of device (Q9) error occurred when switching on.



Clinical use (Q10)

Follow-up clinical use 1 (Q11)

Follow-up clinical use 2 (Q12)

Frequency of occurrence (Q13) Only once (1)



Impact to the patient (Q14_1)

Actions to resolve (Q15_1) contact the customer center



Reason for delay (Q62_1)",Software updates could not be installed,,,
Software,Dynamic views are not autolaunching,Dynamic views are not autolaunching,,,
Software,"calcium scores, issues loading data","calcium scores, issues loading data",,,
Software,SA:OCAP:05R/Extended Brilliance Workspace/software stuck.,SA:OCAP:05R/Extended Brilliance Workspace/software stuck.,,,
Software,SA:OCAP:05R/Extended Brilliance Workspace/software stuck,SA:OCAP:05R/Extended Brilliance Workspace/software stuck,,,
Software,the system software is crushed and not getting the login window,the system software is crushed and not getting the login window,,,
Software,SA?OCAP?05L/IntelliSpace Portal Solutions/one client login failed,SA?OCAP?05L/IntelliSpace Portal Solutions/one client login failed,,,
Software,05K for IB/IntelliSpace Portal Solutions/,05K for IB/IntelliSpace Portal Solutions/,,,
Software,Unable to view data in ISP System,Unable to view data in ISP System,,,
Software,05K/IntelliSpace IX/LX Workstations/sw fault,05K/IntelliSpace IX/LX Workstations/sw fault,,,
Software,System RAM exceed normal performance threshold,Remote Alert: System RAM exceed normal performance threshold,,,
Software,Functional MRI and DTI not working,Functional MRI and DTI not working,,,
Software,"Issue: Malfunction
Error description: On the ISP workstation, the following license error message occurs:
""Certificate error. No certificate found. Please contact hospital IT for support.""
The hospital IT kindly referred to Philips.  Build 10.1.3.32808 is used.
How can the problem be solved?",License error message in the ISP workstation,,,
Software,"Hi Thomas

Happy new year - hope you had a good break.

I have just about sorted all of this but I cannot see where I specity in the Portal management tool that the new PACS is a Sectra PACS, as I am unable to see the connection string on the portal home page:
[image01 attached]

Do you know where I need to configure this?

Many thanks
Jamie",ISP - BSU00 - Configure with Sectra PACS,,,
Software,DTI is not functioning,DTI is not functioning,,,
Software,Patient data cannot be sent from PACS.,Pacstan until ?ekilemior,,,
Software,ISP system is hanging,ISP system is hanging,,,
Software,"Issue malfunction

Working with the ISP is possible only very slowly yesterday and today (""Category 3: system restricted"").
This affects all subsystems (e.g., COPD, LNA, CT Viewer) and occurs on different workstations",System works slowly,,,
Software,Equipment is locking,Equipment is crashing,,,
Software,"We have reported on Apache-Sentability on various Intellispace server for different HF. The silence is ? upgrading to Apache version 2.4.54 (or later). Can this be done on additional servers without ? having unloaded negative effects on installed version of Intellispace?
SD3-Inspv-01
SD3-Inspsv-01
SD3-Intespst-01
SD3-Inspah-01
SD3-Inspah-02
SD3-Inspah-03
SD3-Inspah-04",Apache s?rbarheter,,,
Software,"Studies from the CT Scanners at RLH are not being sent to ISP due to lack of space (0%). Auto delete function has been configured correctly, services were restarted, workstation has been restarted but still the same issue.",Auto Delete Issue - Studies not going to ISP,,,
Software,Impossible to transfer the examinations from the PACS to ISP.,Transfert problems,,,
Software,"Issue malfunction

Error message ""an errorhasoccurred"", if you try to save a screen snapshot (e.g. with us in the long-term archive)
During tests with the ISP in EVK (Bergisch Gladbach), this went to both local ISP and the LZA without problems and was also stored there in the study for the patient.",Fehlermeldung ?an errorhasoccurred?,,,
Software,Reinstallation VM master server. Set up including various clarifications.,Neuinstallation VM Master Server,,,
Software,Prefetch does not work,Prefetch does not work,,,
Software,Customer scanned a patient under wrong name. Needed help changing to the correct name.,Customer scanned a patient under wrong name. Needed help changing to the correct name.,,,
Software,Unable to send to send Calcium Scores to PACS,Unable to send to send Calcium Scores to PACS,,,
Software,ISP generates error when creating MR Cardiac Analysis report. AN ERROR FROM THE OFF WAS SHOWN IN THE LOGS.,ISP generates error when creating MR cardiac analysis report analysis,,,
Software,Having an issue installing clients on desktop,Having an issue installing clients on desktop,,,
Software,01/IntelliSpace IX/LX Workstations/consult account and password,01/IntelliSpace IX/LX Workstations/consult account and password,,,
Software,05R/IntelliSpace IX/LX Workstations/Change IP address,05R/IntelliSpace IX/LX Workstations/Change IP address,,,
Software,"PACS desktop integration with InteleSpace Portal. Customer comments: When we tested it with Andrea we found that the path ""C:\PortalPms\System\PACSURLPlugin.exe"" didn't work as the file didn't exist there.
Can we please confirm if this path is meant to be the correct one going forward, and installed on all the required workstations?",PACS desktop integration with InteleSpace Portal,,,
Software,05R/Extended Brilliance Workspace/cann't login,05R/Extended Brilliance Workspace/cann't login,,,
Software,05R/Extended Brilliance Workspace/connect PACS,05R/Extended Brilliance Workspace/connect PACS,,,
Software,"Issue: Malfunction
Error description: General question about preprocessing:
1. Are there different preprocessing processes for different medical ""revisions"" in the background?
2. Are these all activated the same on our servers (or only the one)
* Background is that a doctor asked whether you could also activate the preprocessing, which is probably the case in Rodenkirchen.
* The doctor is working on the ISP server of the control center: see image in the attachment
Error message:-
Error occurred on: 04.01.23",General question about the preprocessing:,,,
Software,Upgrade to version 12,Upgrade to version 12,,,
Software,"Please check the connection parameters from the 
Console Intellispace (AE TITLE: LARMPHWS2) with PACS 
Lavagna, since it fails the sending of the processing.
They pass correctly to PACS-ASL4, 
Configured correctly.
Here is the data to check in the configurations:
AE-TITLE: PACS-LAVAGNA
IP: 10.114.24.26
DOOR: 1104
Please contact Ebit Technician (PACS management) in the 
Time of the intervention to check in a joint way.",The edition of the elaborations fails.,,,
Software,Upgrade ISP Software V12,Upgrade ISP Software V12,,,
Software,Prefetch does not work,Prefetch does not work,,,
Software,CONFIGURATION FAILURE,FALLA DE CONFIGURACION,,,
Software,Slow application and high retransmission in PMT,Slow application and high retransmission in PMT,,,
Software,Error Messages - Framework Error,Error Messages - Framework Error,,,
Software,Sever is not allowing users to login,Concerto v10: Global Worklist is not allowing users to login,,,
Software,05K/IntelliSpace IX/LX Workstations/cannot log in,05K/IntelliSpace IX/LX Workstations/cannot log in,,,
Software,Unable to access global work list in concerto system v10.x after patching server with security updates.,Unable to access global work list in concerto system v10.x after patching server with security updates.,,,
Software,unable to send studies from (CT scanner) from remote location - Mamonth MC,unable to send studies from (CT scanner) from remote location - Mamonth MC,,,
Software,Wechat:05L/IntelliSpace Portal Solutions/Add nodes to one-to-five workstations,Wechat:05L/IntelliSpace Portal Solutions/Add nodes to one-to-five workstations,,,
Software,02N/IntelliSpace IX/LX Workstations/software,02N/IntelliSpace IX/LX Workstations/software,,,
Software,05R/Upgrades IntelliSpace IX/LX WrkStns/images data issue,05R/Upgrades IntelliSpace IX/LX WrkStns/images data issue,,,
Software,05R/Extended Brilliance Workspace/the system can't boot up,05R/Extended Brilliance Workspace/the system can not boot up,,,
Software,02N/IntelliSpace Discovery/dicom problem,02N/IntelliSpace Discovery/dicom problem,,,
Software,"When the ISP is opened, an error message ""certificate error"" is displayed on several stations and the restart was done.","Message Error ""Certificate Error""",,,
Software,SA:05K/IntelliSpace IX/LX Workstations/transfer problem,SA:05K/IntelliSpace IX/LX Workstations/transfer problem,,,
Software,The workstation not sending to PACS or retrieving from MRI,Not connected to PACS/ MRI,,,
Software,Not being able to start the automatic development.,Not being able to start the automatic elaboration.,,,
Software,Issue selecting the Stress Perf protocol with GE MR Data,Issue selecting the Stress Perf protocol with GE MR Data,,,
Software,"Doctor LADDADA wants to contact an application engineer, needs help to launch the calculations.  
To obtain the technical procedure.",ISP assistance request - Sartrouville,,,
Software,Problem sending examinations to the other supports.,Pb transferts,,,
Software,"It is reported that the images acquired with cardio protocol are not displayed completely on the old workstation and error message appears: ""presence of slice-black in the acquisition package"". New workstation portal is not equipped with the CT cardio software option.
Radiology.",Cardio images not completely displayed on Old Workstation and error location: `` Slice-Black's APPSENCE IN THE ...,,,
Software,Physicians are calling to report system is slow.  We have 7 users signed on but 2 show to be active.  I also noticed that there is a user that is shown Un-synched.,users are reporting slowness,,,
Software,"Issue: Malfunction
Description of error: We hereby order repair or software maintenance of the Device requested: Error description according to safety instructions: CVE-2021-26414 describes a flaw in the Windows DCOM server through which a
Authentication can be bypassed. Please install the corresponding patches!
Contact: For appointment consultation, please contact the department at the telephone number: +49 96130313479 give a short reply!",Error description according to the security note: CVE-2021-26414,,,
Software,The database was deleted.,CONTACTEL  06/01/2023   13:55,,,
Software,CTA not giving a complete vessel list,CTA not giving a complete vessel list,,,
Software,05R/Extended Brilliance Workspace/SW fault,05R/Extended Brilliance Workspace/SW fault,,,
Software,01/IntelliSpace Portal Solutions/Add Node,01/IntelliSpace Portal Solutions/Add Node,,,
Software,01/Extended Brilliance Workspace/Software failure,01/Extended Brilliance Workspace/Software failure,,,
Software,05K/IntelliSpace IX/LX Workstations/Unable to login,05K/IntelliSpace IX/LX Workstations/Unable to login,,,
Software,01/IntelliSpace Portal Solutions/add node,01/IntelliSpace Portal Solutions/add node,,,
Software,05R/IntelliSpace Portal Solutions/add node,05R/IntelliSpace Portal Solutions/add node,,,
Software,"There are often messages indicating that the RAM memory is insufficient.
Also, he wants to connect the device to an external PACS.",CONTACTEL 06/01/2023 13:24,,,
Software,log station won't let us log in had issue before and it was internet on that occasion but not this time,log station won't let us log in had issue before and it was internet on that occasion but not this time,,,
Software,Unable to login ISP client,Unable to login ISP client,,,
Software,down at one location (Harborside)... doctors cant log in to read pet,down at one location (Harborside)... doctors cant log in to read pet,,,
Software,05R/Extended Brilliance Workspace/Unable to store image,05R/Extended Brilliance Workspace/Unable to store image,,,
Software,05R/Upgrades IntelliSpace Portal/cann't start up,05R/Upgrades IntelliSpace Portal/cann't start up,,,
Software,Wechat:05R/Extended Brilliance Workspace/cann't login the system,Wechat:05R/Extended Brilliance Workspace/cann't login the system,,,
Software,ISP is not functioning,ISP is not functioning,,,
Software,01/IntelliSpace Portal Solutions,01/IntelliSpace Portal Solutions,,,
Software,The doctors want the general electrical MRI images to arrive on the ISP. The technician of the general electrical technician needs information to do what is necessary.,Assistance,,,
Software,05K/IntelliSpace IX/LX Workstations/Data transmission failure,05K/IntelliSpace IX/LX Workstations/Data transmission failure,,,
Software,"Request to reset password, typed more than three times",Richiesta reset password,,,
Software,"Impossible to access the application on a station in particular Station ""Reconstruction MRI manip"".",Problems D Access,,,
Software,"When they want to open multi modality, there is a message: no certificate sound please support.",The device displays an error message,,,
Software,"Loading the patients in the analyses fails

No loading of the data in the analyses possible, error also occurs with demo data -> error lies within the SQL patch installation KB5017593 SQL server 2019 RTM cumulative update (Cumulative Update, CU) 18->Feedback as escalation to the responsible Business Innovation Unit required",Loading the patient into the analyzes fails,,,
Software,post processing of Cortoids,post processing of Carotids,,,
Software,AVA Bone Removel stops at 11%,AVA Bone Removel stops at 11%,,,
Software,"Cannot connect to ISP, No Authentication Source has been selected.","Cannot connect to ISP, No Authentication Source has been selected.",,,
Software,02N/IntelliSpace Portal Solutions/Installation workstation,02N/IntelliSpace Portal Solutions/Installation workstation,,,
Software,Wechat:05R/Extended Brilliance Workspace/system hanged up intermittent,Wechat:05R/Extended Brilliance Workspace/system hanged up intermittent,,,
Software,SA:05L/IntelliSpace IX/LX Workstations/login issue,SA:05L/IntelliSpace IX/LX Workstations/login issue,,,
Software,Unable to login workstation,Unable to login workstation,,,
Software,System hanging,System hanging,,,
Software,"Identification database does not go through, the radiologists cannot connect.
IntelliSpace Portal Concerto",CONTACTEL 07/01/2023 09:21:21,,,
Software,"Dear team 
We have an issue with the following system :

Name :  ISP WS IX/LX v10
SN: 300303
Location: Libya ? Tripoli


The problem start with an error message indicates that ? there?s an error with the network adapter card ? and the application wont start either .

After we made sure that there?s no issue with the network setup we decided to reload the SW , however when the SW Image progress reaches to 90% an error comes up stopping the progress of the image telling that there was an error copying the boot files to boot partition.

We made sure of the proper BIOS setting 
the OS was downloaded from Incenter 459801628481 OS version Win101607 HP 5.1

And we tried multiple times and the same thing happened.


Best Regards 
...........................................................................
Muad Nagi",ISP IX/LX boot partiion error,,,
Software,Unable to transfer to ISP,Unable to transfer to ISP,,,
Software,"Caution: This e-mail originated from outside of Philips, be careful for phishing. 

Rens
 
That looks good.
Can you also do an NSLookup to SERCTD001?
 
Gr.  Guido
 
 
 
From: Servicedesk IntelliSpace Portal (Functional Account) <servicedesk.isp@philips.com> 
Sent: Thursday 5 January 2023 15:40
To: Bons, G, Ing., DMO/JIVC/GIT&INFRA/WP <G.Bons@mindef.nl>
Subject: RE: Eventlogs Windows workstation CMH Utrecht - Philips case 0120916033
 
Hi Guido,

I get the result immediately.

 
 
 
 
 
Kind regards,
 
Rens Hoekema
Technical Consultant
Enterprise Diagnostic Informatics
Philips Health Systems Benelux
 
High Tech Campus 52, office 04.29, 5656 AG Eindhoven 
The Netherlands Tel: +31 (0) 40 700 12 10 options 2-4-5. 
Belgium Tel: +32 (0) 2 503 47 27 options 2-4-5
 
E-mail: servicedesk.isp@philips.com
Web: www.philips.com/healthcare
 
I would like to ask you to do a ""reply all"" with each reply to our mail. 
The mail will then also be sent to the email address OneEMSProd@philips.com mail address, 
As a result of which the update is processed automatically in our call system
 
 
Connect with Philips
   
 
 
 
From: G.Bons@mindef.nl <G.Bons@mindef.nl> 
Sent: Thursday 5 January 2023 15:29
To: Servicedesk IntelliSpace Portal (Functional Account) <servicedesk.isp@philips.com>
Subject: RE: Eventlogs Windows workstation CMH Utrecht - Philips case 0120916033
 
Caution: This e-mail originated from outside of Philips, be careful for phishing. 
 
Hello Rens,
 
We do not see these error messages on the domain controller and the clients.
 
Which DNS server do you have on the ISP11Master?
 
Can you do an NSLookup on the ISP11Matser to: CTD.local and SERNDU001?
How quickly does the result appear?
 
Gr.  Guido
 
 
From: Servicedesk IntelliSpace Portal (Functional Account) <servicedesk.isp@philips.com> 
Sent: Thursday 5 January 2023 14:06
To: Bons, G, Ing., DMO/JIVC/GIT&INFRA/WP <G.Bons@mindef.nl>
Subject: RE: Eventlogs Windows workstation CMH Utrecht - Philips case 0120916033
 
Dear Guido,

As a result of this problem I would like to ask you to check this part:
 
https://www-der--windows--papst-de.translate.goog/2022/11/13/kerberos-key-distribution-center-error-event-id-14/?_x_tr_sl=de&_x_tr_tl=en&_x_tr_hl=en&_x_tr_pto=sc
 
I am starting to suspect that it is the domain controller.
 
 
Kind regards,
 
Rens Hoekema
Technical Consultant
Enterprise Diagnostic Informatics
Philips Health Systems Benelux
 
High Tech Campus 52, office 04.29, 5656 AG Eindhoven 
The Netherlands Tel: +31 (0) 40 700 12 10 options 2-4-5. 
Belgium Tel: +32 (0) 2 503 47 27 options 2-4-5
 
E-mail: servicedesk.isp@philips.com
Web: www.philips.com/healthcare
 
I would like to ask you to do a ""reply all"" with each reply to our mail. 
The mail is then also sent to the email address OneEMSProd@philips.com, 
As a result of which the update is processed automatically in our call system
 
 
Connect with Philips
   
 
 
 
From: G.Bons@mindef.nl <G.Bons@mindef.nl> 
Sent: Thursday 5 January 2023 14:02
To: Servicedesk IntelliSpace Portal (Functional Account) <servicedesk.isp@philips.com>
Subject: RE: Eventlogs Windows workstation CMH Utrecht - Philips case 0120916033
 
Caution: This e-mail originated from outside of Philips, be careful for phishing. 
 
Hello Rens,
 
I just started the IntelliSpace portal on the workstation in the CMH (Utrecht).
The first time logging in works, then no longer, we get the same error message again: Can't retreive authentication service for servers: 10.14.80.3
 
Guido
 
From: Servicedesk IntelliSpace Portal (Functional Account) <servicedesk.isp@philips.com> 
Sent: Thursday 5 January 2023 08:48
To: Bons, G, Ing., DMO/JIVC/GIT&INFRA/WP <G.Bons@mindef.nl>
Subject: RE: Eventlogs Windows workstation CMH Utrecht - Philips case 0120916033
 
Dear Guido,

I have made an adjustment, could you test?
 
 
Kind regards,
 
Rens Hoekema
Technical Consultant
Enterprise Diagnostic Informatics
Philips Health Systems Benelux
 
High Tech Campus 52, office 04.29, 5656 AG Eindhoven 
The Netherlands Tel: +31 (0) 40 700 12 10 options 2-4-5. 
Belgium Tel: +32 (0) 2 503 47 27 options 2-4-5
 
E-mail: servicedesk.isp@philips.com
Web: www.philips.com/healthcare
 
I would like to ask you to do a ""reply all"" with each reply to our mail. 
The mail will then also be sent to the email address OneEMSProd@philips.com mail address, 
As a result of which the update is processed automatically in our call system
 
 
Connect with Philips
   
 
 
 
From: G.Bons@mindef.nl <G.Bons@mindef.nl> 
Sent: Wednesday 4 January 2023 13:45
To: Servicedesk IntelliSpace Portal (Functional Account) <servicedesk.isp@philips.com>
Subject: RE: Eventlogs Windows workstation CMH Utrecht - Philips case 0120916033
 
Caution: This e-mail originated from outside of Philips, be careful for phishing. 
 
Hello Rens, Frank,
 
We are still running into problems at Defense when logging into the ISP11Master.
Some tests were made yesterday by our network manager, see attached mail.
 
Could you check these findings and make an adjustment with which logging in works again.
 
Thanks in advance.
Sincerely
 
G. (Guido) Bons
Senior Manager ICT
.........................................................................
Defense Material Organization (DMO)
JIVC, the IT company of Defense | Generic IT & Infra
Ministry of Defense
Coldenhovelaan 1 l 3155 RC l Maasland | B100D
POSTbus 90822 l 2509 LV l The Hague l MPC 58A
.........................................................................
M +31 (0) 6 22238953
http://www.defensie.nl/dmo/
 
 
 
From: Bons, G, Ing., DMO/JIVC/GIT&INFRA/WP <G.Bons@mindef.nl> 
Sent: Thursday 22 December 2022 15:02
To: Servicedesk IntelliSpace Portal (Functional Account) <servicedesk.isp@philips.com>
Subject: Re: Eventlogs Windows workstation CMH Utrecht - Philips case 0120916033
 
Hello Rens,
 
Connecting to port 443 does not work.
Now the authentication source appears very quickly, but when logging in I get the message:
 
Invalid login information provided
 
The useris password that we use is correct.
 
G. Guido
 
 

From: ""Servicedesk IntelliSpace Portal (Functional Account)"" <servicedesk.isp@philips.com>
Date: Wednesday 21 December 2022 at 16:13:06
To: ""Bons, G, Ing., DMO/JIVC/GIT&INFRA/WP"" <G.Bons@mindef.nl>
Subject: RE: Eventlogs Windows workstation CMH Utrecht - Philips case 0120916033
 
Dear Guido,

Can you try connecting again on port 443 instead of port 80?
Furthermore I renewed a certificate, do not know if this will solve the problem since (what I understood from Frank) was that there are also clients that have no problem?
 
 
Kind regards,
 
Rens Hoekema
Technical Consultant
Enterprise Diagnostic Informatics
Philips Health Systems Benelux
 
High Tech Campus 52, office 04.29, 5656 AG Eindhoven 
The Netherlands Tel: +31 (0) 40 700 12 10 options 2-4-5. 
Belgium Tel: +32 (0) 2 503 47 27 options 2-4-5
 
E-mail: servicedesk.isp@philips.com
Web: www.philips.com/healthcare
 
I would like to ask you to do a ""reply all"" with each reply to our mail. 
The mail is then also sent to the email address OneEMSProd@philips.com, 
As a result of which the update is processed automatically in our call system
 
 
Connect with Philips
   
 
 
 
From: G.Bons@mindef.nl <G.Bons@mindef.nl> 
Sent: Wednesday 21 December 2022 14:03
To: Servicedesk IntelliSpace Portal (Functional Account) <servicedesk.isp@philips.com>
Subject: RE: Eventlogs Windows workstation CMH Utrecht - Philips case 0120916033
 
Caution: This e-mail originated from outside of Philips, be careful for phishing. 
 
Hello Frank,
 
On the Domain Controller and workstations of the CT Scanner network the Cumulative Update of October was still running (2022-10 Cumulative Update for Windows Server 2016 for x64-based Systems (KB5018411).
The update of November (2022-11 Cumulative Update for Windows Server 2016 for x64-based Systems KB5019964) has not been installed on purpose because of problems with Kerberos.
 
In the meantime we skipped CU 2022-11 and last Monday 2022-12 Cumulative Update for Windows Server 2016 for x64-based Systems (KB5021235) was installed.
Last Monday the workstation in the CMH was also replaced. Both actions did not solve the problem on the workstation in the CMH (see attached: Fout_IntelliSpacePortal.JPG).
 
During startup of the IntelliSpacePortal (on the workstation) we made a number of network captures and see in it that the communication between the workstations and the ISP11MASTER (10.14.80.3) is not working entirely well (see attached: Capture_ISP_CMH.JPG). The other network traffic between the workstations and for example the Domain Controller on Schiphol went without any problems. We also see similar messages in the communication between the workstation in Maasland and the ISP11Master.
 
The Domain Controller and the ISP11MASTER are at Schiphol in the same switch.
 
Also added the capture file that can be opened with Wireshark (attached: Capture_ISP_CMH.pcapng).
On this there is a filter for the overview in Wireshark so only traffic from and to the 10.14.80.3 can be seen.
 
What we already noticed since the installation of the ISP11MASTER is that on the workstations (when starting the IntelliSpacePortal) it takes at least 8 to 10 seconds before the Authentication Source (CTD) appears.
And since recently the Authentication Source no longer appears in the CMH.
 
Could you check on the ISP11MASTER what could be the reason for the Reset (RST) and Retransmissions in the communication between workstation and ISP server?
 
Thanks in advance.
Sincerely
 
G. (Guido) Bons
Senior Manager ICT
.........................................................................
Defense Material Organization (DMO)
JIVC, the IT company of Defense | Generic IT & Infra
Ministry of Defense
Coldenhovelaan 1 l 3155 RC l Maasland | B100D
POSTbus 90822 l 2509 LV l The Hague l MPC 58A
.........................................................................
M +31 (0) 6 22238953
http://www.defensie.nl/dmo/
 
 
 
 
 
 
 
 
From: Servicedesk IntelliSpace Portal (Functional Account) <servicedesk.isp@philips.com> 
Sent: Wednesday 14 December 2022 10:34
To: Bons, G, Ing., DMO/JIVC/GIT&INFRA/WP <G.Bons@mindef.nl>
Subject: RE: Eventlogs Windows workstation CMH Utrecht
 
Dear Guido,
 
We have checked the event logs of the client and do see a number of errors that are related to the connection with domain controller. Among other:

The processing of Group Policy failed because of lack of network connectivity to a domain controller. This may be a transient condition. A success message would be generated once the machine gets connected to the domain controller and Group Policy has successfully processed. If you do not see a success message for several hours, then contact your administrator.

This computer was not able to set up a secure session with a domain controller in domain CTD due to the following: 
We cannot sign you in with this credential because your domain isn't available. Make sure your device is connected to your organization's network and try again. If you previously signed in on this device with another credential, you can sign in with that credential. 
This may lead to authentication problems. Make sure that this computer is connected to the network. If the problem persists, please contact your domain administrator.  
 
ADDITIONAL INFO: 
If this computer is a domain controller for the specified domain, it sets up the secure session to the primary domain controller emulator in the specified domain. Otherwise, this computer sets up the secure session to any domain controller in the specified domain.

We also see DCOM warnings:

The application-specific permission settings do not grant Local Launch permission for the COM Server application with CLSID 
Windows.SecurityCenter.SecurityAppBroker
And APPID 
Unavailable
To the user NT AUTHORITY\SYSTEM SID (S-1-5-18) from address LocalHost (Using LRPC) running in the application container Unavailable SID (Unavailable). This security permission can be modified using the Component Services administrative tool.


In the meantime we also received similar messages from another customer which makes us suspect that it could be a Windows patch on the domain server. Can you check if you accidentally patched the domain server with KB5019964?
This can namely explain the problems you are experiencing.
The solution for this is patch: KB5021235
 
Please let me know.
 
 
Kind regards,
                            
Frank Weening
Technical Consultant
Software Customer Services, Philips Healthcare
 
High Tech Campus 52, Office 04.037, 5656 AG Eindhoven, The Netherlands 
The Netherlands Tel: +31 (0) 40 700 12 10 options 2-4-5, 
Belgium Tel: +32 (0) 2 503 47 27 options 2-4-5

E-mail: frank.weening@philips.com
www.philips.com/healthcare
 
 
 
From: G.Bons@mindef.nl <G.Bons@mindef.nl> 
Sent: Tuesday, December 13, 2022 4:30 PM
To: Servicedesk IntelliSpace Portal (Functional Account) <servicedesk.isp@philips.com>
Subject: Eventlogs Windows workstation CMH Utrecht
 
Caution: This e-mail originated from outside of Philips, be careful for phishing. 
 
Hello Frank,
 
See attached the Event logs of the ISP workstation in the Central Military Hospital (CMH) in Utrecht.
 
Sincerely
 
G. (Guido) Bons
Senior Manager ICT
.........................................................................
Defense Material Organization (DMO)
JIVC, the IT company of Defense | Generic IT & Infra
Ministry of Defense
Coldenhovelaan 1 l 3155 RC l Maasland | B100D
POSTbus 90822 l 2509 LV l The Hague l MPC 58A
.........................................................................
M +31 (0) 6 22238953
http://www.defensie.nl/dmo/
 
 
 
 

This message may contain information that is not intended for you. If you are not the addressee or if this message was sent to you unemptively, you are requested to report this to the sender and remove the message. The State accepts no liability for damage, of any kind, that is related to risks linked to the electronic sending of messages. 

This message may contain information that is not intended for you. If you are not the addressee or if this message was sent to you by mistake, you are requested to inform the sender and delete the message. The State accepts no liability for damage of any kind resulting from the risks inherent in the electronic transmission of messages. 
 
________________________________________
The information contained in this message may be confidential and legally protected under applicable law. The message is intended solely for the addressee(s). If you are not the intended recipient, you are notified that any use, forwarding, reproducion, or reproduction of this message is strictly prohibited and may be unlawful. If you are not the intended recipient, please contact the sender by return e-mail and destroy all copies of the original message.

This message may contain information that is not intended for you. If you are not the addressee or if this message was sent to you unemptively, you are requested to report this to the sender and remove the message. The State accepts no liability for damage, of any kind, that is related to risks linked to the electronic sending of messages. 

This message may contain information that is not intended for you. If you are not the addressee or if this message was sent to you by mistake, you are requested to inform the sender and delete the message. The State accepts no liability for damage of any kind resulting from the risks inherent in the electronic transmission of messages. 

This message may contain information that is not intended for you. If you are not the addressee or if this message was sent to you unemptively, you are requested to report this to the sender and remove the message. The State accepts no liability for damage, of any kind, that is related to risks linked to the electronic sending of messages. 

This message may contain information that is not intended for you. If you are not the addressee or if this message was sent to you by mistake, you are requested to inform the sender and delete the message. The State accepts no liability for damage of any kind resulting from the risks inherent in the electronic transmission of messages. 

This message may contain information that is not intended for you. If you are not the addressee or if this message was sent to you unemptively, you are requested to report this to the sender and remove the message. The State accepts no liability for damage, of any kind, that is related to risks linked to the electronic sending of messages. 

This message may contain information that is not intended for you. If you are not the addressee or if this message was sent to you by mistake, you are requested to inform the sender and delete the message. The State accepts no liability for damage of any kind resulting from the risks inherent in the electronic transmission of messages. 

This message may contain information that is not intended for you. If you are not the addressee or if this message was sent to you unemptively, you are requested to report this to the sender and remove the message. The State accepts no liability for damage, of any kind, that is related to risks linked to the electronic sending of messages. 

This message may contain information that is not intended for you. If you are not the addressee or if this message was sent to you by mistake, you are requested to inform the sender and delete the message. The State accepts no liability for damage of any kind resulting from the risks inherent in the electronic transmission of messages. 

This message may contain information that is not intended for you. If you are not the addressee or if this message was sent to you unemptively, you are requested to report this to the sender and remove the message. The State accepts no liability for damage, of any kind, that is related to risks linked to the electronic sending of messages. 

This message may contain information that is not intended for you. If you are not the addressee or if this message was sent to you by mistake, you are requested to inform the sender and delete the message. The State accepts no liability for damage of any kind resulting from the risks inherent in the electronic transmission of messages.",authenticatie resource niet beschikbaar,,,
Software,"Issue: Malfunction
Description of error: We hereby order repair or software maintenance of the Device requested: Error description according to safety instructions: CVE-2021-26414 describes a flaw in the Windows DCOM server through which a
Authentication can be bypassed. Please install the corresponding patches!
Contact: For appointment consultation, please contact the department at the telephone number: +49 96130313479 give a short reply!",`` Saving of 0120989413 Fault description according to the security note: CVE-2021-26414,,,
Software,"Cannot access the Portal from a client station
Location: Hospital La Milagrosa (La Milagrosa Hospital)",The portal is not accessed from a client,,,
Software,"Portal does not start from Radiophysics equipment
Location: Ram?n y Cajal Hospital",Portal does not start from radio equipment,,,
Software,"THE EQUIPMENT RESTARTS BY ITSELF, THE EQUIPMENT IS TURNED OFF.",Team is restarted automatically,,,
Software,Cannot process perfusions on mri images,Cannot process perfusions on mri images,,,
Software,AD Group - Child Domain access issues,AD Group - Child Domain access issues,,,
Software,Preventive maintenance case created for?server uptime/USB drive/localhost certificate/auto-delete verification,Preventive Maintenance: Rochester General Riedman Hospital (ISPv10),,,
Software,05R/IntelliSpace IX/LX Workstations/login too slow,05R/IntelliSpace IX/LX Workstations/login too slow,,,
Software,"On the ISP, even when ""Change Patient details"" is clicked, the screen doesn't switch",01CS:KKI:ISP???Change Patient details??????????????????,,,
Software,"""No disk space"" and a red icon are illuminated on the ISP server.",01CS:RS:ISP?????No Disk Space??????????????>>???????????????,,,
Software,05R/IntelliSpace Portal Solutions/unavailable,05R/IntelliSpace Portal Solutions/unavailable,,,
Software,CT Dual energy software is not functioning,CT Dual energy software is not functioning,,,
Software,Data is not retrieving from  PACS,Data is not retrieving from  PACS,,,
Software,02N/IntelliSpace IX/LX Workstations/cann't start up,02N/IntelliSpace IX/LX Workstations/cann't start up,,,
Software,We need to configure a new DICOM node to send RM studies from Intellispace Portal to a new server.,Configure Dicom node in I.portal,,,
Software,wechat?01/IntelliSpace IX/LX Workstations/software crash,wechat?01/IntelliSpace IX/LX Workstations/software crash,,,
Software,"Disorder:
Failure: 
There are errors again on the ISP, currently 12 ""failed"".
Request for repair.",ISP12 Queue manager hangs,,,
Software,Studies cannot be downloaded from the central PACS to the ISP.,You can't download studies from the Central PACS to ISP,,,
Software,"Impossible to connect to the ISP, loss of the RX identification source and slowness retrieving from the PACS.",Unable to connect,,,
Software,ERROR : Certificate AND MRI Ankle catraige mapping application error,ERROR : Certificate AND MRI Ankle catraige mapping application error,,,
Software,"Problems with the Portal, it stopped working when accepting work. It gives an error in the authentication source, the value is blank.
Location: Nuclear Medicine, Basement.",Problems in the portal has stopped working in work acceptance.,,,
Software,No authentication source can be found. During the Veryfy Connection Test the network speed upload cannot be measured and the SQL connection does not work. It is not possible to log on to the server from the client software.,No authentication source can be found. During the Veryfy Connection Test the network speed upload cannot be measured...,,,
Software,"When saving a reconstruction in Portal, an error appears",By keeping a reconstruction in portal they get error,,,
Software,Software upgrade to V12.1.7,Software upgrade to V12.1.7,,,
Software,"Error message: the system lacks resources.
 13% of local disk space available with red display point",Error message and disk space problem,,,
Software,"Reported problem: The Portal has fallen in several services. 
When did the failure happen? Immediately
When will the equipment be available for intervention? What is the best day or time?: As soon as 
Was the equipment in clinical use when the failure occurred?: No
Location of the equipment: X-rays",The portal has fallen into several services,,,
Software,"Feedback Type: Technical Issue

?Other Details: None

*Submitter Email: david.dashti@philips.com 

?CFM Form Received Date (Outlook email received date): 01 November 2023



Main reason (Q3)- When changing filtering in ISP it is expected that changing from ascending to enticing filtering will simply invert the list produced. However, when changing the filtering the results varies meaning that the list produced changes. Probably due to some sort of bug when filters are applied.

Impact issue (Q8)- Incorrect filtering with results not being presented as expected.

Usage of device (Q9)- Searching for studies within the ISP application.

Clinical use (Q10)- Yes

Follow up clinical use 1 (Q11)- No

Follow up clinical use 2 (Q12)- Continued

Frequency of occurrence (Q13)- Frequent (>7)

Impact to the patient (Q14_1)- There was no patient impact.

Actions to resolve (Q15_1)- No actions were taken to fix issue. Told customer that I would use this process to feedback the information to development team of IntelliSpace Portal.

Reason for delay (Q62_1)- None",ISP11 PD When changing filter from ascending to descending the content of the list changes,,,
Software,System will not boot,Q/O,,,
Software,Remote users cannot connect to ISP,Remote users cannot connect to ISP,,,
Software,Preventive maintenance case created for?server uptime/USB drive/localhost certificate/auto-delete verification,Preventive Maintenance: Milford Regional Medical Center (ISPv10.1.3),,,
Software,Wechat:01/IntelliSpace Portal Solutions/The workstation crashes and cannot upload the image,Wechat:01/IntelliSpace Portal Solutions/The workstation crashes and cannot upload the image,,,
Software,Software upgrade to V12.1.7,Software upgrade to V12.1.7,,,
Software,01/IntelliSpace Portal Solutions/Software failure,01/IntelliSpace Portal Solutions/Software failure,,,
Software,ISP installation for  cardiac MRI package,ISP installation for  cardiac MRI package,,,
Software,Request for support to create a connection node between 2 modalities: portal server and siemens server.,Support request- ISP,,,
Software,05K/IntelliSpace Portal Solutions/Add node,05K/IntelliSpace Portal Solutions/Add node,,,
Software,Support of the TC during upgrade/installation,Support w?hrend Upgrade/ Installation,,,
Software,"Issue: Malfunction
Error description: There are problems with the new version 12.0 Intelli Space Portal on a workstation
Error message:-
Error occurred on: 11.01.23
Contact person: Dr. Petersein +493363173526",Problems with the new version 12.0,,,
Software,"Issue: Malfunction
Error description: No examinations can be opened, shows error
Error message: ""Application cannot be started. Limit for active users has been reached""","There are no examinations, FM shows",,,
Software,Installation of the client on the demo ISP server,Installation of the client at the Demo ISP server in the MR-CT Institute Klagenfurt,,,
Software,"Observed since this morning does not have the automatic pre-processing on the modules and vasculars anymore and impossible to do it manually.
The module of the calculation software is also disabled, nevertheless should have access until February 4th.",Request for assistance,,,
Software,"Support for fixing queue problems, together with Mr. Hiemke.",Support in the correction of queue problems,,,
Software,"Message:
Please have a task created for the ICAP remote team in Hamburg to import the attached demo license.

City Clinic Brandenburg
Hochstra?e 29, 14770 Brandenburg an der Havel
EQ number: 100389885
ISP Release 12
Serial number: 707017
Mac Address: 5C6F6927B308
Applications: MR Liver Health, CT Liver",Create Task for Intellispace Portal EQ 100389885,,,
Software,"On the 3rd ISP of the concerto, no patient is shown in the local folder.","On the 3rd ISP of the concerto, no patient are shown in local folder.",,,
Software,tech support-unable to use tech log in,tech support-unable to use tech log in,,,
Software,System is moving very slow and freezing up,System is moving very slow and freezing up,,,
Software,"v12 cutover. Prep, and then cutover.",v12 cutover,,,
Software,Customer is interested to upgrade local ISP server and wants to know what is the correct workflow,Question about ISP upgrade,,,
Software,Update of version of the ICAP,Atualiza??o de vers?o do ICAP,,,
Software,"THE EQUIPMENT IS JAMMED, IT EXITS THE APPLICATION OR RESTARTS SPONTANEOUSLY.","Equipment is blocked, it is applied or reset spontaneously.",,,
Software,SA:05R/IntelliSpace Portal Solutions/crash,SA:05R/IntelliSpace Portal Solutions/crash,,,
Software,Wants to set up the files transferred to the PACS.,Problem with scanners that do not pass.,,,
Software,ISP system software update to version 12.1.7.,ISP software update to version 12.1.7,,,
Software,01/IntelliSpace IX/LX Workstations/cann't start up,01/IntelliSpace IX/LX Workstations/cann't start up,,,
Software,Since yesterday there is no way to transfer studies from modality to doctors' stations.,Impossibility Transfer Studies from modality to medic stations,,,
Software,Orthanc sending connection failure.,ORTHANC SHIPPING CONNECTION FAILURE,,,
Software,"The application does not work properly, it does not allow to download external studies, the users when trying to open the studies, a message appears: there are not enough resources in the system

Failures have been occurring for 2-3 days.","It does not allow to download external studies, users when trying to open the studies, leaves out: there are no resources ...",,,
Software,"Mr. Dieckmann via email:

Dear Support Team,
 
We currently receive an installation error on all computers on which we want to install the ISP via the installer from the website.
The ~400mb is downloaded and executed properly. but then it aborts.
Please see the log file of 2 computers.

Can you see something based on the logs?
 
Kind regards,
Malte Dieckmann
--
Malte Dieckmann
IT system electronics technician
 
Clinic Dr. Hancken GmbH
Harsefelder Stra?e 8
21680 Stade
 
Tel.: 04141 / 604 -240
Email: dim@hancken.de",Client cannot be installed.,,,
Software,No certificate found error,No certificate found error,,,
Software,Installation of Microsoft KB packages.,Instalace Microsoft KB bal?k?,,,
Software,RSN and ILO connection test at the request of Anna Curty,test connection rsn et ilo,,,
Software,Lnk for Picked Point On/Off does not work for user in Multimodality Viewer; user: slara1,Lnk for Picked Point on/Off no function for the Multitimality of the Multimality. users: Snara11,,,
Software,users cannot log in,users cannot log in,,,
Software,need help with processing a cardiac study,need help with processing a cardiac study,,,
Software,need assistance with processing needs to get image changed to the correct location,need assistance with processing needs to get image changed to the correct location,,,
Software,will not send data,will not send data,,,
Software,Post processing workstation displays an error during use of the T1 perfusion application. It does not allow processing the dynamic RM Breast sequence.,P?s processing presenting error during use of the T1 perfusion application. It doesn't allow you to perform post ...,,,
Software,Issue with MR Cardiac study - Unable to load multi face images in MRI/can't load complete set,Issue with MR Cardiac study - Unable to load multi face images in MRI/can't load complete set,,,
Software,Preventive maintenance case created for?server uptime/USB drive/localhost certificate/auto-delete verification,Preventive Maintenance: Advanced Diagnostics Radiology (ISPv11.1.6),,,
Software,RMSE?05R/IntelliSpace Portal Solutions/There is a problem with software login,RMSE?05R/IntelliSpace Portal Solutions/There is a problem with software login,,,
Software,SA:02N/IntelliSpace Portal Solutions//loginfail,SA:02N/IntelliSpace Portal Solutions//loginfail,,,
Software,ISP software corrupted,ISP software corrupted,,,
Software,Prefetch does not work anymore,Prefetch no longer works,,,
Software,Prefetch does not work anymore,Prefetch no longer works,,,
Software,"A message appears that says ""Information provided for invalid session start-up. Try again"".","Message that indicates ""Information provided for the beginning of session does not see. Intentate it again.""",,,
Software,01/Extended Brilliance Workspace/software fault,01/Extended Brilliance Workspace/software fault,,,
Software,RMSE?05R/Extended Brilliance Workspace/Add Network Node,RMSE?05R/Extended Brilliance Workspace/Add Network Node,,,
Software,01/IntelliSpace IX/LX Workstations/The workstation can't be opened,01/IntelliSpace IX/LX Workstations/The workstation can't be opened,,,
Software,01/IntelliSpace IX/LX Workstations/software crash,01/IntelliSpace IX/LX Workstations/software crash,,,
Software,"On one of our clients the portal system blocks after a few minutes of inactivity, the only way to restore the functionality and restart the system. On advice from Antonio Scandurra, I uninstalled and installed the software again but the problem persists.",System block,,,
Software,"When starting the session, the application never starts and it logoffs after a few seconds.","At the beginning of the session, the application never gets to start and makes speech at a few seconds",,,
Software,"Change of PACS in the location, ISP reconfiguration.","Changing PACS in the square, ISP reconfiguration.",,,
Software,"The brain perfusion studies generated by the CT cannot be opened in the portal and opening a study takes a long time. OT37891 
Cardiology at Reina Sofia de Tudela Hospital",The cerebral perfusion studies generated by the CT cannot be opened in the portal and the opening of a study ...,,,
Software,"Nuclear medicine reported the impossibility to open the Intellispace, in several stations, my colleague Joao Botelho reinstalled and installed it again, logged in and updated it to the new version.
Doctor Ines Carvalho started with her login and gave indication of a new update, but the application does not open.
E-mail 13 01 2023",ISP 11 - Error in the Philips Installation Intellispace (Log attached),,,
Software,"Customer : AMEN MUTUALVILLE  
SN : 300431
Product Type: ISP PORTALE 
MAC ADDRESS : 08F1EA949BAE
 
dear sir ,we have this pop up message when we try to access our ISP application ( see attached file) and we can't use the options to read exams. can u help us resolve this problem",RE: {HELPDESK} RE: ISP SN : 300431,,,
Software,No connection anymore.,More connection,,,
Software,Software Upgrade,Software Upgrade,,,
Software,wechat:SA:05K for IB/IntelliSpace IX/LX Workstations,wechat:SA:05K for IB/IntelliSpace IX/LX Workstations,,,
Software,01/Brilliance CT 16 Slice/IntelliSpace IX/LX Workstationst,01/Brilliance CT 16 Slice/IntelliSpace IX/LX Workstationst,,,
Software,Wechat:05R/IntelliSpace IX/LX Workstations/Unable to log in,Wechat:05R/IntelliSpace IX/LX Workstations/Unable to log in,,,
Software,OCAP:05R/IntelliSpace Portal Solutions/application,OCAP:05R/IntelliSpace Portal Solutions/application,,,
Software,ISP software malfunctioning,ISP software malfunctioning,,,
Software,The doctor cannot access the images and error message: impossible to retrieve the authentication sources of the server.,CONTACTEL 16/01/2023 07:14:37,,,
Software,ISP system software update to version 12.1.7.,ISP software update to version 12.1.7,,,
Software,"?Feedback Type: Technical Issue

?Other details: Other

?Submitter email: daniela.heuser@philips.com

?CFM Form Received Date (Outlook email received date): 1/13/2023

Main reason (Q3): ""The automatic Cardiac pre proc results are generated by the system for 2 series.once from the planning sequence pSA and the correct functional sequence Cine SAX. see attachment 

This is unfortunately very confusing for the customer.

This phenom can only reproduce when new data arrives on the server.

I have adjusted the labeling pseudo SA as other type also this has unfortunately not resulted in any change in the auto results. What can we do?

I can provide the dataset anonymously. But the problem is not reproducible. I would like to demonstrate this on the customer's own system""

Impact issue (Q8): it is confusing

Usage of device (Q9): daily routine

Clinical use (Q10): Yes

Follow-up clinical use 1 (Q11): No

Follow-up clinical use 2 (Q12): Stopped and restarted

Frequency of occurrence (Q13): Often (4-6)

Impact to the patient (Q14_1): no impact

Actions to resolve (Q15_1): check the labeling in the application",ISP12 MR Cardiac automatic preprocess generate 2 Sequens when data arrive from the scanner,,,
Software,into,ISP12 AVA stent template created by the user can't be found later.,,,
Software,"Does not respond correctly, it cannot be logged in as Admin and also no patients can be called.",Doesn't react correctly,,,
Software,"Issue: Malfunction
Error description: No licenses available anymore. One cannot load any applications. 
Error message: ''no certificates found''
Error occurred on: This morning at c. 10:00 am",Fehlermeldung: ''no certificates found'',,,
Software,Software upgrade to V12,Software upgrade to V12,,,
Software,Preprocessing only works manually,Preprocessing only works manual,,,
Software,wechat:sa:02N/IntelliSpace Portal Solutions/,wechat:sa:02N/IntelliSpace Portal Solutions/,,,
Software,WeChat?05R/IntelliSpace Portal Solutions/install client,WeChat?05R/IntelliSpace Portal Solutions/install client,,,
Software,01/IntelliSpace Portal Solutions/add the node,01/IntelliSpace Portal Solutions/add the  node,,,
Software,V12 software intermittent error,V12 software intermittent error,,,
Software,Plug-in function investigation,SS:?????????,,,
Software,BRAINOMIX for DICOM receiver,BRAINOMIX ??? DICOM ????????,,,
Software,"Mr. Kalisch via email:

But we now have another problem, if you want to select the key images in the attached screenshot (with ""results"") by right-clicking, the error message that can be seen in the attachment appears. Unfortunately, I am no longer in the picture here. I was also able to reproduce this on my end.

Ms. Kirchg??ner can basically be reached 0221925750111 the system.
The diagnostic station is still the BEF-RA-KIN-WS01, 10.202.20.90. For the case of the cases, I put a TeamViewerQS on the public desktop.


Kind regards,
I. A. 
OLIVER KALISCH
IT SYSTEM ADMINISTRATOR / IT PROJECTS
IT PROJECT",LNA stops when creating key images,,,
Software,"Reported problem: A user has a connection error. 
Location of the equipment: - 
When did the failure happen?: Today
When will the equipment be available for intervention? What is the best day or time?: As soon as possible
Was the equipment in clinical use when the failure occurred?: Yes",A user gives connection error,,,
Software,It is giving error when it is turned on.,It gives an error in the network,,,
Software,"Old users are to be deleted and new ones created. 
Customer cannot perform any action himself as Admin. 
Call-back from Mr. Hiemke is needed.",Old users should be done and newly created.,,,
Software,"Issue: IT support /check
Error description: no current files can be found on the server even though the system is used daily.",No current files on the server,,,
Software,Removal of the demo system at the customer Dr. Vonbank in Constance,Removing from the demo system at the customer Dr. Vonbank in Bregenz,,,
Software,System will not allow any log in that is not done with a Philips card ..Entire dept is down,System will not allow any log in that is not done with a Philips card ..Entire dept is down,,,
Software,"No more connection with the scanner, all the attempts are in failure but it is working to other recipients.",Connection problem,,,
Software,"I wanted to consult about a problem that I am having when importing a PET study from Intellispace ha Mirada, the calculation program that we have for the dosimetry of patients of radioembolization with Y-90. 
The procedure that I usually follow is to download the study from the PACS and pass it to local. 
Once I have it locally, I enter In Look and I do a query/Retrieve. But when giving retrieve, an error appears saying ""Move operation failed""",Problems importing studies from Intellispace to look,,,
Software,PSA settings.,Nastaven? PSA,,,
Software,Customer reporting an issue connecting to ISP server .182 on the Concerto stack,Customer reporting an issue connecting to ISP server .182 on the Concerto stack,,,
Software,"WHEN TURNING ON THE EQUIPMENT AND ENTERING THE KEY, IT DOES NOT LOAD THE LIST OF
THE EQUIPMENT IS RESTARTED REQUESTING A NEW INTROCUCCI?N
PASSWORD AND REPEATING THE SAME INDEFINITELY SO
THAT IT IS IMPOSSIBLE TO PERFORM THE INTERPRETATION OF THE STUDIES.",AL ENCENDER EL EQUIPO E INTRODUCIR LA CLAVE NO CARGA LA LISTA DE TRABAJO,,,
Software,space on critical level. delete data before resuming work,error message in ISP concerto - disk space on critical level,,,
Software,ISP NOT LOGGING,ISP NOT LOGGING,,,
Software,Support Required for Option key installation,Support Required for Option key installation,,,
Software,ISP system software update to version 12.1.7.,ISP software update to version 12.1.7,,,
Software,"Reported problem: Two users cannot enter.
Location of the equipment: Neurology and Vascular Radiology
When did the failure happen?: For a couple of days
When will the equipment be available for intervention? What is the best day or time?: As soon as possible
Was the equipment in clinical use when the failure occurred?: Yes",Two users cannot enter,,,
Software,"ISP 2 in ""waiting"" mode. Services restarted and ISP 2 was restarted, but not helping. Server still busy or in waiting mode.",Export/import of images not working,,,
Software,Cannot Login to System,Cannot Login to System,,,
Software,"Caution: This e-mail originated from outside of Philips, be careful for phishing. 

Hello Rens,

All modalities that get DMWL from Epic and have Storenode in Sectra, need to be changed to dicom router.

Are there more servers in Antonius that you can convert as far as you know?
I do not know any 2:

1.	ISP gets no DMWL, only store will then change to:

AET: DICOMROUTERPACS1
IP: 172.30.13.127
Port: 1041

Since recently ISP falls under the management of Martijn de Weerd and me. 

2.	The same story is with ISCV. This also needs to be changed. 
Does ISCV have DMWL or HL7? That is only the question.
In principle Monica Groskamp does management. She will eventually contact Philips if necessary.


Both servers use Q/R. Unfortunately it has not yet been set up in dicom router. 
First ICR will set up Q/R, then we need to test and then convert to dicom router.

Now we can in principle not do much, waiting for the ICT.

Gr
Olga




From: Servicedesk IntelliSpace Portal (Functional Account) <servicedesk.isp@philips.com> 
Sent: Monday 19 December 2022 12:35
To: Antuma, Arno <arno.antuma@philips.com>; Beregovaya, Olga (KFI) <o.beregovaya@antoniusziekenhuis.nl>
Subject: RE: portal

Dear Olga,

I assume that you will send from the router to portal.
This can always be done, you can use the same data as you have in PACS.


Kind regards,

Rens Hoekema
Technical Consultant
Enterprise Diagnostic Informatics
Philips Health Systems Benelux
 
High Tech Campus 52, office 04.29, 5656 AG Eindhoven 
The Netherlands Tel: +31 (0) 40 700 12 10 options 2-4-5. 
Belgium Tel: +32 (0) 2 503 47 27 options 2-4-5

E-mail: servicedesk.isp@philips.com
Web: www.philips.com/healthcare

I would like to ask you to do a ""reply all"" with each reply to our mail. 
The mail will then also be sent to OneEMSProd@philips.com email address, 
As a result of which the update is processed automatically in our call system

 
Connect with Philips
   


From: Antuma, Arno <arno.antuma@philips.com> 
Sent: Monday 19 December 2022 12:20
To: Beregovaya, Olga (KFI) <o.beregovaya@antoniusziekenhuis.nl>; Servicedesk IntelliSpace Portal (Functional Account) <servicedesk.isp@philips.com>
Subject: RE: portal

Hello Olga,

Thanks for your message, I will forward this question to my technical colleagues.
@Servicedesk IntelliSpace Portal (Functional Account), can you answer Olga's question?

Could you in any case briefly describe what you are planning? What is adjusted and how can the new routing ideally look like?
Thanks in advance for your reaction.

Sincerely

Arno Antuma
Application Consultant IntelliSpace Portal
Philips Health Systems Benelux

High Tech Campus 52, office 04.029, 5656 AG Eindhoven
Tel: +31 (0) 6 3926 5982, E-mail: arno.antuma@philips.com

Helpdesk: +31 (0) 40 700 12 10 option 2 - 4 - 5, servicedesk.isp@philips.com 

Absent on Fridays
More information about IntelliSpace Portal
 
Connect with Philips
      



From: Beregovaya, Olga (KFI) <o.beregovaya@antoniusziekenhuis.nl> 
Sent: Monday, 19 December, 2022 12:10
To: Antuma, Arno <arno.antuma@philips.com>
Subject: portal

Caution: This e-mail originated from outside of Philips, be careful for phishing. 

Hi Arno,

We need to transfer portal from Sectra to Dicom router.
How can we best take this so we do not obstruct production?


present: Mondays, Tuesdays of odd weeks, Wednesdays and Fridays
Kind regards,
Olga Beregovaya
 
Team Imaging Techniques
Technical management imaging equipment
 
Olga Beregovaya 
Patrick van der Linden
Mark van der Neut
Martijn de Weerd
Gerard Groen
Location Nieuwegein: 088 - 320 96 85
Location Utrecht: 088 - 320 04 23 
Location Nieuwegein Angio CV: 088 - 320 04 40
P.O. Box 2500 
3430 EM Nieuwegein
E. radiologietechniek@antoniusziekenhuis.nl

PROTECTION**** 
The information sent in this e-mail message is confidential and exclusively intended for the addressee. If the information is wrong 
Ended up with you, we kindly request you to inform the sender of this and remove the information. 
Publication, duplication, distribution and/or supplying of this information to third parties without explicit consent of the 
Sender is not allowed. No rights can be derived from the supplied information, unless explicitly indicated otherwise in the 
e-mail message. We are not in for the correct and complete transfer, nor for the timely receipt of this e-mail message.


________________________________________
The information contained in this message may be confidential and legally protected under applicable law. The message is intended solely for the addressee(s). If you are not the intended recipient, you are notified that any use, forwarding, reproducion, or reproduction of this message is strictly prohibited and may be unlawful. If you are not the intended recipient, please contact the sender by return e-mail and destroy all copies of the original message.",Add dicom node,,,
Software,"At start-up, the device displays the message: access refused to the portal server, contact the portal system administrator.",The device displays a message,,,
Software,"Impossible to connect and when trying different codes it does not work.  
Already turned off and back on and an error message is displayed.",Probl?mes d'acc?s,,,
Software,Reported slow down on the portal server.,Slowdown on the server portal server,,,
Software,Install Windows security patches,Import Windows Security Patches,,,
Software,Unable to retrieve patient data,Unable to retrieve patient data,,,
Software,"On the scanner, cannot be put in double screen on the application ""portal ult elli relli ce""",Pb Double ?cran display,,,
Software,Impossible to connect to the portal from a specific station (annex station).,Connection problem,,,
Software,Problem with client station screen,Customer Post Office Problem,,,
Software,ISP Down,ISP Down,,,
Software,"When using the filming tool, patient records are created. These records can be deleted on the same day that they are created, but outside that date it does not allow to load them and they cannot be deleted with the consequent accumulation of these records.
This incident was already dealt with before but there was no solution to be able to delete the accumulated records with the user account.",Within the filming tool there are unleashed records.,,,
Software,patient data is not displaying,patient data is not displaying,,,
Software,"Issue described by customer:
""Hey guys, see new issue, we created a volume tissue of full airways seen below in blue, we saved tissue in usual fashion. We then loaded saved tissue with a volume , notice the proximal 2/3 of airway is missing. We repeated this 4 times and are unable to get full volume of airway to be included. This is the first time we have this issue. Les, logged on in his office and it works fine for him. We were both on server 2. I logged off and back on and I am still seeing this issue. """,Tissue segmentaion - airways is missing,,,
Software,Erasing in the database was edited.,?prava maz?n? v datab?zi,,,
Software,want to upgrade from windows 2012,want to upgrade from windows 2012,,,
Software,ISP is getting errors sending studies to a storage device.,ISP is getting errors sending studies to a storage device.,,,
Software,Unable to send to PACS,Unable to send to PACS,,,
Software,install the attached license keys for Radnet Northeast today.  These are engineering keys to replace the permanent keys already installed.  Please back up the existing license and install these which include Veralook at 6 pm eastern today.,Install new product license on Master and Secondary servers at Radnet NorthEast -,,,
Software,01/IntelliSpace Portal Solutions/cann't boot up,01/IntelliSpace Portal Solutions/cann't boot  up,,,
Software,The ISP froze during image processing and the connection with the server was cut (this has occurred twice). I asked him to restart the >> server.,01CS: kki: isp ??????????????????????????? (2 ???) ???????? ???,,,
Software,05K/IntelliSpace IX/LX Workstations/add node,05K/IntelliSpace IX/LX Workstations/add node,,,
Software,"From the Hospital de Coru?a they tell us that they cannot download studies from any center.

Could you please check it? 

To provide some more information, they also tell me that it happens from Xcelera in cardio.",SPACS - PORTAL - CHC - Problem recovering studies from all hospitals,,,
Software,"Requests a different configuration on the station, the image is presented differently.",probl?me de configuration,,,
Software,"Studies cannot be retrieved from the PACS of other hospitals. 

It happened a couple of days ago.",You cannot recover studies from the PACS of other hospitals,,,
Software,ISP system is slow,ISP system is slow,,,
Software,Error in Volumetry,Error in Volumetry,,,
Software,"Dear Service Desk

Gloucester are experience ?lagging? on ISP when scrolling through images. This is in both Live IS PACS and being seen in the current test Vue PACS.

Please can you investigate the live IS lagging issue, they are both connected to the same IS Portal.

Thank you.

----------

Hello,

Just reporting the performance issues with the Intellispace Portal, both in the current system and identified during testing of the Vue PACS.

Thanks,

Kind Regards,
Chris",ISP - GLO00 - Portal performance issues,,,
Software,It is slow and locking,It's slow and locking,,,
Software,"Assistance after upgrade. 

Non-blocking problem",Assistance after non -blocking portm upgrade,,,
Software,ISP is not able to perform store operation.,ISP is not able to perform the Store Operation,,,
Software,Unable transfer workstation to main console,Unable transfer workstation to main console,,,
Software,"Software cannot be started 
Please call Mr. Kollar, Tel.: 056198017358",Software cannot be started,,,
Software,into,ISP12 Installation when upgrade to 12.1.6 and 12.1.7 the acceptance test fail,,,
Software,Ilo connection parameters,Parametrage connexion  ILO,,,
Software,Issue with AutoQuant. queue.exes stop working.,Issue with AutoQuant. queue.exes stop working.,,,
Software,"IntelliSpace Portal (ISP) SN #706485: Applications ""Cardiac MR Viewer and Cardiac Analysis"" only work in service mode.

Decreased functionality - Vivian Pellas Hospital, | Rivas Opstaele S.A.","""Cardiac Mr Viewer and Cardiac Analysis"" applications only work in service mode",,,
Software,01/IntelliSpace IX/LX Workstations/,01/IntelliSpace IX/LX Workstations/,,,
Software,Getting error verification portal light expired,Getting error verification portal light expired,,,
Software,"Impossible to open the PCs, impossible to open the interpretation consoles.",Impossible to open the PCs,,,
Software,"As preparation for the upgrade from ISP to version 12.1.7, rolling out the new client software would be tested via software distribution.

This installation includes the following components:

- 12.1.5 MSI
- 12.1.6 Patch
- 12.1.7 Patch

The V12.1.5 (base) MSI is installed without problems.
But unfortunately not the patches afterwards. 
So far nothing can be seen in the log files, and it then looks as if they are successfully installed.
If the ISP client is then opened, auto update starts to update the client.
In the logs you can then see that both patches are downloaded and installed. 

This problem prevents the switch to the new V12.1.7 system.",Problem with installation/distribution from 12.1.6 and 12.1.7 Patch,,,
Software,Cannot load data from the server from the client.,01CS:RS:?????????????????????????,,,
Software,SA:01/IntelliSpace Portal Solutions/System stuck,SA:01/IntelliSpace Portal Solutions/System stuck,,,
Software,"Can you configure a new send node on Intellispace? Preferably during this week... We have had a new installation of the cVi42 software with a new PC and then also a new IP
We need the old cVi node in Intellispace to still live against the old IP address until we have tested that everything works on the new one. So we have to run with 2 cVi nodes on Intellispace for a period of time. Also see that there is a node called cVi42, I think it can be deleted. The doctors who use the program say it doesn't work.
 
Call the new CVi node ""new cVi"", with the following data:
AET = CVI_DEMO",Can you configure a new send node on Intellispace? Preferably during this week... We have had a new installation of...,,,
Software,"Issue: Malfunction
Error description: IP address must be changed",IP address must be made,,,
Software,coming up with low disc space on the portal,coming up with low disc space on the portal,,,
Software,GETTING BUG REPORT,GETTING BUG REPORT,,,
Software,"A visit is requested to check the operating system of the resonator workstation, since it shows failures, attributable to the operating system. Windows error, so the equipment must be restarted.",ERROR WORK SETTING,,,
Software,Export configuration PACS IntelliSpace SJU Sibiu 50777,Setup Export Pacs Intellispace SJI Sibiu 50777,,,
Software,HL7 interface test,HL7 cutting point test,,,
Software,IT IS TOO SLOW,Too slow,,,
Software,critical error on computer,0902CDY70S09 critical error on computer,,,
Software,SW corrupt,SW corrupt,,,
Software,Showing blue screen error and System not switch on,Showing blue screen error and System not switch on,,,
Software,ISP slowness,ISP slowness,,,
Software,"Dear PMS, Please see below service request.

System Name:   INTELLISPACE PORTAL SERVER

System Serial Nr: CZ29280T0

Software Level: 10.1.1.21740

Full Problem Description: 
System fails to connect to hospital network because of network adapter problem.

Problem History / Corrective actions taken: 
The hospital IT shifted the systems from and again back to the same building due to building renovation process, it is when the hospital IT discovered all the network adapters/connections including the hospital LAN was disabled.
We have tried different options to re-enable without success.
 

I reloaded the Server software, but soon after operating system is installed the following error message poped up
 

After this message when pressed ok,currently in the network connections settings is empty in control panel, made several attempts to restore network without success.

 

RSN available: No

Attachment(s): 

Kindly assist.

Regards,

KENNY E. JORAM
FIELD SERVICE ENGINEER.",Network adapter issue,,,
Software,The cardiac analysis application is giving errors and it closes (images are attached),Continuous interruptions of the cardiac analysis application in portal,,,
Software,01/IntelliSpace Portal Solutions/Unable to log on to the server,01/IntelliSpace Portal Solutions/Unable to log on to the server,,,
Software,01/IntelliSpace Portal Solutions/AVA software cannot be used,01/IntelliSpace Portal Solutions/AVA software cannot be used,,,
Software,Request for assistance for information on the doors.,Configuration problem,,,
Software,"This week, the equipment presented software installation failures again, not allowing the exclusion of old exams, which is causing blockage, slowness, failures receiving the exams on the machine, so it is necessary to exclude files","This week, the equipment has returned to software installation failures, not allowing the exclusion of ...",,,
Software,Unable to Import Patient Data in other systems DVD writer issue in ISP,Unable to Import Patient Data in other systems DVD writer issue in ISP,,,
Software,"DEMO license installation is required on February 6th at AM, so that the specialist can make the induction to the client in the afternoon.",Intsalación Demo license,,,
Software,Showing blue screen error and System not switch on,Showing blue screen error and System not switch on,,,
Software,ISP system is not switching On,ISP system is not switching On,,,
Software,System not booting,System not booting,,,
Software,Cannot retrieve authentication source for server Error appearing in system unable to login,Cannot retrieve authentication source for server Error appearing in system unable to login,,,
Software,ISP RCH Yanbu,ISP RCH Yanbu,,,
Software,into,ISP12 Installation While upgrade from 11.1.4 date segregation settings were lost,,,
Software,Fix IDRAC so AH Team can upgrade the server,Fix IDRAC so AH Team can upgrade the server,,,
Software,Preventive maintenance case created for?server uptime/USB drive/localhost certificate/auto-delete verification,Preventive Maintenance  - CAMC Memorial Hospital,,,
Software,Data transfer is not happening,Data transfer is not happening,,,
Software,Connection CT to Intellispace portal,Anbindung CT an Intellispace Portal,,,
Software,CT perfusion module does not start,CT Perfusion Module does not start,,,
Software,"They cannot perform Querys to the Central PACS from Philips Intellispace Portal.
Hospital Quir?nsalud Valencia",Query Studies failed for device PACS Central,,,
Software,"Cima's DRa can't work with the iportal. Accesses the program well but the CHECK buttons, CT Viewer or multimodality viewer do not turn on.
Please get in touch with her as soon as possible.
Dr. Andrea De Cima. 615169868
Thanks a lot


Pepa",Dra de Cima does not have the Iportal operational,,,
Software,ISP system software update to version 12.1.7.,ISP software update to version 12.1.7,,,
Software,Adjustment DICOM parameter,Adaptation dicom parameter,,,
Software,It is reported that the computer in processing gives error dimm 2.,D? Dimm 2 error on PC,,,
Software,Insufficient resources error when importing studies from PACS,Insufficient resources error when importing studies from PACS,,,
Software,into,ISP10 NM-Viewer 3D ROI on saved Batch of PET sometimes show SUV & Counts that is approx. 10 time the original,,,
Software,No operation can be made as the user gives password error during start-up.,A? ? Ifre haatas? Verdi? Indeen I? Lem Yap? Lamamaktad?,,,
Software,"Very slow, it disconnects in the middle of interpretation.",Large slowness pb,,,
Software,v 10.1 physician would like to add to his computer,v 10.1 physician would like to add to his computer,,,
Software,advanced program is not running properly.,advanced program is not running properly.,,,
Software,Crash in AVA when refining/editing centerlines,ISP 12 Crash in AVA when refining/editing centerlines,,,
Software,Disk full message,full disc message,,,
Software,field service technician requested help to set users and passwords in a LX workstation recently formatted,setting users and passwords in a LX Workstation,,,
Software,percentile not showing for Cal Scores,percentile not showing for Cal Scores,,,
Software,Unable to open studies in NM viewer,Unable to open studies in NM viewer,,,
Software,Wechat?05R/Portal/Can't log in,Wechat?05R/Portal/Can not log in,,,
Software,"The user: KHELHAMSHARI cannot access the application, after activating it last day 18.01.23 and being able to access it without problems, it got blocked again. 
It is possible to discharge again. 
Thanks a lot.",User access to the portal.,,,
Software,Unable to login ISP,Unable to login ISP,,,
Software,Unable to transfer data from ISP to MRI console,Unable to transfer data from ISP to MRI console,,,
Software,"Impossible to access the server for the radiologist this morning, error message ""Too many users connected"" but they were only 2 online. 

Mrs. connected to the server and it is very slow, it is overloaded.",MSG of error,,,
Software,"Issue: Malfunction
Error description: During an image processing, the system hung up and was restarted. Some patients are not available now.
Contact contact person directly: Mr. Gatzke at +4915222660703",Some patients are now not available.,,,
Software,"Issue: Malfunction
Error description: Displays error
Error message: Linzen expired",Shows error message: Linzenz expired,,,
Software,It is disconnecting while reporting. It gives errors or disconnection as if it were a network problem.,Of connection errors,,,
Software,"Studies are not loaded. 

Failure: today
Intervention as soon as possible 
Clinical use - No",Studies do not load,,,
Software,v10.1 3D coronary,v10.1 3D coronary,,,
Software,Dyancad not opening from Clients.,Dyancad not opening from Clients.,,,
Software,FSE support required for connect to PACS,FSE support required for connect to PACS,,,
Software,Tissue segmentation - airways is missing,ISP12 CT-Viewer sometimes tissue created for airways is cut,,,
Software,Cannot log on ISP,Cannot log on ISP,,,
Software,"The Change Patient details function does not work, the doctor is unable to associate previous studies and to compare with examinations coming from other structures with different Patient ID",Change Patient Details function does not work,,,
Software,It gives an error: Pacs vlr add-on - Work Order: 2479102,It gives you an error: VLR complement of PACS -OT: 2479102,,,
Software,After updating the system shows an error,after updating the system presents error,,,
Software,HL7 - Interface test,HL7 - cutting point test,,,
Software,Unable to login,Unable to login,,,
Software,setting users and passwords in a LX Workstation,setting users and passwords in a LX Workstation,,,
Software,MR Neuro Perfusion application not loading,MR Neuro Perfusion application not loading,,,
Software,"Good afternoon We are suffering extreme slowness in the server functionality, we see that this is also reflected in its server.- Could you check it? I added access by anydesk.-

ID: 908600035
Provisory password: *ISP_ARE

Alfonso.-",Very slow operation of the application (Isportal Arenales) .-,,,
Software,Computer keeps shutting off,Computer keeps shutting off,,,
Software,"Dear all,
We have this message popup ( see attached file) when I open the application on the pc client, knowing that when I open the application directly on the server there IS no problems Best regards



System name: ISP   v 12.1.5
Customer Name: hospital ben arous
Location: Tunisia
System Serial Nr:  300903",ISP V 12.1.5,,,
Software,Requests the settings to correct the reassembly of the new patient.,Radios go up but impossible to see the IRMS and scanners.,,,
Software,Queue locked and problem with PACS,LINED LINK AND PACS PROBLEM,,,
Software,Upgrade on site pc client V12,upgrade on site pc client V12,,,
Software,Notification about detected malware for the end point SRVISP02,Notification about detected malware for the end point SRVISP02,,,
Software,"Issue: Malfunction
Error description: IntelliSpace cannot be opened from PACS. Error exists only with one user with all computers
Further: APP server was down the last time 
Contact: can be reached today until 2:30 pm",IntelliSpace does not let the Pacs do,,,
Software,Slowness and bug of the ISP,ISP dysfunction,,,
Software,The work job is locking up.,Worktext is crashing,,,
Software,The workstation's UPS has an alarm activated.,Nobreak da workstation est? com alarme acionado,,,
Software,Autoquant application not launching -- Error install new version,Autoquant application not launching -- Error install new version,,,
Software,Giudici opens for: sometimes it does not communicate with the network,Every now and then it does not communicate with the network,,,
Software,Run SRT for v12 VM installation,Run SRT for v12 VM installation,,,
Software,Login issue,Login issue,,,
Software,Error in opening the reconstructions,Error opening the reconstructions,,,
Software,DNS change - Users unable to access Portal,DNS change - Users unable to access Portal,,,
Software,GETTING ERROR BUG,GETTING ERROR BUG,,,
Software,System is very slow-since 1/26/2023,System is very slow-since 1/26/2023,,,
Software,"Issue: Malfunction
Error description: Questions about CT brain perfusion analysis - function not given
Further: Customer feedback report will be created",Questions about the CT Brain Perfusion Analysis ? Function not given,,,
Software,Cannot process cardiovascular data on a particular client PC.,01CS:KKI:?????????PC??????????????,,,
Software,01/IntelliSpace Portal Solutions/Can't take a film,01/IntelliSpace Portal Solutions/Can't take a film,,,
Software,data transfer issue,data transfer issue,,,
Software,ISP system software update to version 12.1.7.,ISP software update to version 12.1.7,,,
Software,Installation of software.,Installation software,,,
Software,Installation of software.,Installation software,,,
Software,"customer wants to know if program SMAK can be installed for the v10 version on .185, .186, .187 servers","customer wants to know if program SMAK can be installed for the v10 version on .185, .186, .187 servers",,,
Software,"Creating an account ""llekan"" with permissions to delete/modify examinations on ISP.",Creating an account ?llekan?z with the right to delete/modification is investigating? on ISP.,,,
Software,"Good afternoon, dear all, given the findings they sent us, we analyzed the case and we saw that there are nodes in the ISP that are not used, furthermore we have to leave a configured node for sending to EXA (Subject: Summary Boards).-",San Isidro isportal nodes configuration.-,,,
Software,"Good afternoon, dear all, given the findings they sent us, we analyzed the case and we saw that there are nodes in the ISP that are not used, furthermore we have to leave a configured node for sending to EXA (Subject: Summary Boards).-",Emerald Isportal nodes configuration.-,,,
Software,"Good afternoon, dear all, given the findings they sent us, we analyzed the case and we saw that there are nodes in the ISP that are not used, furthermore we have to leave a configured node for sending to EXA (Subject: Summary Boards).-",Loria Isportal nodes configuration.-,,,
Software,"Good afternoon, dear all, given the findings they sent us, we analyzed the case and we saw that there are nodes in the ISP that are not used, furthermore we have to leave a configured node for sending to EXA (Subject: Summary Boards).-",ISPORTAL NODO SETTING APPLICATION FINOCHIETTO.-,,,
Software,Wechat:01/IntelliSpace IX/LX Workstations/software crash,Wechat:01/IntelliSpace IX/LX Workstations/software crash,,,
Software,05R/IntelliSpace Portal Solutions/add node,05R/IntelliSpace Portal Solutions/add node,,,
Software,01/IntelliSpace IX/LX Workstations/Intermittent crash,01/IntelliSpace IX/LX Workstations/Intermittent crash,,,
Software,SA:02N/IntelliSpace IX/LX Workstations/transfer,SA:02N/IntelliSpace IX/LX Workstations/transfer,,,
Software,Getting Work Flow Error Unable to Login in ISP System,Getting Work Flow Error Unable to Login in ISP System,,,
Software,Bug Report Error and Unable to view images in ISP system,Bug Report Error and Unable to view images in ISP system,,,
Software,SA:05R/IntelliSpace Portal Solutions/Icon not displayed,SA:05R/IntelliSpace Portal Solutions/Icon not displayed,,,
Software,05R/IntelliSpace Portal Solutions,05R/IntelliSpace Portal Solutions,,,
Software,Wechat:SA:05R/IntelliSpace Portal Solutions/can't bootup,Wechat:SA:05R/IntelliSpace Portal Solutions/can't bootup,,,
Software,02N/IntelliSpace IX/LX Workstations/software login failed,02N/IntelliSpace IX/LX Workstations/software login failed,,,
Software,Direct call from Mr. Heckyed: Batches are not being transferred from the integration into the PACS,Batches are not transferred from the integration into the PACS,,,
Software,"Direct call Ms. Heuser, APP: Secondary captures are not being transmitted into the PACS",Secondary Captures werden nicht ins PACS ?bertragen,,,
Software,ISP Client installation,ISP Client Installation - on -site detection,,,
Software,into,ISP12 TAVI in Access Route Assessment the automatic vessels extraction is often not accurate and need user correction.,,,
Software,into,CaSupp not available in ISP 12,,,
Software,ISP application is not opening,ISP application is not opening,,,
Software,into,"The axial, sagittal and coronal tools do not work in AVA",,,
Software,into,"ISP V12.1.6 Client file ""spoonvirtuallayer.exe"" is detected as Virus   from AV Scanners",,,
Software,01/IntelliSpace IX/LX Workstations/delete data,01/IntelliSpace IX/LX Workstations/delete data,,,
Software,Multimodality viewer not functioning,Multimodality viewer not functioning,,,
Software,02N/IntelliSpace Portal Solutions/Add post-processing software,02N/IntelliSpace Portal Solutions/Add post-processing software,,,
Software,05R/IntelliSpace IX/LX Workstations/Shutdown,05R/IntelliSpace IX/LX Workstations/Shutdown,,,
Software,ISP Certificate error is coming,ISP Certificate error is coming.,,,
Software,Impossible to load the nuclear medicine tab.,Not possible to load the Nucleaire m reccine tab,,,
Software,"User NAROMERO after entering the hospital without problems for a day, the application crashed again.",User Problem Portal Income,,,
Software,Problem: There are many studies with failures and in the queue.,Problem: There are many studies in failures and in tail,,,
Software,"Disorder:
Failure: 
Total failure, no login possible",Total failure no log in possible,,,
Software,"Dr. Andrea De Cima cannot start session in IPORTAL.
The program stays in ""looking for authentication sources""
His cell phone is 615169868
Thank you",Dr. de Cima cannot start session in Iportal,,,
Software,Cardiac MR data from Philips MRT are no longer loaded in the cardiac MR Viewer module. Data was acquired as always. Appears to affect all patients.,Cardiac.mr Viewer does not read data,,,
Software,Change on password for FSE_Admin user in local ISPv12.1.6 server,FSE_Admin local ISP user password fix,,,
Software,Dr Kennedy is unable to save spinning MIP images out of memory error displayed,Unable to save AVA spinning MIP,,,
Software,Management requested a license file change to unlock new features for some local NeuroQ features (amyloid),ISPv12.1.6 - license file replacement,,,
Software,"Issue: Malfunction
Error description: There are several ""failed"" orders again in the queue. Please look at it again.","There are several ""failed"" appearing in the queue again",,,
Software,"Customer question about CaseID# 0117970235 by email about the current status

An overlay batch created in the Spectral Viewer cannot be linked with the original images, that is not possible in the PACS nor in the ISP MMV, the error can be reproduced on the client and server - > error was addressed via ICAP application M. Kusch direction L3",Probleme mit Bildsynchronisation in IMPAX,,,
Software,"Issue report by customer via email. Issue as explained by the customer:
Hi ? 
We are having some trouble with Concerto. 
Can one of you give us a hand?

It started out with studies failing to open through the integration.
I pulled 10.244.150.53 from the Concerto dashboard ? and rebooted it.
The issue seems to have gone away ( we can load studies through the integration ) but now that server is hung at this screen.",Concerto server is hung up - Customer unable to open application,,,
Software,"THE PROBLEM IS THAT (THE ISP) IS NOT CONNECTED TO PACS, TO THE CLOUD OR TO PRINTERS, SO IT IS NOT BEING USED, CAN YOU HELP ME BY CONNECTING IT TO THE SYSTEM","EL PROBLEMA ES QUE (LA ISP) NO EST? CONECTADA NI AL PACS, NI A NUBE, NI A IMPRESORAS, POR LO QUE NO SE EST?...",,,
Software,101531950,License Installation,,,
Software,Management requested a license file change to unlock new features for some local NeuroQ features (amyloid),ISPv12.1.6 - license file replacement,,,
Software,ACR Processing questions-physicist,ACR Processing questions,,,
Software,critical error occur,critical error occur,,,
Software,need to add new dicom pacs node,need to add new dicom pacs node,,,
Software,cannot connect to license server,cannot connect to license server,,,
Software,01/IntelliSpace IX/LX Workstations/add ACC NO,01/IntelliSpace IX/LX Workstations/add ACC NO,,,
Software,05R/Extended Brilliance Workspace/recon,05R/Extended Brilliance Workspace/recon,,,
Software,05R/Extended Brilliance Workspace/crash,05R/Extended Brilliance Workspace/crash,,,
Software,02N/IntelliSpace IX/LX Workstations/add node,02N/IntelliSpace IX/LX Workstations/add node,,,
Software,05R/Extended Brilliance Workspace/viral impact,05R/Extended Brilliance Workspace/viral impact,,,
Software,Problem connecting to the ISP application with an error message saying in intelispace portal license is invalid and another message saying please replace license key or contact your local Philips representative,ISP connection problem,,,
Software,The user RMONMANY cannot download studies from the RM or the PACS.,You can't download studies or RM or PACS,,,
Software,Space issue,Remote Alert: D Drive running out of free space,,,
Software,Log in problems.,Log in probl?m?k,,,
Software,into,AVW15: Users unable to use clients,,,
Software,"Via Ms. Heuser, App: Preprocessing for brain perfusions does not work.",Preprocessing does not work,,,
Software,could not login in application and service,could not login in application and service,,,
Software,EBW System is not booting up,EBW System is not booting up,,,
Software,into,"ISP12 MR cardiac T1 mapping doesn't load with the study, customer need to add them manually",,,
Software,"Tique: 2482540 - ""waiting to receive the start-up order from the internal server"". 
When trying to open the Philips IntelliSpace program, the opening does not progress with a message that says ""waiting to receive the start order from the internal server"". We have restarted and turned off the computer but it still does not work, can you help us? Thank you","Tike: 2482540 - ""Waiting to receive the start order from the internal server.""",,,
Software,"Observation of slowness when using the concerto (over several weeks).
Checked the usage rates and slowness.",ISP - BRON - slowness of slowness on the use of the concerto,,,
Software,UVM GPO updates on production servers,UVM GPO updates on production servers,,,
Software,"EQUIPMENT STILL HAS PROBLEMS, EQUIPMENT NOT OPERATIONAL, SAME SYMPTOMS ARE REPEATED (EQUIPMENT RESTARTS)",Team continues in fault,,,
Software,Freezes during pulling report and have to reboot,Freezes during pulling report and have to reboot,,,
Software,"The Workstation is not connecting with the PACS, it is not able to send/pull exams.","Workstation is not connecting with PACS, not to send/pull tests.",,,
Software,Customer reported that system crashing during the post process of studies.,ISP - system crashing,,,
Software,Not enough storage -- Users are reporting error,Not enough storage -- Users are reporting error,,,
Software,Transfers to STH_ARCHIVE failing.,Transfers to STH_ARCHIVE failing.,,,
Software,VIP-CLIENT-WORKSTATION SENDS ERROR OF FAILURE WITH THE SERVER,VIP-CLIENTE-ESTACI?N DE TRABAJO MANDA ERROR DE FALLA CON EL SERVIDOR,,,
Software,Wechat:05R/IntelliSpace Portal Solutions/auto delete,Wechat:05R/IntelliSpace Portal Solutions/auto delete,,,
Software,Wechat:SA:05K for IB/IQon Spectral CT/Workstation cannot enter,Wechat:SA:05K for IB/IQon Spectral CT/Workstation cannot enter,,,
Software,Wechat:01/Extended Brilliance Workspace/Slow computer response,Wechat:01/Extended Brilliance Workspace/Slow computer response,,,
Software,05R/Extended Brilliance Workspace/Data loss after restart,05R/Extended Brilliance Workspace/Data loss after restart,,,
Software,Wechat:01/Brilliance Workspace Portal/Portal cannot log in,Wechat:01/Brilliance Workspace Portal/Portal cannot log in,,,
Software,05R/IntelliSpace IX/LX Workstations/Software failure,05R/IntelliSpace IX/LX Workstations/Software failure,,,
Software,SA:02N/IntelliSpace Portal Solutions/Transmission failure,SA:02N/IntelliSpace Portal Solutions/Transmission failure,,,
Software,"The problem with the ISP DynaCad server has started on January 1, 2023.
The breast MRI examinations described since then (with a few exceptions) have not been automatically transferred from ISP's local database to the DynaCad server, as it should be. 
The transfer of images manually from the Local database to the ISP DynaCad server has also not been successful. On the subject, DynaCad analyzes have not been performed at all after the failure occurred.",Issues with DynaCad server,,,
Software,The server does not start.,Do not start,,,
Software,02N/IntelliSpace IX/LX Workstations/add DICOM notes,02N/IntelliSpace IX/LX Workstations/add DICOM notes,,,
Software,ISP system software update to version 12.1.7.,ISP software update to version 12.1.7,,,
Software,"Hello

We are seeing a Certificate Error each time we login to ISP - please could someone take a look?
[image001 attached]

If this is just a case of asking IT to add our global wildcard cert onto the server and register in iis please let me know and I will ask them to do that.

Many thanks
Jamie",ISP - BSU00 - Certificate Error,,,
Software,into,ISP12 MR CAAS MR 4D flow/ Strain can't save results to the PACS,,,
Software,PPAI-5 PO - Studies that stay in the CHP ERROR download,PPAI -5 PO - Studies that stay in the error download CHP,,,
Software,Unit is down/ Needs error log to be looked at.,Unit is down/ Needs error log to be looked at.,,,
Software,Deleting a user or folder inquiry,Deleting a user or folder inquiry,,,
Software,Reloaded software.,Ricarica software,,,
Software,Configure intellispace connection with CT equipment with serial 95716511 and 9721910,Configure intellispace connection with CT equipment with serial 95716511 and 9721910,,,
Software,"Studies are sometimes not transmitted from the CT.
Call of the ISP on the client appears to be disturbed, or certain application servers.",ISP Problem,,,
Software,AVA bone removal fail message need bug report,AVA bone removal fail message need bug report,,,
Software,ISP performance issues when launched from PACS integration,ISP performance issues when launched from PACS integration,,,
Software,Masked Prone data not saving as expected-using custom preference in AutoSpect,Masked Prone data not saving as expected-using custom preference in AutoSpect,,,
Software,update PACS,update PACS,,,
Software,How to login and chance diacom destination,0902CFXXXS09        How to login and chance diacom destination,,,
Software,Install Autoquant Limit files for a Spectrum-Dynamics NM camera,Install Autoquant Limit files for a Spectrum-Dynamics NM camera,,,
Software,Console reporting system not switching on,Console reporting system not switching on,,,
Software,ISP not functioning,ISP not functioning,,,
Software,The application does not run.,08ids: ????????????????????????????,,,
Software,"The connection with the client has stopped working, connection error with the address 10.51.10.30 port 780 connection time 4999 ms OT874594
Brilliance CT64
Radiodiagnostics Department",The connection with the client has stopped working OT874594,,,
Software,"Issue: Malfunction
Description of error: The three D displays that are made on the Intellispace can only be sent into the PACS via the work list.
Error message:-",Problems with Intellispace,,,
Software,"The autodelete function has not started... should start by 1000Gb free, new is less thatn 600Gb free",AutoDelete is not working.,,,
Software,Temporary folders are not deleted at directory level.,ISP12 PD Temporary folders are not deleted at directory level.,,,
Software,They cannot log in to the Intellispace Portal,It is not possible to log in to the IntellisPace Portal,,,
Software,Filiming in the ISP is not required to send or select the file.,Problem of sending or selection of file,,,
Software,User need the UID fixed.,User need the UID fixed.,,,
Software,"We request if possible the configuration of the Drystar AXIS printer.
Drystar
IP 172.16.81.60
AeTitle AXYS
Port104
Hostname axys",Loria Isportal - AGFA DRYSTAR AXIS PRINTING,,,
Software,Unable to find patients,Unable to find patients,,,
Software,SW Upgrade to R12.1.6,SW Upgrade a R12.1.6,,,
Software,ISP Movies Issue - Movies Full,ISP Filmer issue,,,
Software,User are having problems with one study within the system.,User are having problems with one study within the system.,,,
Software,"remove devices receive ""error opening file unit 101""",ISPv11: NeuroQ error message for remote workstations,,,
Software,Has no worklist,x35116 Has no worklist,,,
Software,License Install,License Install - Concerto Engine,,,
Software,VIP-ERROR: IT CANNOT RECOVER AUTHENTICATION SOURCES.,VIP-error: You cannot recover sources of authentication,,,
Software,system down after rebooting due to RAM consumption peak,ISP system down,,,
Software,License Install - Server1,License Install - Server1,,,
Software,License Install - Server2,License Install - Server2,,,
Software,License Install - Server3,License Install - Server3,,,
Software,02G/IntelliSpace IX/LX Workstations/Customer consultation,02G/IntelliSpace IX/LX Workstations/Customer consultation,,,
Software,Cannot access Standalone from the ISP Master>> Standone power was not on> was turned on and access was possible.,01CS:KKI:ISP Master??Standalone???????????Standalone??????????????????????????,,,
Software,ISP customer does not start up anymore,ISP customer no longer starts,,,
Software,MR NeuroQuant is not working in newly installed ISP v12.1.6 Server and clients.,MR NeuroQuant is not working in newly installed ISP v12.1.6 Server and clients.,,,
Software,"Disorder:
Failure:
Calculation of the SPM not possible in the FMRT tool",Calculation of the SPM is not possible in the FMRI Tool,,,
Software,They are not downloaded or the download of previous studies is very slow,The discharge of previous ones is not downloaded or very slow,,,
Software,Does not pull the studies,I don't pull the exams,,,
Software,Unable to transfer data from main system to other systems,Unable to transfer data from main system to other systems,,,
Software,"Each time the users perform a Cardiac RM postprocessing of any study, the server sends a message and they cannot do anything.","Every time users perform a cardiac RM postprocess of any study, the server sends a message and ...",,,
Software,Security is questioning the programs they are running on the server.,Security is questioning the programs they are running on the server.,,,
Software,"will not send to cardiac pacs, after software load","will not send to cardiac pacs, after software load",,,
Software,Software Issues - Error Message - Slice issues,Software Issues - Error Message - Slice issues,,,
Software,user getting .net error - Unhandled exception has occurred in a component in your application..,User getting .net error,,,
Software,Slow,Slow,,,
Software,05R/IntelliSpace IX/LX Workstations/login failed,05R/IntelliSpace IX/LX Workstations/login failed,,,
Software,02N_148_RAD_ISP_LNA app can not use,02N_148_RAD_ISP_LNA app can not use,,,
Software,OCAP:05R/Extended Brilliance Workspace/ SW error,OCAP:05R/Extended Brilliance Workspace/ SW error,,,
Software,ISP not responding. Case raised by CT applications specialist while onsite.,ISP not responding,,,
Software,01/IntelliSpace IX/LX Workstations/modify IP,01/IntelliSpace IX/LX Workstations/modify IP,,,
Software,portal viewer not functioning,portal viewer not functioning,,,
Software,Issue malfunction: does not connect with the Internet.,does not connect to the Internet,,,
Software,Occasional crashes on MRI applications.,Occasional crash on MR applications.,,,
Software,"Caution: This e-mail originated from outside of Philips, be careful for phishing. 

Hello support,

There are 12 failed studies in the ISP-Dynacad application.
I restarted the services and tried to resend the jobs.
There are a number of images that fail, but the column next to it says that everything is in.
Can you see what this is because of?

 

Thanks in advance!
Regards Kyra

On behalf of Maastricht UMC+: 
___________________________________________
Kyra van Eijsden
Application specialist Imaging & Employee Peer Support 

Service company Medical instrumentation and information technology (MIT)
Visiting address: P. Debyelaan 25 | 6229 HX Maastricht 
Location: MUMC+ | Level 1, room 1.E1.053
Mailing address: Postbus 5800 | 6202 AZ Maastricht
Maastricht UMC+ is a trade name of azM, KvK no.:14124959
 
E. kyra.van.eijsden@mumc.nl | T +31 (0) 43-3874083 | M. +31 (0) 6-82336300
I www.mumc.nl | www.gezondidee.mumc.nl
Follow us on twitter, Facebook and linkedin

________________________________________
This e-mail and any attachments may contain confidential or privileged information and is intended for the addressee only. If you are not the intended recipient, please immediately notify us by e-mail or telephone and delete the original e-mail and attachments without using, modifying or reproducing its contents to anyone other than the intended recipient. The Maastricht UMC+ shall not be liable for the incorrect or incomplete transmission of this e-mail or any attachments, nor for unauthorized use by its employees. 
________________________________________",Error messages Dynacad,,,
Software,"Issue: Malfunction
Error description: System logged out user. Logging in is not possible. Restart without success",Log in not possible,,,
Software,Dicom export problems,Dicom-Exportprobleme,,,
Software,"Issue malfunction: 
After today's patches, there is an fm.
Fm: insufficient resources, all are used","FM: Inadequate resource, all are used",,,
Software,"This device is OPERATIONAL, but we're NOT able to copy a table","This device is OPERATIONAL, but we're NOT able to copy a table",,,
Software,01/IntelliSpace IX/LX Workstations/Account password,01/IntelliSpace IX/LX Workstations/Account password,,,
Software,"slowly updating ist , they are unable to get on the AVA","slowly updating ist , they are unable to get on the AVA",,,
Software,SA:05R/IntelliSpace IX/LX Workstations/software crash,SA:05R/IntelliSpace IX/LX Workstations/software crash,,,
Software,Getting PC password incorrect,Getting PC password incorrect,,,
Software,ISP system is not working,ISP system is not working,,,
Software,01/IntelliSpace IX/LX Workstations/add Print film,01/IntelliSpace IX/LX Workstations/add Print film,,,
Software,05R/Extended Brilliance Workspace/Data loss,05R/Extended Brilliance Workspace/Data loss,,,
Software,05R/Extended Brilliance Workspace/Software stuck,05R/Extended Brilliance Workspace/Software stuck,,,
Software,software intermittent issue,software intermittent issue,,,
Software,An examination cannot be loaded and no examination goes to the other site in HENIN BEAUMONT.,"Contactel 06/02/2023	10:58",,,
Software,"Problem connecting to the portal, problem with the server.",connection problem,,,
Software,"Caution: This e-mail originated from outside of Philips, be careful for phishing. 

Best

Several users no longer get to see ROI values and 3D measurement values in IntelliSpace Portal when they go to Step 2 on a CTA STROKE examination in Brain Perfusion.
Under Brain Perfusion they select an Artery and Vein via 'use for calculation', after which they click on the arrow to go to Perfusion Maps:
 

In Perfusion Maps all images are then well visible, but there are no values with ROI measurements or 3D measurements:
 

The error message they see is: ""Scan duration is shorter than the ""Permeability scan duration"" value in the Perfusion Maps Parameters tab, therefore, permeability measurements are not available."":
 

Is this a known problem?
How can we get the values visible again?

Sincerely

Tim Polman

 

Ict employee | Division Image, Technical Cluster Radiology
University Medical Center Utrecht | Room number E01.3.33 | P.O. Box 85500 | 3508 GA UTRECHT
T: +31 88 75 632 31 | T: +31 88 75 673 99 | www.umcutrecht.nl

________________________________________
The information contained in this message may be confidential and is exclusively intended for the addressee. If you receive this message unjustly, you are requested not to use the contents and inform the sender immediately by returning the message. The University Medical Center Utrecht is a public legal person within the meaning of the W.H.W. (Law Higher Education and Scientific Research) and is registered with the Chamber of Commerce for Midden-Nederland under no. 30244197. 
Please consider the environment before printing this e-mail. 
________________________________________
This message may contain confidential information and is intended exclusively for the addressee. If you receive this message unintentionally, please do not use the contents but notify the sender immediately by return e-mail. University Medical Center Utrecht is a legal person by public law and is registered at the Chamber of Commerce for Midden-Nederland under no. 30244197. 
Please consider the environment before printing this e-mail.",Brain perfusion missing values,,,
Software,Network tests of servers performed.,Penetrate tests server?,,,
Software,No data data are being reassembled even manually.,Donn's remote,,,
Software,"Issue: Malfunction
Error description: System does not connect with the server 01 IP 10332425",System no longer connects to the server 01 IP 10332425,,,
Software,"When attempting to update to ISP 12.1.7 the installer stops doing SQL updates. 
logs attached,
 you can connect directly using PRS  
EMEA ? 
 UNITED KINGDOM ? 
 Cities ? 
 Belfast ? 
 Royal Victoria Hospital ? 
 IM_UK161055_Serial_BELPHCONISP01",Unable to update BELPHISPTEST01 to 12.1.7 installer crashes,,,
Software,Trial License Install - Server 1,Trial License Install - Server 1,,,
Software,Trial License Install - Server 4,Trial License Install - Server 4,,,
Software,Trial License Install - Server 5,Trial License Install - Server 5,,,
Software,Users are unable to access the Portal,Users are unable to access the Portal,,,
Software,Trial License Install - Server 3,Trial License Install - Server 3,,,
Software,Trial License Install - Server 2,Trial License Install - Server 2,,,
Software,Trial License Install - Server 6,Trial License Install - Server 6,,,
Software,Trial License Install - Server 7,Trial License Install - Server 7,,,
Software,Trial License Install - Server 8,Trial License Install - Server 8,,,
Software,License Install,License Install,,,
Software,"65725597 ERROR CAN NOT FIND ONE OR MORE SLICES ON SERVER, PLEASE REBUILD THE DATABASE...MODULES WILL BE CLOSED (MOSTLY SEEN WHEN CREATING REPORT)","65725597 ERROR CAN NOT FIND ONE OR MORE SLICES ON SERVER, PLEASE REBUILD THE DATABASE...MODULES WILL BE CLOSED...",,,
Software,unable to copy a study to PACS,Unable to copy studies to PACS,,,
Software,05R/Extended Brilliance Workspace/repeat case,05R/Extended Brilliance Workspace/repeat case,,,
Software,SA:02N/IntelliSpace Portal Solutions/stuck,SA:02N/IntelliSpace Portal Solutions/stuck,,,
Software,"Preprocessing error: internal SW service, reported by clinical apps while onsite",Preprocessing error: internal SW service,,,
Software,"Crash when saving batches, as reported by clinical apps during user training",Crash when saving batches,,,
Software,"Impossible to retrieve the old examinations, plus the LOGO of the PACS, on all the sites.",Examination recuperation problem,,,
Software,Cannot open several tabs.,program opening problem,,,
Software,05R/IntelliSpace IX/LX Workstations/password,05R/IntelliSpace IX/LX Workstations/password,,,
Software,Patient data not transfering to PACS,Patient data not transfering to PACS,,,
Software,v12.1.7 update work,YY:v12.1.7????????,,,
Software,"Discharge the equipment from Lanzarote in the Maspalomas workstation.
E10610	Scanning systems, by Magnetic Resonance Image	GENERAL ELECTRIC	MR SIGNA VOYAGER	GPQ18712",MVL. Wendolyne: 608446283 (Maspalomas) MVL. Lorenzo: 618347343 (Lanzarote),,,
Software,ISP not booting,ISP not booting,,,
Software,"Message:

Customer urgently asks for contact regarding the topics listed below.

1 . For 3 years, no more updates were installed on the ESXi hosts (over 1060 days uptime)
2. Vcenter is very outdated, there were already a lot of critical security updates from VMWare
3. The administrator@vsphere.local<mailto:administrator@vsphere.local> The current password does not conform to IT security (if that is changed * set at least 15 and complex please *we will also need this)
4. Current danger from CIMSLP. There is a workaround from VMWare How to Disable/Enable the SLP Service on VMWare ESXi (76372)<https://eur01.safelinks.protection.outlook.com/?url=https%3A%2F%2Fkb.vmware.com%2Fs%2Farticle%2F76372&data=05%7C01%7C%7C4625bbf4b4a94cc0933308db08ee2dd2%7C1a407a2d76754d178692b3ac285306e4%7C0%7C0%7C638113591289014995%7CUnknown%7CTWFpbGZsb3d8eyJWIjoiMC4wLjAwMDAiLCJQIjoiV2luMzIiLCJBTiI6Ik1haWwiLCJXVCI6Mn0%3D%7C3000%7C%7C%7C&sdata=8%2Bv6xwdiqAam1sVoitklhYCOChPsJKUWbj0U4OcJCVE%3D&reserved=0>.

Item 4. Is currently the most critical issue and must be addressed as soon as possible.",Security problems in the VMware environment of Philips (PPSISPVCS),,,
Software,We had an issue with the result of the CT DXA For one patient  a different reading from X-RAY BMD,BMD issue,,,
Software,Configure PACS,Configure pacs,,,
Software,Scheduled reboot due to very high server uptime,ISP server reboot,,,
Software,into,ISP12: AVA Automatic Extend distally/proximally bring additional other tissues than the vessel_TFS1537802,,,
Software,Needs to ensure they are performing the correct procedure to add a modality to their IntelliSpace Portal/Original Case 0121175922 was created against the wrong product,Needs to ensure they are performing the correct procedure to add a modality to their IntelliSpace Portal/Original...,,,
Software,license key update,license key update,,,
Software,cannot connect to server,cannot connect to server,,,
Software,Error when opening Calcium scoring report Cannot load 1 or more slices please rebuild database,Error when opening Calcium Scoring-,,,
Software,Software was upgraded to V12.1.7.11104,SW upgrade na V12.1.7.11104,,,
Software,Preventive maintenance action to manually trigger auto-delete and reboot ISP server,Low disk alert and high server uptime,,,
Software,ISP crashes - AVA,ISP crashes - AVA,,,
Software,local users are not able to log into ISP,ISP not available,,,
Software,IT DOES NOT ALLOW ACCESS WITH A USER DIFFERENT FROM THE ADMINISTRATOR.,Does not allow access with a user other than administrator,,,
Software,Corrupted Software,Corrupted Software,,,
Software,01/Extended Brilliance Workspace/add the node,01/Extended Brilliance Workspace/add the node,,,
Software,Problem with repatriation of old examinations on the ISP.,repatriation problem,,,
Software,On the doctor's console it displays: impossible to retrieve the authentication sources of the server.,The device displays a message,,,
Software,Software Problem,Software Problem,,,
Software,"Request for update of DICOM destinations on EBW. Verify:
RA600_PS
AE TITLE RA600_MB
IP 10.206.75.201
Port 104

RA600_CT
AE TITLE RA600MBDR
IP 10.206.75.185
Port 104",Integration Request 0121173442,,,
Software,not able to retrieve the data,not able to retrieve the data,,,
Software,Problems with burning examinations.,Exam problems.,,,
Software,ISP system software update to version 12.1.7.,ISP software update to version 12.1.7,,,
Software,"Configure CT Iqon at Olivos Clinic in ISP of Zabala Clinic. The ISP is already configured in Iqon.
Details with FSE Fernando Racca.",Configure olive clinic ct node node in ISP station,,,
Software,"Sending examinations from ISP.
For robot use.",The survival is investigating from ISP to robot,,,
Software,"Issue: Malfunction
Description of error: Calculations do not arrive in the PACS",Calculations do not come to the Pacs,,,
Software,The processing of group policy failed. Windows could not authenticate to the Active Directory service on a domain controller. (LDAP bind function call failed). Look in the details tab for error code and description.,The processing of Group Policy failed,,,
Software,MR Cardiac Analysis Crash,ISP 12 MR cardiac - Study crash,,,
Software,"The tower does not turn on anymore, it stopped suddenly.",The tower does not light up,,,
Software,The lobby does not work anymore.,opening problem,,,
Software,into,ISP12 MR ADA doesn't work properly with GE dataset,,,
Software,"Despite update to V12.1.7, the ClearRead results are not transferred to PACS if the processing was performed by the slave server",ISP 12  LNA ClearRead results are not being transmitted to the PACS,,,
Software,ISP Upgrade and Hardware migration,ISP Upgrade and Hardware migration,,,
Software,Check of the database,Property of the database,,,
Software,IS PORTAL URL not working in Epic,IS PORTAL URL not working in Epic,,,
Software,"OLD EXAMINATIONS CANNOT BE DELETED MANUALLY, AND THE MEMORY IS AT 98% CAPACITY.","Old exams cannot be eliminated manually, and memory is 98% capacity.",,,
Software,"VIP-SEDENA-CLIENT-IT DOES NOT POSTPROCESS INFORMATION, IT SENDS AN ERROR THAT DOES NOT FIND THE DATA","VIP-SEEDA-CLIENTE- does not postprocess information, send error that does not find the data",,,
Software,ISP: unable to connect,ISP: unable to connect,,,
Software,VIP IMSS CUSTOMER - THE BURNER IN THE INTERTEST ROOM DISPLAYED A CRITICAL ERROR.,VIP IMSS CLIENTE EL QUEMADOR DEL CUARTO DE INTERPRETACI?N MARCO UN ERROR CR?TICO,,,
Software,error in volumetry,error in volumetry,,,
Software,Rebooted and will not come back up again.,Rebooted and will not come back up again.,,,
Software,cannot log in or retrieve authentication sources,cannot log in or retrieve authentication sources,,,
Software,Unable to save bookmarks,Unable to save bookmarks,,,
Software,"Unable to deploy automatized push package for ISP clients 12.1.5 and updates to 12.1.6, and 12.1.7 -  The customer is TEST deploying a client via powershell scripts in the following order:

1.	Uninstall 11.x
2.	Install 12.1.5 version
3.	Install 12.1.6 update
4.	Install 12.1.7 update 
5.	Install ExtNM apps
6.	Install Mirada

The installation fails when installing ISP v12.1. with the error - ""The specified path is too long - c:\program files (x86)\philip intellispace portal\program files (x86)\philips IntelliSpace portal\program files (x86)\philips IntelliSpace portal\program files (x86)\philips IntelliSpace portal\config\application\common\spectral\learnmoremanuals\zh-CN""   Retry  Cancel",ISP12 Installation of 12.1.7 client on top of 12.1.6 that just installed failed with error,,,
Software,"AWS02 does not receive Images from MRI, as reported by MRI RSE",AWS02 does not receive Images from MRI,,,
Software,01/IntelliSpace IX/LX Workstations/too many record,01/IntelliSpace IX/LX Workstations/too many record,,,
Software,Software version upgrade (12.1.7),HY:??????????????(12.1.7),,,
Software,01/IntelliSpace Portal Solutions/Add node,01/IntelliSpace Portal Solutions/Add node,,,
Software,Software not opening,Software not opening,,,
Software,Via FSE R. G?ddel onsite > deletion as user not possible - > request for clarification,As a user not possible,,,
Software,"ISP upgrade and hardware installation.
Serial Number: 703346",ISP Upgrade to v11,,,
Software,New DICOM workstation to be added to ISP,Need to add new DICOM node,,,
Software,It is not possible to send RAW and PS SERIES files when sending images from ISP to PACS.,Possibility of sending RAW and PS SERIES FILE,,,
Software,"ISP Upgrade to v12.1.5 on a new VM. Parallel upgrade, both old and new server live.",ISP Upgrade on a new VM,,,
Software,"ID problem of the ISP processing console, there is a message saying that the user account is locked.",Identifying problem,,,
Software,into,ISP12 PD doesn't show the Filming indicator for batch that created from spectral study,,,
Software,"The error box at the top says ""4DM v2018 - The system is low on resources. Movie capture failed.""
The tech was trying to take a dynamic screencap.",ISP 4DM Error,,,
Software,Quote for Pm.,PM OR?Ament,,,
Software,During log in system comes up with critical error and logs you out.,0902CDY72S09 Critical error,,,
Software,VIP address not launching - ISP down,VIP address not launching - ISP down,,,
Software,Internal case - check connection,Internal case - review connection,,,
Software,05R/Extended Brilliance Workspace/Automatic shutdown,05R/Extended Brilliance Workspace/Automatic shutdown,,,
Software,05R/IntelliSpace Portal Solutions/ can't log in,05R/IntelliSpace Portal Solutions/ can not log in,,,
Software,Wechat:SA:02N/IntelliSpace Portal Solutions/,Wechat:SA:02N/IntelliSpace Portal Solutions/,,,
Software,Can't log in to ISP,Can't log in to ISP,,,
Software,V12.1.7,V12.1.7,,,
Software,01/IntelliSpace IX/LX Workstations/add node,01/IntelliSpace IX/LX Workstations/add node,,,
Software,Wechat:SA:05R/IntelliSpace Portal Solutions,Wechat:SA:05R/IntelliSpace Portal Solutions,,,
Software,Software Stuck,Software Stuck,,,
Software,Unable to delete Patient Data in ISP System,Unable to delete Patient Data in ISP System,,,
Software,Equipment is not exporting studies to PACS after formatting performed by Philips.,Equipment is not exporting tests for the PACS after Philips format.,,,
Software,Initialization failure,Failure on Epite,,,
Software,"Portal is locking intermittently, causing loss of connection with the ""clients","Portal is presenting intermittent locking, causing connection loss with the ""clients",,,
Software,05R/IntelliSpace IX/LX Workstations/cann't login,05R/IntelliSpace IX/LX Workstations/cann't login,,,
Software,WeChat?05L/IntelliSpace Portal Solutions/Unable to log in,WeChat?05L/IntelliSpace Portal Solutions/Unable to log in,,,
Software,The password is removed when he logs in to the ISP server.,08CS:HO:ISP???login?????????????,,,
Software,05R/IntelliSpace Portal Solutions/software crash,05R/IntelliSpace Portal Solutions/software crash,,,
Software,02N/IntelliSpace Portal Solutions/Install ISP,02N/IntelliSpace Portal Solutions/Install ISP,,,
Software,01/IntelliSpace IX/LX Workstations/The system was slow,01/IntelliSpace IX/LX Workstations/The system was slow,,,
Software,05R/Extended Brilliance Workspace/software,05R/Extended Brilliance Workspace/software,,,
Software,ISP AND MND IS NOT FUNCTIONING,ISP AND MND IS NOT FUNCTIONING,,,
Software,Software Problem,Software Problem,,,
Software,01/IntelliSpace IX/LX Workstations/Slow,01/IntelliSpace IX/LX Workstations/Slow,,,
Software,"Issue: Malfunction
Error description: Since today, secondary capture images are only being transmitted isolated from the application into the Centricity PACS. 
Request for error correction.",Secondary Capture Pictures are only occasionally promoted from the application in Centricity Pacs,,,
Software,"Issue: Malfunction
Error description: One wants to evaluate, but the following error message occurs. One also cannot continue as an emergency, which would normally be possible.
Error message: The number of users is limited. 
Error occurred on: Today at c. 1:10 pm",Error message: The number of users is limited.,,,
Software,into,ISP12 MR-Cardiac load very slow on client while on the server it OK,,,
Software,into,"ISP12 MR Cardiac when using only endo contours, table results for RT Ventricle of blood pool is blank - OK for volume",,,
Software,ISP communication error appearing,ISP communication error appearing,,,
Software,ISP not launching correctly,ISP not launching correctly,,,
Software,into,"AVW 15 MR Cardiac Suite lunching crashed with error ""could not connect to AV workspace server closing application""",,,
Software,into,AVW15/MRC: Unable to Copy images from viewer to report power point and word,,,
Software,into,AVW 15 - T1 mapping application crash during MOCO stage,,,
Software,into,"AVW 15 - Play pause button form keyboard shortcut shall play and pause all viewports, and interact with images",,,
Software,muga exam not loading,muga exam not loading,,,
Software,Incisive CT Scanners Study gets split into 2 when loading onto ISP server.,Incisive CT Scanners Study gets split into 2 when loading onto ISP server.,,,
Software,SA:05K/IntelliSpace IX/LX Workstations/accout problem,SA:05K/IntelliSpace IX/LX Workstations/accout problem,,,
Software,01/IntelliSpace IX/LX Workstations/SW ERROR,01/IntelliSpace IX/LX Workstations/SW ERROR,,,
Software,Image not transferring,Image not transferring,,,
Software,"01/	IntelliSpace Portal Solutions/Unable to transfer data","01/	IntelliSpace Portal Solutions/Unable to transfer data",,,
Software,"Alarm synchronization of the time that is geneing the automatic filters. 
 Significant loss of time.",Synchronization alerts,,,
Software,PSA does not work,PSA does not run,,,
Software,05R/IntelliSpace Portal Solutions/add dicom node,05R/IntelliSpace Portal Solutions/add dicom node,,,
Software,Check the Q/R of the resonances to the Portal,Review of Q/R of resonances to the portal,,,
Software,Unable to login in PACS Server from PET CT Machine,Unable to login in PACS Server from PET CT Machine,,,
Software,On the personal account of Doctor KAYAYAN of the ISP there are problems. Some software cannot be used and cannot be accessed + complete malfunction.,Assistance,,,
Software,SW Upgrade,SW Upgrade,,,
Software,"They are having problems when saving series of postprocessing studies in ISP. More often, they confirmed that there are several studies waiting and in error.",Error when saving Chc studies,,,
Software,"I request support on the monitoring Central, since the CTG, working in the inpatient service, alarms sound in the obstetrics consultation.
We had intervention on your side after requesting support on 6.12.22, since this service we have had this problem
IP: 50222525",Support request at the Monitoring Center,,,
Software,"After upgrade of The Rabbit MQ on the latest version because of CPU Gen 3 of VMware, there are a lot of information going from erl.exe.",A lot of information about Rabbit MQ in Event Windows Application log,,,
Software,Users are still reporting slowness with ISP,Users are still reporting slowness with ISP,,,
Software,Request for configuration of new portal mode,Request Configuration New Modality Portal,,,
Software,cant run advance analysis,cant run advance analysis,,,
Software,ISP closes when users are trying to use Volume Rendering,ISP closes when users are trying to use Volume Rendering,,,
Software,Error - Cannot find all Slices please rebuild database.,Error - Cannot find all Slices please rebuild database.,,,
Software,Users unable to login with their domain accounts or local ones. Password has expired message.,Users unable to login,,,
Software,02N/IntelliSpace IX/LX Workstations/SW problem,02N/IntelliSpace IX/LX Workstations/SW problem,,,
Software,SA:01/IntelliSpace Portal Solutions/Unable to start,SA:01/IntelliSpace Portal Solutions/Unable to start,,,
Software,ISP PC not switching On,ISP PC not switching On,,,
Software,Software upgrade 12.1.4 to 12.1.7,Software upgrade 12.1.4 to 12.1.7,,,
Software,Remote Alert: System RAM exceeds the normal performance threshold.,Remote Alert: System RAM exceed normal performance threshold,,,
Software,Reporting system is hanging,Reporting system is hanging,,,
Software,"Issue: Malfunction
Description of error: With Dr. Bunck, the ISP does not work again. The computer number is KR1035967. Philips is being asked to please fix the problem.",The ISP does not work,,,
Software,05K/IntelliSpace Portal Solutions/Modify the parameters,05K/IntelliSpace Portal Solutions/Modify the parameters,,,
Software,SA:05R/IntelliSpace Portal Solutions/install,SA:05R/IntelliSpace Portal Solutions/install,,,
Software,Cannot burn MRI image from the ISP.,probl?me d'image,,,
Software,"The studies are not being passed to the portal or partially.
They pass well to PACS.",Studies do not pass to Portal,,,
Software,"Dear Helpdesk!

System IntelliSpace Portal, SN 7001259, SW 12.1.4.11348

I got an order to upgrade customer's ISP from v12.1.4 to 12.1.7. According to installation manual, I must before that install a patch version 12.1.5.
But for some reason I can't do this.

System is installed on HyperV virtual machine and is NOT connected to PRS.

While logged in as fse_admin, I ran v12.1.5 updater from ""459801635936 IntelliSpace Portal V12.1.5.11492.iso"", but installation stops on step 3.
It stays there for about 10min. After that installation stops with problem message.

 

With this one.

 

This happened few times. I also tried to use ""300009054411 IS Portal Media Menu V12.1.5.11492.iso"", but with same results. I also tried to stop mentioned service ""PmsRemotingService"" manualy via task manager. But without success.

Do you have any suggestions on this case?
Please find attached installation logfile.


-- 

Ar cie?u / Kind regards,
-----
J?nis Egl?tis",ISP upgrade problem,,,
Software,The call from VuePACS to Portal does not work.,The call does not work from Vuepacs to Portal,,,
Software,Not able to send to server - unable to connect - happened at 13:32,Not able to send to server - unable to connect - happend 13.32,,,
Software,"When trying to load the cranial MR images to perform post perfusion processing the following message appears: ""Data loading failed. application will exit"".",When trying to load the chrion RM images to perform perforation processing the following ...,,,
Software,Problems with recovery of examinations.,Problems Recovery of exams,,,
Software,no video,no video,,,
Software,Priors are taking a long time to load,Priors are taking a long time to load,,,
Software,ISP portal application crashes when AVA update vessels is being used.,ISP portal application crashes when AVA update vessels is being used.,,,
Software,Bookmark failed to load,Bookmark failed to load,,,
Software,V12.1.5 software upgrade due to bag restoration,SC:????????V12.1.5 Software Upgrade,,,
Software,Bookmarks are not being saved which is forcing the users to re-do measurements from the start. This is an intermittent problem and is occurring in the Cardiac MR Analysis application.,Bookmarks are not being saved in the Cardiac MR Analysis application.,,,
Software,Can't save filet Batch. 'Save operation failed' message briefly shown in bottom right corner of screen. Same issue as before ISP upgrade.,ISP appears to still have memory issues after upgrade.,,,
Software,"If a specific user try to login with his client, client software crash. 

As discussed briefly, Christof cannot start the ISP anymore? But then I see his user session in the portal management.

PCName D20214107
User: Christof.Schaub",User Login,,,
Software,WeChat?05R/Extended Brilliance Workspace/client cannot connect,WeChat?05R/Extended Brilliance Workspace/client cannot connect,,,
Software,01/IntelliSpace IX/LX Workstations/consult for add dicom node,01/IntelliSpace IX/LX Workstations/consult for add dicom node,,,
Software,05L/IntelliSpace IX/LX Workstations/SW error,05L/IntelliSpace IX/LX Workstations/SW error,,,
Software,"Hospital IT detected VA on ISP integrated software and ask are we able mitigate or upgrade.

? Apache (2.4.46)
? OpenSSL (1.1.1g)
? Microsoft SQL Server (11.0.5058.0)
? Microsoft SQL Server (15.0.4073.23)
? PHP (7.4.11)
? Apache Log4j (1.2.17)
? Apache Log4j (1.2.13)","MAH, ISP, VA Detected",,,
Software,INTEGRATION NOT WORKING,INTEGRATION NOT WORKING,,,
Software,EBW does not start.,EBW does not start,,,
Software,"Issue malfunction: Email Marco Hiemke / Remote Support Engineer DCP/ICAP DACH

Lung evaluation on the client in Rodenfelde cannot be saved by Ms. H?tzel.
Contact person Heuser, Heike  
Heike.Heuser@Med360Grad.de",Lung evaluation on the client in Rodenfelde cannot be saved by Ms. H?tzel,,,
Software,"When login, the application does not open and the session closes automatically.",When login does not open the application and the session closes automatically,,,
Software,"After the password is written, it returns to the password page again.",After writing?,,,
Software,"In IntelliSpace we need to change the IP of the 'Brachytherapy Panifier' that goes from 10.35.9.54 to 10.127.162.22. 
None of the other DICOM parameters are changed.
Location: University Hospital Ram?n y Cajal",In Intellispace you have to change the ip of ?panifier brachytherapy? that goes from 10.35.9.54 to 10.127.162.22.,,,
Software,"It is requesting to modify the IP of the dicom nodes of the machine:
- Worklist new 10.144.1.193 (old 10.10.1.233)
- Pacs new 10.144.1.194 (old 10.10.1.234)

In order to connect from remote desktop use the following credentials: 
Hostname: PHILIPS-ISP
IP: 10.10.88.32
User: IT_admin
Password: Philips!
I kindly ask you also to contact me by phone at the end of the modification since it is necessary to carry out an update on ESTENSA.",Edit ip knots dicom,,,
Software,Client installation - on-site detection,Client installation - on -site detection,,,
Software,Check PACS connect.,Check connection of pacs,,,
Software,Getting data full error,Getting data full error,,,
Software,There is a regular slow-down starting at 16:00. Request for settings to correct.,Regular slow-down at the end of the day.,,,
Software,Unable to open IntelliSpace portal in CT work station. we are unable to the IP 192.168.5.214,Unable to open IntelliSpace portal in CT work station,,,
Software,THE APPLICATION DOES NOT ENTER,The application does not enter,,,
Software,Support for upgrade and client separation,Support in the upgrade and client separation,,,
Software,question for MR cardiac,question for MR cardiac,,,
Software,into,"ISP12 AVA, unlike in ISP10, the process requires much long time that customer clime may be significant for stroke cases.",,,
Software,User needs a change of permission in account to pull up calcium template.  Getting error and cannot change.,ISPv12: Error HTTP 500 to edit user preferences in PMT,,,
Software,Cannot delete study,Cannot delete study,,,
Software,Wechat:05R/IntelliSpace Portal Solutions/unavailable,Wechat:05R/IntelliSpace Portal Solutions/unavailable,,,
Software,SA:05R/IntelliSpace Portal Solutions/can't login,SA:05R/IntelliSpace Portal Solutions/can't login,,,
Software,Wechat:05R/Extended Brilliance Workspace/software issue,Wechat:05R/Extended Brilliance Workspace/software issue,,,
Software,SA?02N/IntelliSpace Portal Solutions/software running stuck,SA?02N/IntelliSpace Portal Solutions/software running stuck,,,
Software,SA:01/Brilliance Workspace Portal/software crash,SA:01/Brilliance Workspace Portal/software crash,,,
Software,01/IntelliSpace IX/LX Workstations/add the PACS,01/IntelliSpace IX/LX Workstations/add the  PACS,,,
Software,into,ISP12: PD When using French localization Filtering show less cases than in English localization,,,
Software,Upgrade,upgrade,,,
Software,"The radiologists cannot report, the local equipment does not reach the studies, it freezes, they have to restart.
Location: Ground floor.",The local team does not arrive,,,
Software,Workstation is not switching on,Workstation is not switching on,,,
Software,Portal gives an error when starting session,Portal gives error at the beginning of session,,,
Software,Client installation - on-site detection,Client installation - on -site detection,,,
Software,"The specialist reported that the software blocks intermittently. They requested to reinstall the software.

Location: pediatric radiology.",Request for software reinstallation.,,,
Software,Cannot find an examination from 1/2/2023 preceding the effort/heart noon patient number 420314471,Data from one patient is not in the EBW.,,,
Software,Requests assistance to empty the MEMORY of the ISP.,Request for assistance,,,
Software,"A visit is requested to check the operating system of the resonator workstation, since it shows failures, attributable to the operating system. Windows error, so the equipment must be restarted. Blue screen",Error Windows. Pantalla azul,,,
Software,DICOM PRINTING FORMAT CONFIGURATION IS REQUIRED.,SE REQUIERE CONFIGURACI?N DEL FORMATO DE IMPRESI?N DICOM.,,,
Software,into,"ISP12 AVA when editing vessels, the Done button is in the way of the anatomy",,,
Software,AVA - Batch error,ISP10 AVA crash when using specific batch creation workflow,,,
Software,Customer needs to be able to check check historic send/exported ?data on ISP beyond a week on queue manager,Customer needs to be able to check check historic send/exported ?data on ISP beyond a week on queue manager,,,
Software,THE URL: WWW.KNOWLEDGESCAPE.PHILIPS.COM/CBTSITE_ISP12/ASP/CBT.ASPX; THAT THEY WILL BE FORWARDING US FROM PHILIPS INFORMATICS PRE-SALES SUPPORT (CAROLINA VALENCIA) DOES NOT OPEN FROM ANY COMPUTER,LA URL:  WWW.KNOWLEDGESCAPE.PHILIPS.COM/CBTSITE_ISP12/ASP/CBT.ASPX; QUE NOS ENVIAN DESDE PHILIPS INFORMATICS...,,,
Software,02N/ISP/can't log in,02N/ISP/can not log in,,,
Software,Preparations for 12.1.7 software upgrade,Preparations for 12.1.7 software upgrade,,,
Software,Change network configuration,Network configuration,,,
Software,"Customer advised the above user account is currently locked out.

Please unlock.",ASP00 - ISP - User account MRUSER locked out.,,,
Software,"When ther's a difference in the surname (from the PACS, it's in capital, not from the modality), and when the customer opens the exam from modality in MMV, and he wants to add priors by using prior icon and add to running, he has a message as it's 2 different patients.",add to running application issue,,,
Software,Unable to login ISP,Unable to login ISP,,,
Software,Various error messages on the station of Dr. Lehner,Various error messages on the Dr Lehner station,,,
Software,"Portal failure when maximizing images, it does not save/send key images","Portal failure when maximizing images, does not keep/send key images",,,
Software,"4408568 - 
1- Philips intellspace portal does not start from the computers of the radiologists, neither from the icon nor from the carestremm integration 
2. The patients with dynamic hepatic studies cannot be separated in Carestreem, the arterial and venous series. nor the fusions.","4408568 - Intellspace portal does not start from the computers of the broadcasts, neither from the icon nor from the ...",,,
Software,Reconfiguration of PACS on 20/02 in the morning,PACS reconfiguration,,,
Software,There are errors and studies waiting. I cannot do it since the current connection I have does not work.,There are errors and studies waiting,,,
Software,Client pc software is log off,Client pc software is log off,,,
Software,Schedule Garzarella on 22/02.,Configuration check,,,
Software,02N/IntelliSpace IX/LX Workstations/consult,02N/IntelliSpace IX/LX Workstations/consult,,,
Software,05R/IntelliSpace IX/LX Workstations/add printer,05R/IntelliSpace IX/LX Workstations/add printer,,,
Software,Unable to view Patient Data in ISP System,Unable to view Patient Data in ISP System,,,
Software,05R/IntelliSpace Portal Solutions/one client application open failed,05R/IntelliSpace Portal Solutions/one client application open failed,,,
Software,Unable to tarnsfer the data from workstation to console,Unable to tarnsfer the data from workstation to console,,,
Software,"Issue: Malfunction
Error description: System produces memory error.
12% still seem to be free
Error message: 
Low memory. Delete data from local folder.",System brings storage errors,,,
Software,Configuration of idrac and gateway,Configuration idrac et gateway,,,
Software,THE CT VIEWER APPLICATION CANNOT BE EJECTED BECAUSE THE LIMIT OF ACTIVE USERS HAS BEEN REACHED.,LA APLICACI?N CT VIEWER NO PUEDE EJECTUTARSE POR QUE SE HA ALCANZADO EL L?MITE DE USUARIOS ACTIVOS.,,,
Software,into,ISP12: Cardiac MRS cannot be analyzed on ISP,,,
Software,into,AVW15:Unable to delete the study in the AVW 15 FoK (TFS-DEFECT 1474698),,,
Software,wechat:01/IntelliSpace IX/LX Workstations/Software failure,wechat:01/IntelliSpace IX/LX Workstations/Software failure,,,
Software,Intellispace Upgrade - Hardware/Software,Intellispace Upgrade - Hardware/Software,,,
Software,Unable to login in one Client system cannot retrieve authentication source for server error appearing,Unable to login in one Client system cannot retrieve authentication source for server error appearing,,,
Software,REPORTING SYSTEM HANGING DURING REPORT,REPORTING SYSTEM HANGING DURING REPORT,,,
Software,EBW System is not booting up,EBW System is not booting up,,,
Software,Storage full error appearing on display,Storage full error appearing on display,,,
Software,Error in recognition of finger tapping and feet movement functional sequences carried out on patient Rogai Olga and that they cannot be opened correctly on PORTAL ISP in order to carry out the processing. Tried to open various tapping carried out on various Active Clients on the computers but it cannot open the processing. The finger tapping sequences used for the study are those set by the specialists in multiband and saved in the Hospital-2023-Functional folder. a first analysis of the problem was carried out and further attempts to reprocess with philips specialist Gull? but it is not clear what the problem is. Request for analysis of the problem and check of the study done in order to identify the problem on finger tapping so as not to occur again on the next studies of functional rm,Finger Tapping and Feet Movement functional recognition error error,,,
Software,wechat:05R/Extended Brilliance Workspace/Software failure,wechat:05R/Extended Brilliance Workspace/Software failure,,,
Software,02N/IntelliSpace IX/LX Workstations/SW can't log in,02N/IntelliSpace IX/LX Workstations/SW can not log in,,,
Software,"Once the reconstructions are performed from the portal, it does not send them to THE PACS. (upgrade has been performed)","Once they perform the reconstructions from the portal, I did not send them to the PACS",,,
Software,"Hello 
Dr. Mandron regularly complains about this bug which destroys each time 15 to 20 minutes of work... Completely unbearable.",ISP - Li?vin - Crash application r?current,,,
Software,EBW automatically restarting,EBW automatically restarting,,,
Software,"Issue: Malfunction
Error description: Problems again with copying or sending images to PACS. Probably blocked memory",Again problems with copying or sending pictures into the PACS,,,
Software,Corrupted software.,Corrupted software.,,,
Software,"This thing happens in an occasional way, however, when it does it, it makes the software unusable and the doctors cannot report a certain type of examinations (cardio MRI).
This blocks the work flow therefore it is to be solved absolutely.",Does not load the images and does not open,,,
Software,"Request to add AET to add color booklets.

AET: XDP_LIVRET_CO 
Port: 104
IP: 192 168 1 107

There is already an existing AEP, need to do another one and do not touch the one that already exists. 
Do not forget to put the color.",ISP - Marvejols - Adding Color Booklet Request,,,
Software,THE ICONS ARE NOT ENABLED AND WHEN THEY WANT TO SEE THE IMAGES THEY CANNOT BE SEEN,NO SE HABILITAN LOS ICONOS Y AL QUERER VER LAS IM?GENES NO SE VEN,,,
Software,IP CHANGE AND STORAGE STATION ADDING TO ISP,CAMBIO DE IP Y AGREGACI?N DE ESTACI?N DE ALMACENAMIENTO A LA ISP,,,
Software,Spectral CT Viewer is missing from clients associated with ISP12. TAM requested to restart services on both master and slave servers.,Spectral CT Viewer is missing from clients associated with ISP12,,,
Software,02N/IntelliSpace IX/LX Workstations/can't open application,02N/IntelliSpace IX/LX Workstations/can not open application,,,
Software,SA:01/Portal/application,SA:01/Portal/application,,,
Software,"A power supply has been disconnected or has failed. The sensor location, chassis location, previous state, power supply type, additional power supply status, and configuration error type information are provided.The power supply may be faulty or failed.",Remote Alert: Power Supply Detected a Failure,,,
Software,01/IntelliSpace Portal Solutions/add nodes,01/IntelliSpace Portal Solutions/add nodes,,,
Software,ISP stuck problem and ISP client hanging problem during calibration,ISP stuck problem and ISP client hanging problem during calibration,,,
Software,"Gentlemen of the service desk,

Can one of you create a case for the master server of ISP in MST Enschede (NZW514). This can be booked in the name of Richard van der Plas.
Concerns the URL integration from Synapse PACS to IntelliSpace Portal. This integration does not seem to be working correctly. At first use the integration starts normally. When changing to another patient the Portal/plugin should close. This does not happen. When selecting a new case the Portal does not want to start because it is still open or seems to be open. Hard closing is a workaround, but not desired. 
The procedure should be that the application/opened application closes if a user in PACS goes to another patient, but Portal as program must remain available in the background. For the next case it can then be opened quickly. 

Can you check in consultation with MST if the contents of the URL are correct?
Thanks in advance for processing.

Sincerely

Arno Antuma
Application Consultant IntelliSpace Portal
Philips Health Systems Benelux

High Tech Campus 52, 5656 AG Eindhoven
Tel: +31 (0) 6 3926 5982, E-mail: arno.antuma@philips.com

Helpdesk: +31 (0) 40 700 12 10 option 2 - 4 - 5, servicedesk.isp@philips.com 

Absent on Fridays
More information about IntelliSpace Portal
 
Connect with Philips
      


________________________________________
The information contained in this message may be confidential and legally protected under applicable law. The message is intended solely for the addressee(s). If you are not the intended recipient, you are notified that any use, forwarding, reproducion, or reproduction of this message is strictly prohibited and may be unlawful. If you are not the intended recipient, please contact the sender by return e-mail and destroy all copies of the original message.",PACS Integration IntellisPace Portal does not function optimally,,,
Software,"System getting hanged , not able to open studies",system getting hanged,,,
Software,02N/IntelliSpace Portal Solutions/log in failed,02N/IntelliSpace Portal Solutions/log in failed,,,
Software,VuePacs integration and rel 12 upgrade,VuePacs integration and rel 12 upgrade,,,
Software,It is giving certificate error.,Certificate error? giving,,,
Software,01/IntelliSpace IX/LX Workstations/Add a node,01/IntelliSpace IX/LX Workstations/Add a node,,,
Software,"Hello 

ADVANCED VLC analysis application not working

Thank you","ISP - Périgueux - Crash of the application with ""Advanced Vessels Analysis""",,,
Software,ISP application not opening,ISP application not opening,,,
Software,Server connection problems for MR long application packages. brain img. & MR liver health IntelliSpace UMF Craiova,Connection problems with the server for MR Long Application Packages. Brain Img. & Mr Liver Health Intellispace ...,,,
Software,Problems deleting patients in the ISP Intellispace Moinesti application,Patient deletion problems in the IP Intellispace Moinesti application,,,
Software,into,"ISP version 12.1.6 required powershell for installation, but hospital IT doesn't  allow usage powershell on workstation",,,
Software,into,AVW15/MRC: Cine will be stopped when performed right click mouse option in viewport (TFS-DEFECT 1481768),,,
Software,into,AVW15/MRC: Zoom is applied to all viewport except the viewport where cine is playing (TFS DEFECT1481767),,,
Software,Patient director is not working properly,Patient director is not working properly,,,
Software,No login possible,No registration possible,,,
Software,Prefetch Issue,Prefetch Issue,,,
Software,"ISP generating an error message when launched.  This behavior is occurring on multiple workstations.  The message that gets generated states:  ""Application Initialization failed.  Please re-install the application.""

I have uninstalled/re-installed ISP on one of the machines and the message keeps popping up.  I don't see much in the Event Logs that would help me narrow down the cause.",ISP generating an error message when launched.,,,
Software,A follow-up action from case 0120815638 (preventive maintenance),ISP server reboot,,,
Software,In need of another Dicom destination added.,In need of another Dicom destination added.,,,
Software,Remote Alert: System RAM exceed normal performance threshold,Remote Alert: System RAM exceed normal performance threshold,,,
Software,01/IntelliSpace IX/LX Workstations/Software failure,01/IntelliSpace IX/LX Workstations/Software failure,,,
Software,02N/IntelliSpace Portal Solutions/add node,02N/IntelliSpace Portal Solutions/add node,,,
Software,EBW SLOWNESS ISSUE,EBW SLOWNESS ISSUE,,,
Software,Unable to transfer main system to ISP,Unable to transfer main system to ISP,,,
Software,Software crashed during installation. Wants assistance for installation.,ISP - CROLLES - Unable to install the ISP software on two computers,,,
Software,05R/Extended Brilliance Workspace/Need reload software,05R/Extended Brilliance Workspace/Need reload software,,,
Software,05K/IntelliSpace Portal Solutions/clinet,05K/IntelliSpace Portal Solutions/clinet,,,
Software,Internal support with upgrade from EWS to ISP,Internal support at upgrade from EWS on ISP,,,
Software,The users cannot connect because the domain does not appear anymore.,"ISP - Chambray -les -Tours - connection problem, more domain",,,
Software,ISP system software update to version 12.1.7.,ISP software update to version 12.1.7,,,
Software,ISP system software update to version 12.1.7.,ISP software update to version 12.1.7,,,
Software,ISP system software update to version 12.1.7.,ISP software update to version 12.1.7,,,
Software,Login problems.,Bel?p?si probl?m?k,,,
Software,The operators cannot delete the examinations.,They cannot delete the exams,,,
Software,"Issue: Malfunction
Description of error: A course is attached to the email that describes the problem.

Summary: 
Between RIS Medavis and VISUS-PACS there are usually study links.

After processing ""external modalities"", this link does not work.

The problem also exists during processing with the ISP, mainly cardio MRT with us.

In the attached course, the problem was probably found and resolved by other vendors for its area.

Please check the settings in our ISP and adjust them if necessary.","Studies. Between RIS-MEDAVIS and VISUS PACS, stand out",,,
Software,INTERMITTENCY TO LOAD EXAMINATIONS FROM MODALITIES TO INTELLISPACE,INTERMITENCIA PARA CARGAR EX?MENES DESDE LAS MODALIDADES A INTELLISPACE,,,
Software,QUESTIONS,QUESTIONS,,,
Software,"Issue: Malfunction
Error description: The computer does not boot. 
Error message:-
Error occurred on: 14:45 hrs.",Computer does not boot.,,,
Software,"2499327 - They have performed three reconstructions from the Philips Portal program that they sent to PACS, they are not associated to the studies,
But a series group is created, which do not appear in the PACS.",ISP12 Reconstructed Series passed to PACS are missing.,,,
Software,System will not  boot  up,0902CDT70S09    System will not  boot  up,,,
Software,into,ISP12 MR cardiac Spatial Enhancement show error and can't be performed when loading GE data,,,
Software,not pinning not online not doing anything,not pinning not online not doing anything,,,
Software,"Customer text: AV-System (Logic Visualization) for Neuro-radiology calculation of Perfusion comes in but cannot perform perfusion calculations for several users on both Huddinge and Solna
 Error message Over loaded license?  -

Contact information: Inger Eveman telephone 08-12370228",MR Perfusion issue.,,,
Software,The doctor no longer has access to his protocols.,Protocols,,,
Software,into,"ISP12 Auto upgrade issues (TFS DEFECTS-1470056, 1473806, 1473809, 1474819)",,,
Software,into,ISP12 PMT shows old ISP v6 UI,,,
Software,into,ISP12 LR1\sCTV\Crash when clicking to reset all the created tissues,,,
Software,Needs clinical support on CCA,Needs clinical support on CCA,,,
Software,into,ISP12/Liver:High quality is not working as expected on liver client(values different on server &client),,,
Software,into,ISP12/ISP12\Spectral\sCTV\Fused non DICOM images are saved with burnt label and only underlay DT,,,
Software,into,ISP12/ISP12\SMGOP\Data type changed only in DT Controller when clicking Alt + Right/Left button (TFS DEFECT1462375),,,
Software,into,ISP12/User Preference Sync in CDB,,,
Software,VIP CONNECTION FAILURE BETWEEN WORKSTATION AND EQUIPMENT,VIP FALLA DE CONEXION ENTRE ESTACION DE TRABAJO Y EQUIPO,,,
Software,Prefetch not working,Prefetch not working,,,
Software,ISP: users with issues to save and send data to PACS,ISP: users with issues to save and send data to PACS,,,
Software,05R/IntelliSpace IX/LX Workstations/cann't login,05R/IntelliSpace IX/LX Workstations/cann't login,,,
Software,SA?01/Brilliance Workspace Portal/software crash,SA?01/Brilliance Workspace Portal/software crash,,,
Software,Userpreferences/Layout not saved for NM users and VC not working at Kongsvinger,Userpreferences/Layout not saved for NM users and VC not working at Kongsvinger,,,
Software,Credentials error when starting session in Portal,Credential Error at the beginning of session in Portal,,,
Software,Studies are not stored from Virgen del Camino to Portal.,No studies are stored from Virgen del Camino to Portal,,,
Software,fMRI viewer issue,fMRI viewer issue,,,
Software,02N/IntelliSpace IX/LX Workstations/film failed,02N/IntelliSpace IX/LX Workstations/film failed,,,
Software,It is not possible to connect to a resonance,It cannot be connected to a resonance,,,
Software,"Issue: Malfunction
Error description: Problems with data call ISP.  There are increased tickets that calling studies from the ISP does not work correctly. Affected users are in the group of the ISP users on the Windows side.

The error message appears in the attachment.",Problems data call ISP,,,
Software,"Dear PMS Response Team,
 
Hereby we would like to have Your support with respect to the following:

1. Equipment details
Equipment model                    IntelliSpace Portal                                 
SW. Rel:                                  10.1.3.32808
SN                                           702785
Installed Product ID                 83075574

2. Problem description

The customer complained that the patients have disappeared from one of the configured folders. When we check, the patients are on the folder in Windows, but do not appear on the SW.
We tried to do an Upgrade All from the Portal Management Tool, but it gives directly the message ?Upgrade completed?. When we try ?Rebuild All?, on the Local folder appear only 300-400 patients, and on the ?Backup? folder that had previously disappeared shows only a few patients. 

We were wondering if it is possible to reinstall the SW from scratch, but we only can find FCO88100078, and as far as we can see it is not an installation from scratch.

Could you please send us the link to download the complete installation files in order to perform a clean install?


Best regards
Unicare Service Team",Patients disappearing from local folders,,,
Software,Questions about the ISP conversion from ISPv12 - missing nodes - no transmission from MR directly to the new ISP possible,Questions about the ISP changeover from ISPV12- Missing nodes,,,
Software,"Dr. Michl via email:
Hello everyone

Unfortunately a new problem in the portal, I do not know how long it has already existed.
In the LOBI, the series are correctly invited, but when trying to perform the image comparison, the error message appears in the attachment. Upon confirmation with OK, LOBI then closes, the portal patient directory remains open. Request for check.",Lobi does not work,,,
Software,System is slow,System is slow,,,
Software,It does not save the images on pacs.,Does not save the images on the Pacs,,,
Software,Cannot receive DICOM Helix from Siemens CT,cannot receive DICOM Helix from Siemens CT,,,
Software,into,ISP12 Concerto Synchronization is broken,,,
Software,IT IS ERROR LOG,Mark errors,,,
Software,"Dr. Texier from Quimper has not been able to use the AVA software for a few days (multiple error messages on several patients: It seems that the application has a problem. Do you want to create an error report? Or ""The application stopped Click on OK to restart the application"".",ISP - QUIMPER - RECORTING CRASHS WITH AVA,,,
Software,"""admin"" user not working for accessing the Server","""admin"" user not working for accessing the Server",,,
Software,"Problem; does not start, windows does not stop without logging in the license key does not allow access","Problem; No starts, windows not stopped without licensing key login not allows you to access",,,
Software,DynaCAD not opening,DynaCAD not opening,,,
Software,Needs to see if LDAPS if configured,Needs to see if LDAPS if configured,,,
Software,MR Cardiac viewer not working,MR Cardiac viewer not working,,,
Software,The Values are different between their GE system and ISP Auto Quant and their ISCV PACS.,The Values are different between their GE system and ISP Auto Quant and their ISCV PACS.,,,
Software,01/IntelliSpace IX/LX Workstations/connection,01/IntelliSpace IX/LX Workstations/connection,,,
Software,Preventive maintenance case created for?server uptime/USB drive/localhost certificate/auto-delete verification,Preventive Maintenance: FAIRCHILD MEDICAL CENTER (ISPv12),,,
Software,RMSE:05R/Extended Brilliance Workspace/Add Network Node,RMSE:05R/Extended Brilliance Workspace/Add Network Node,,,
Software,02G/IntelliSpace IX/LX Workstations,02G/IntelliSpace IX/LX Workstations,,,
Software,Reinstall client software.,SS:??????SW?????????,,,
Software,SA:05R/Extended Brilliance Workspace/Software failure,SA:05R/Extended Brilliance Workspace/Software failure,,,
Software,Software corrupt,Software corrupt,,,
Software,01/ISP/Software failure,01/ISP/Software failure,,,
Software,"Dr. Michl via email:
In addition, as already written, we still have problems with the perfusion evaluation, I will quote myself from my email from 2/14:
""We recently got a handle on the perfusion analysis on the ISP to some extent with some modifications on the reconstructed series, in the meantime we get an automatic result with an estimated 80% of the patients. Apart from some remaining patients with a ""Low CBV"" warning, however, it also occurs from time to time that the automatic evaluation is ended as ""failed"" without comments and not even ""traffic light results"" arise, only a TI-CTA series is then due to the ISP. Example patient from 2/9/23, Study ID 44479309, PatId 10004772, or also from 2/4, Study ID 44451954, PatID 10550059.
Could you please check again where the problem was with these cases?""

Thank you for your support with the troubleshooting and best regards,","In some studies, BP Preprocessing does not regularly",,,
Software,Upgrade,upgrade,,,
Software,"Unable to deploy automatized push package for ISP clients 12.1.5 and updates to 12.1.6, and 12.1.7 - The customer is TEST deploying a client via powershell scripts in the following order:

1. Uninstall 11.x
2. Install 12.1.5 version
3. Install 12.1.6 update
4. Install 12.1.7 update
5. Install ExtNM apps
6. Install Mirada

The installation fails when installing ISP v12.1.6 update with the error - ""The specified path is too long - c:\program files (x86)\philip intellispace portal\program files (x86)\philips IntelliSpace portal\program files (x86)\philips IntelliSpace portal\program files (x86)\philips IntelliSpace portal\config\application\common\spectral\learnmoremanuals\zh-CN"" Retry Cancel",ISP12 Installation of 12.1.7 client on top of 12.1.6 that just installed failed with error,,,
Software,How many people can login at the same time/are there caps/customer requested tech support,How many people can login at the same time/are there caps/customer requested tech support,,,
Software,ISP SERVICES DO NOT START,NO INICIAN LOS SERVICIOS DE ISP,,,
Software,"Add PACS for DICOM Q/R
PACS server
AE Title: VMPACS
IP: 192.1.1.81
Port: 4008",Add Dicom node for Query-Retrieve,,,
Software,Bookmarks not syncing between ISP servers in Concerto,Bookmarks not syncing between ISP servers in Concerto,,,
Software,02N/IntelliSpace IX/LX Workstations/Can't get into the patient system,02N/IntelliSpace IX/LX Workstations/Can't get into the patient system,,,
Software,The ISP account was locked.,01ds: KKI: ISP ????????????????,,,
Software,ISP issue,ISP issue,,,
Software,software needed,software needed,,,
Software,"A ""Certificate error"" message is appearing and some of the application can't be used.",05DS:KA:Certificate error??????????????????????,,,
Software,reference account locked out could not log in,reference account locked out could not log in,,,
Software,I reinstalled the software.,01DS: kk: ?????????????????,,,
Software,ISP log in error,ISP log in error,,,
Software,"When MPR processing is run for certain data only, a popup message prompting bug report creation is appearing and processing is not possible.",01DS:RS:???????MPR????????BugReport????????????????????,,,
Software,ISP*System restricted* Starting problem,ISP*System restricted* Starting problem,,,
Software,into,AVW15 FMRI doesn't launch for 2 specific datasets,,,
Software,"Works but much too slowly, about 10-15 minutes to open an examination.","Excessive iSP-Troyes in the opening of examinations, Notees 10 ? 15 min",,,
Software,into,ISP12.1.7 Concerto will not sync,,,
Software,into,ISP12 AVA automatic Multibatch is fail for data from certain scanner,,,
Software,Error message: No authentication source was selected.,Connection problem.,,,
Software,No Authentication Source,No Authentication Source,,,
Software,01/IntelliSpace Portal Solutions/client,01/IntelliSpace Portal Solutions/client,,,
Software,02N/ISP/Application,02N/ISP/Application,,,
Software,Wechat:05K/IntelliSpace Portal Solutions/stuck,Wechat:05K/IntelliSpace Portal Solutions/stuck,,,
Software,Unable to login in ISP system,Unable to login in ISP system,,,
Software,05R/ISP/onsite,05R/ISP/onsite,,,
Software,05R/IntelliSpace Portal Solutions/Client,05R/IntelliSpace Portal Solutions/Client,,,
Software,ISP software is not opening,ISP software is not opening,,,
Software,machine is not booting up,machine is not booting up,,,
Software,"Reported problem: It does not allow to retrieve studies from PACS.
Location of the equipment: - 
When did the failure happen?: Friday
When will the equipment be available for intervention? What is the best day or time?: As soon as possible
Was the equipment in clinical use when the failure occurred?: Yes",It does not allow to recover PACS studies,,,
Software,LKH Feldkirch Upgrade ISP (SN: 705844),LKH Feldkirch Upgrade ISP (SN: 705844),,,
Software,LKH Constance Upgrade ISP (SN: 706134),LKH Bregenz Upgrade ISP (SN: 706134),,,
Software,It is slow and locking,Presents lentid and locking,,,
Software,"An expired license message appears and they are unable to access the application
PT600259593",Expired Licensing Message and are not able to access the application,,,
Software,THE POST-PROCESSING STATION RESTARTS CONSTANTLY WITHOUT INDICATION,"LA ESTACI?N DE POST PROCESADO, SE REINICIA CONSTANTEMENTE SIN INDICACI?N",,,
Software,Concerto - ISP03 application not loading,Concerto - ISP03 application not loading,,,
Software,"*Failure: * Equipment is not initializing, shows error. When it turns on, it has a red screen.","* Failure:* Equipment is not initializing, it has error. When it turns on it has a red screen.",,,
Software,Domain service passwords has changed and need to update the password and services,ISP validation after AD change on domain level,,,
Software,The customer wants the auto delete box checked as some data needs to be deleted.,The customer wants the auto delete box checked as some data needs to be deleted.,,,
Software,IM Portal: MissingDirectory,IM Portal: MissingDirectory,,,
Software,ISP LOBI APPLICATION DOES NOT WORK,APLICACI?N LOBI DE ISP NO FUNCIONA,,,
Software,Needed help with CT bone removal,Needed help with CT bone removal,,,
Software,"This device is OPERATIONAL, but it's NOT loading the HEARTBEAT PROGRAM correctly","This device is OPERATIONAL, but it's NOT loading the HEARTBEAT PROGRAM correctly",,,
Software,Run SRT on the new server,Run SRT on the new server,,,
Software,05R/Extended Brilliance Workspace/software crash,05R/Extended Brilliance Workspace/software crash,,,
Software,WECHAT:05K/IntelliSpace Portal Solutions,WECHAT:05K/IntelliSpace Portal Solutions,,,
Software,01/IntelliSpace Portal Solutions/Unable to log in,01/IntelliSpace Portal Solutions/Unable to log in,,,
Software,01/IntelliSpace Portal Solutions/add node,01/IntelliSpace Portal Solutions/add node,,,
Software,ISP system is not booting up,ISP system is not booting up,,,
Software,Cardiac analysis crash,Cardiac Analysis,,,
Software,05R/ISP/Software failure,05R/ISP/Software failure,,,
Software,Activate the IST,Activation of IST,,,
Software,"No remote access to AO portal, but local it is possible. 
Impossible to connect since this morning AO cabinet 5.",ISP - Domont- connection problem,,,
Software,"Corrupt client 12.1.6 package.
The 12.1.6 package will not work as default.",Corrupt client 12.1.6 package,,,
Software,ISP NOT WORKING,ISP NOT WORKING,,,
Software,ISP system software update to version 12.1.7.,ISP software update to version 12.1.7,,,
Software,Concerto System with synchronization patch (SP003) not working at all.  System fails to synchronized user preferences.,Concerto System with synchronization patch (SP003) not working at all.,,,
Software,Concerto System with synchronization patch (SP003) not working at all. Site with large number of user preferences profiles and large-size files.  SP003 does not synch files.,Concerto System with synchronization patch (SP003) not working at all.,,,
Software,"Just received message from user: had 2 crashes during manual sign-in action MR Cardiac analysis. 
Then restarted PC, it seems to work again afterwards.
Made bug report on both cases. Please investigate.",ISP Crash at MR Cardiac Elaboration,,,
Software,into,AVW15/MRC: Multiple preprocess jobs queued up in Preference process tab (TFS DEFECT1482857),,,
Software,"cannot log in, lost authentication source","cannot log in, lost authentication source",,,
Software,User does not have Report Image in Cardiac.,User does not have Report Image in Cardiac.,,,
Software,VIP IMSS CLIENT-THE INFORMATION IS NOT BEING SENT CORRECTLY TO PACS,VIP IMSS CLIENTE-LA INFORMACI?N NO SE ESTA MANDANDO CORRECTAMENTE AL PACS,,,
Software,Customer requesting SUpport- Needs SSL certificate installation,Customer requesting SUpport- Needs SSL certificate installation,,,
Software,Intellispace Concerto system is showing the same synchronization issues as University of Cleveland - Need SP003 to fix the issue.,Intellispace Concerto system is showing the same synchronization issues as University of Cleveland - Need SP003,,,
Software,Intellispace Concerto system is showing the same synchronization issues as University of Cleveland - Need SP003 to fix the issue.,Intellispace Concerto system is showing the same synchronization issues as University of Cleveland - Need SP003,,,
Software,Application crashing on workstation,Application crashing on workstation,,,
Software,Software does not open,Software n?o abre,,,
Software,System is down for one user,System is down for one user,,,
Software,Tech Questions,Tech Questions,,,
Software,Report tab needed to create report cardiac studies; management tool access.,Report tab needed to create report cardiac studies; management tool access.,,,
Software,"unable to take out bones - giving error message automatic removal operation cannot be completed, please use manual tools","unable to take out bones - giving error message automatic removal operation cannot be completed, please use manual tools",,,
Software,02N/IntelliSpace Portal Solutions/software hanged up,02N/IntelliSpace Portal Solutions/software hanged up,,,
Software,02G/IntelliSpace Portal Solutions/add node,02G/IntelliSpace Portal Solutions/add node,,,
Software,wechat:05R/Brilliance iCT/Workstation login failed,wechat:05R/Brilliance iCT/Workstation login failed,,,
Software,02G/IntelliSpace Portal Solutions/software stuck,02G/IntelliSpace Portal Solutions/software stuck,,,
Software,"See case 0121293090> malfunction was reported by Medical Technology. Case had to be created again.
Spectroscopy images cannot be sent from the modality (3T MRT) in Intellispace.
EDP says that it is not an EDP technical problem, it's device-specific.
Please contact OA Dr. Sandor Konya at 03645852936",It's about spectroscopy recordings on the ISP,,,
Software,"One of the 2 monitors of the workstation says ""signal Lost"" and does not receive signal.",1 out of 2 monitations of Workstation is writing and signaling,,,
Software,Error during data transmission,Data transfer error,,,
Software,"Reported problem: They need to add an access group to the Portal.
Location of the equipment: - 
When did the failure happen?: Today
When will the equipment be available for intervention? What is the best day or time?: As soon as possible
Was the equipment in clinical use when the failure occurred?: Yes",They need to add an access group to the portal,,,
Software,"Login error: ""Error when initializing the application. Reinstall the application.",Login error: 'Error initializing the application. Re -install the application ',,,
Software,"It gives error detected problem in application, create record of the bug. It remains down and always gives error. Only on a client.",Of error detected problem in application,,,
Software,Intellispace Concerto system will potentially have synchronization issues same as the University of Cleveland - Need SP003 to fix the issue.  this is a site with large number of users and large-size profiles.,Intellispace Concerto system will potentially have synchronization issues same as the University of Cleveland - Need...,,,
Software,Add a new DICOM node in ISP due to a new site,ISPv11.1.4: adding a new modality DICOM node,,,
Software,trying to get application/portal to open up for calcium scorings,trying to get application/portal to open up for calcium scorings,,,
Software,need tech support to add dicom node,need tech support to add dicom node,,,
Software,"Version 11 is down, no one has access","Version 11 is down, no one has access",,,
Software,issues with bone removal and vessels in ISP - CTA,issues with bone removal and vessels in ISP,,,
Software,wechat?05R/Brilliance Workspace Portal/Portal cannot be used,wechat?05R/Brilliance Workspace Portal/Portal cannot be used,,,
Software,02G/IntelliSpace IX/LX Workstations/Normal account and password are required,02G/IntelliSpace IX/LX Workstations/Normal account and password are required,,,
Software,SA:02N/IntelliSpace IX/LX Workstations/System hung up,SA:02N/IntelliSpace IX/LX Workstations/System hung up,,,
Software,01/IntelliSpace Portal Solutions/client login failed,01/IntelliSpace Portal Solutions/client login failed,,,
Software,01/IntelliSpace IX/LX Workstations/add dicom node,01/IntelliSpace IX/LX Workstations/add dicom node,,,
Software,Problem accessing the examinations. The loading does not advance. Impossible to access the examinations.,ACCESS PROBLEM TO,,,
Software,Software crash,Software crash,,,
Software,"It does not load authentication and they cannot access the program. 
Location: Hospital Quir?nsalud Barcelona (Quir?nsalud Barcelona Hospital)",Does not charge authentication and cannot enter the program,,,
Software,"Problems to load cardio studies, because they do not have the ""comp cardiac"" tool available, 
This has been happening since last week.",Problems to load cardio studies,,,
Software,Impossible to open the ISP from the PACS.,Unable to open the ISP,,,
Software,"As part of patch management, hanging jobs were detected in the queue - > cleaning required",Hanging Job in Queue,,,
Software,Portal does not start in any equipment.,Portal does not start in any team,,,
Software,ISP system software update to version 12.1.7.,ISP software update to version 12.1.7,,,
Software,"During the connection, when launching the work release, it remains stuck.",connection problem,,,
Software,ISP Client System is not booting,ISP Client System is not booting,,,
Software,VIP-THE WORKLIST OF THE STUDIES PERFORMED IN THE UNION CENTER BRANCH DOES NOT APPEAR,VIP-does not appear the work list of the studies carried out at the Union Center Branch in Morelia Mich.,,,
Software,"Issue: Malfunction
Error description: Examinations cannot be opened at all, sometimes or only with a long delay. According to IT, the hardware is OK. Please check and clarify.
Location: DBSM Radiology, General Area
Contract or warranty: Full maintenance contract","Investigations cannot be done at all, partly or only with a long delay.",,,
Software,"When sending the studies to node ""DIPCAN"" it gives an error. Patient ID: 1699052.
We need it to be checked","Give error by sending the studies to the ""Dipcan"" node",,,
Software,Does not save the studies,Nor saves the exams,,,
Software,VIP-CLIENT-IT DOES NOT ALLOW SENDING STUDIES TO OTHER STATIONS OR BURNING STUDIES TO DISK OR USB,VIP-CLIENTE-NO allows studies shipment to other stations or burn disk or USB studies,,,
Software,REPLACE DESTINATION IP OF NEW PRINTING DESTINATION,Replace fate IP again printer destination,,,
Software,Cant log in,Cant log in,,,
Software,SA?05R/IntelliSpace Portal Solutions/one client application using issue,SA?05R/IntelliSpace Portal Solutions/one client application using issue,,,
Software,05R/IntelliSpace Portal Solutions/Need reinstall software,05R/IntelliSpace Portal Solutions/Need reinstall software,,,
Software,01/IntelliSpace IX/LX Workstations/software stuck,01/IntelliSpace IX/LX Workstations/software stuck,,,
Software,SA?OCAP?05R/Extended Brilliance Workspace/software crash,SA?OCAP?05R/Extended Brilliance Workspace/software crash,,,
Software,Error in Volumetry ISP system is not functioning,Error in Volumetry ISP system is not functioning,,,
Software,01/IntelliSpace IX/LX Workstations/software crash,01/IntelliSpace IX/LX Workstations/software crash,,,
Software,"Hello,
What is the root cause for errormessage: ""Datalasting mislykkes. Programmet avsluttes."" Is it timeout?
The user opened ISP from Sectra PACS, and got this message. After I tested it a few times, both in ISP (database: PACS_PROD) and Sectra PACS, I was able to open the patient in ISP (From PACS). However we would like to know how to prevent this, and why it happens.",Data loading fails. The program ends.,,,
Software,"Since today there is an error message with the 4DM module. 
Possibly related to the license update of Mirada and restart of services? 
I am not very familiar with the 4DM module, but apparently this message appears when opening the desynchrony view (?).
I placed a patient in the Philips folder.",Foutmelding 4DM module,,,
Software,05R/IntelliSpace Portal/cannot login,05R/IntelliSpace Portal/cannot login,,,
Software,It gives an error when sending the studies to the DIPCAM node,Give error by sending studies to the Dipcam node,,,
Software,login is invalid and customer has stat order that needs to be completed,login is invalid and customer has stat order that needs to be completed,,,
Software,"Issue: Malfunction
Description of error: Email Michael Hauke /Senior Technical Consultant/ Team Lead ICAP & DCP

Users from Altona cannot log in",Users from Altona cannot register,,,
Software,Q/O: Dicom destination change needed,Q/O: Dicom destination change needed,,,
Software,Q/O: Dicom destination change needed,Q/O: Dicom destination change needed,,,
Software,"Hello 
Solitico that the Portal is installed in the following equipments:

-  10.127.50.15
-  10.127.50.14
-  10.35.6.103
-  10.127.11.214
-  10.127.11.215

Thanks a lot",I request portal installation in new equipment,,,
Software,It is slow and locking,Presents lentid and locking,,,
Software,"FAILURE: VIP-IMSS-CLIENT DOES NOT START, IT SEEMS THAT THE HARD DISK IS DAMAGED",FALLA: VIP-IMSS-CLIENTE  NO INICIA AL PARECER SE DA?O EL DISCO DURO,,,
Software,SEVERAL FUNCTIONS ARE NOT ENABLED.,Do not have several functions enabled,,,
Software,Wechat:05R/IntelliSpace IX/LX Workstations/stuck,Wechat:05R/IntelliSpace IX/LX Workstations/stuck,,,
Software,05R/IntelliSpace IX/LX Workstations/viewer,05R/IntelliSpace IX/LX Workstations/viewer,,,
Software,software issue,software issue,,,
Software,05R/IntelliSpace Portal Solutions/IP address is missing,05R/IntelliSpace Portal Solutions/IP address is missing,,,
Software,SA?05R/Extended Brilliance Workspace/Preboot fail intermittently,SA?05R/Extended Brilliance Workspace/Preboot fail intermittently,,,
Software,"Issue: Malfunction
Error description: Login to all computers not possible
Error message: Invalid login data made available, please try again.",Registration at all computers not possible,,,
Software,"When saving MONOE images, an ""Out of memory"" message is shown and can't save",MONOE??????????Out of memory????????????????,,,
Software,"Crash found and reproduced by the Philips Support while investigating an AVA crash reported by the doctor.
Thus this is not the same crash as the doctor's one.",ISP12 AVA Crash if user adjust the split line and press Apply and Split button.,,,
Software,EBW No Boot,EBW No Boot [ Dell T7400 ],,,
Software,Customer needs assistance with downloading Dynacad IntelliSpace Portal Client for her organization (error to download).,Customer requests support to download and install ISP-Dynacad client,,,
Software,"question sent by the customer: ""Do you happen to know why the D:drive is almost full on the server?""",Drive D almost full,,,
Software,user limit questions/error,user limit questions/error,,,
Software,"can also call 0455556834, when customer went to save result, error came up need bug report , went to main screen , there is no book marks","can also call 0455556834, when customer went to save result, error came up need bug report , went to main screen ,...",,,
Software,No Signal in workstation,No Signal in workstation,,,
Software,Software got corrupted,Software got corrupted,,,
Software,ISP system rebooting continuously,ISP system rebooting continuously,,,
Software,Application does not remain open long enough since an update by guess by the customer.,application has not been opened long enough since a day -to -day update by the customer,,,
Software,05R/IntelliSpace/disk full,05R/IntelliSpace/disk full,,,
Software,Workstation is not working,Workstation is not working,,,
Software,SA:05R/Upgrades IntelliSpace Portal/install client,SA:05R/Upgrades IntelliSpace Portal/install client,,,
Software,Preparations for the software upgrade to 12.1.7,Preparations for the software upgrade to 12.1.7,,,
Software,It seems that there is a start button problem.,The PC does not light up.,,,
Software,Software crashed,Software crashed,,,
Software,Slow down and block.,Slowdown and block,,,
Software,into,Unable to upload raw conebeam CT or 3DRA data from Interventional workspace for viewing or post proccessing,,,
Software,SA:05R/IntelliSpace Portal Solutions/SW run slowly,SA:05R/IntelliSpace Portal Solutions/SW run slowly,,,
Software,SA:05R/IntelliSpace Portal Solutions/SW error,SA:05R/IntelliSpace Portal Solutions/SW error,,,
Software,"Cannot send reconstructions from local to PACS, there is a connection error
IP: 92345724","You cannot send reconstructions from local to PACS, there is a connection failure",,,
Software,05R/Extended Brilliance Workspace/software crash,05R/Extended Brilliance Workspace/software crash,,,
Software,"Issue: Malfunction
Error description: If you send data to the ISP, these appear on the client only very briefly, and then disappear again. If you terminate and restart the client, this data is visible again.
Error message:-
Error occurred on: Today","If you send data to the ISP, it only appears very briefly on the client",,,
Software,into,AVW15 PD Siemens Mosaic Functional data can't save because Mosaic splitting stopped it resolved by restart server,,,
Software,Needs to install new PCs,Needs to install new PCs,,,
Software,Needs to install new PCs,Needs to install new PCs,,,
Software,into,ISP12 AVA doesn't have adequate directions or education about the split line and what to do with it.,,,
Software,into,ISP12 CT Viewer sometimes hang when attempting to save batches,,,
Software,into,ISP12 AVA sometimes processing creates 3 processed series across the servers,,,
Software,AutoQuant will not open on client workstation,AutoQuant will not open on client workstation,,,
Software,communication with PACS is failing,ISP fails to query PACS,,,
Software,Help processing a NM Cardiac study with corrupt data,Help processing a NM Cardiac study with corrupt data,,,
Software,05R/IntelliSpace IX/LX Workstations,05R/IntelliSpace IX/LX Workstations,,,
Software,01/IntelliSpace IX/LX /Failed to add node,01/IntelliSpace IX/LX /Failed to add node,,,
Software,05R/Extended Brilliance Workspace/Unable to start,05R/Extended Brilliance Workspace/Unable to start,,,
Software,02G/IntelliSpace IX/LX Workstations/Software failure,02G/IntelliSpace IX/LX Workstations/Software failure,,,
Software,Remote Alert: System RAM exceeds the normal performance threshold.,Remote Alert: System RAM exceed normal performance threshold,,,
Software,"The PC does not work but it displays ""authorization source"" and nothing anymore.
On the PACS consoles it works.",ISP bloqu?,,,
Software,Request for settings to correct the comparison of several images. Message in red is displayed when selecting more than one image.,Impossible to compare the images.,,,
Software,01/IntelliSpace IX/LX Workstations/Modify gateway IP address,01/IntelliSpace IX/LX Workstations/Modify gateway IP address,,,
Software,"Cannot connect, displays error message.",connection problem,,,
Software,Wechat:05R/IntelliSpace Portal Solutions/,Wechat:01/IntelliSpace Portal Solutions/,,,
Software,ISP system software update to version 12.1.7.,ISP software update to version 12.1.7,,,
Software,"When they want to print a patient, the studies are waiting and they are too old for them to be able to remove them, so it is bothering printing.",Pb impression,,,
Software,"A problem with downloading examinations from Intellispace as well as from PACS. Sending examinations from the console works, but it is not possible to download examinations in any way as before.","The problem is investigating Zarzwno with Intellispace and Pacs. The release is investigating from the console, but it is impossible to ...",,,
Software,"Portal cannot be used.
Radiology",Portal not usable.,,,
Software,"Can I log a job for HERIS001 please.

Lisa in Worcester is trying to install WVT Intellispace on Worcester Workstations to assist with the Breast MRI service and is struggling to get it to open, is there somewhere in the config. that she can edit so that it knows which instance of IS it is supposed to be loading from?",Config changed needed to install WVT Intellispace on Worcester Workstations,,,
Software,User is unable to import studies using the Philips portal account,Useria can't import exams with the Philips portal account,,,
Software,User login issues.  Some users do not have all access like others.,User login issues.  Some users do not have all access like others.,,,
Software,"Q/O Power down went down, system won't come on, getting error code","Q/O Power down went down, system won't come on, getting error code",,,
Software,Requests application of perfusion T1 of breast,Request applying to the mother's t1,,,
Software,wants to upgrade the OS,wants to upgrade the OS,,,
Software,Software upgrade issues,Software upgrade issues,,,
Software,Liver Volume ISP 12,Liver Volume ISP 12,,,
Software,62838734 ISSUE WITH WITH MR CARDIAC READINGS - THE ANALYSIS SCREEN STATES 687/700 HAS LOADED THERE IS A BLACK SCRREN WITH MESSAGE AND NOTHING HAPPENS BEYOND THAT POINT.,62838734 ISSUE WITH WITH MR CARDIAC READINGS,,,
Software,"FREE SPACE IN THE EQUIPMENT SINCE THEY ARE AT THE LIMIT, WITH HIGH RISK OF LOSING THE IMAGES","LIBERAR ESPACIO DE LOS EQUIPOS YA QUE SE ENCUENTRAN AL L?MITE, CON ALTO RIESGO DE PERDER LAS IM?GENES",,,
Software,05R/Extended Brilliance Workspace/option key,05R/Extended Brilliance Workspace/option key,,,
Software,SA:02N/IntelliSpace IX/LX Workstations/Add node,SA:02N/IntelliSpace IX/LX Workstations/Add node,,,
Software,SA:05R/IntelliSpace Portal Solutions/report errors,SA:05R/IntelliSpace Portal Solutions/report errors,,,
Software,"Since this morning, the ISP has been re-accepting the images, but does not transfer anymore to the outside, so it does not burn and does not transfer to the PACS.",ISP does not transfer outside,,,
Software,"Transfer of examinations does not work, not the ones that were freshly prepared, but the ones that were made earlier and because of that there is no possibility to compare them.","not alarming the research, not those done, only those earlier, so that there is no possible ...",,,
Software,"The MRI-study from this morning unreported is archived. 
Happened: 8.3.2023 / 9:39 AM",The MRI-study from this morning unreported is archived.,,,
Software,05L/Upgrades IntelliSpace IX/LX WrkStns/SW error,05L/Upgrades IntelliSpace IX/LX WrkStns/SW error,,,
Software,"Reported error message and malfunctioning of work station
Found problem with the application, it does not work",We report Work Station error and malfunction,,,
Software,"Issue: Malfunction
Description of malfunction: 
Customer asks that the studies from the MRT are also automatically forwarded to Intellispace portal as is the case with the CTs",Studies from the MRI are to be automatically forwarded to IntelliSpace portal as well as the CTS of ...,,,
Software,"16 Failures in the management queue impossible to remove. completely stuck. Cannot transfer anything else anymore, but can do the scanner.",16 failures in the management queue impossible to delete,,,
Software,low disk alert,ISP: out of disk space,,,
Software,Autodelete not working,Autodelete not working,,,
Software,Rabbit MQ message flow issues,Rabbit MQ message flow issues,,,
Software,user unable to install client,user unable to install client,,,
Software,Intellispace Concerto system is showing the same synchronization issues as the University of Cleveland - Need SP003. System settings are disappearing too.,Intellispace Concerto system is showing the same synchronization issues as University of Cleveland - Need SP003,,,
Software,Intermitent connection to servers,Intermitent connection to servers,,,
Software,"When trying to access the workstation, it sends several error messages and does not enter the application.",The work is not enters the app,,,
Software,IM Portal: MissingDirectory,IM Portal: MissingDirectory,,,
Software,pre-fetch rules for PETs were disabled.  Customer re-enabled and needs Philips to verify.,pre-fetch rules for PETs were disabled.  Customer re-enabled and needs philips to verify.,,,
Software,"02N_148_RAD_ISP_User can?t login ,can?t remote to report ,help to report 707032","02N_148_RAD_ISP_User can?t login ,can?t remote to report ,help to report 707032",,,
Software,02N/IntelliSpace IX/LX Workstations/add node,02N/IntelliSpace IX/LX Workstations/add node,,,
Software,"Message: IT support for users
Error description: An error message appears if another user uses MR Strain. 
Further user would like to use MR Strain.
Error message: will still be attached",There is an error message if other users use MR Strain,,,
Software,Database crash,Database crash,,,
Software,"Via M. Kusch by email
Good morning
After massive personnel changes in Radiology as well as z.N. Corona should now finally find the ISP application. The installation on my PC (22H2) ran perfectly, the installation remained stuck on 2 diagnostic stations when ""loading the NM modules..."" Do you have an idea and support?
D A N K E!

Best regards,

Jens Woython",Problems with the client installation,,,
Software,NO SYNCHRONIZATION OF CLIENT/SERVER SYSTEM. FUNCTION IS INDISPENSABLE FOR REPROCESSING CARDIAC MRI EXAMINATIONS.,2023/501/Tick Inventory: 9078,,,
Software,"The old data can be recovered on the scanner but not when he is at the MRI but it is the same Rilise 12, need to talk to a technician.",given before can go back on scanner but not when it is ? MRI,,,
Software,Request for settings to correct the receipt of images.,No conception of the images of the cubble 1 and 2 CT scan.,,,
Software,"They say the cardiac MR analysis program does not load, we do not know if it is punctual or if these studies cannot be processed.","They say that the cardiac RM Annic program is not loaded, it is not known if it is punctual or if they cannot be processed ...",,,
Software,"We requested to send images from the ""Intellispace portal"", to PACS and to the RM","We request to send images from the ""Intellispace Portal"", to the PACS and the RM",,,
Software,missing analysis,missing analysis,,,
Software,Reinstallation of server SW,SW Server reinstallation,,,
Software,Request to reboot the server to see if this solves the problem.,Slowness System for loading MRI Cardio Investigate,,,
Software,System seems to be blocked when writing back to PACS from the integration. Patches have been installed but it is not clear if this has any influence. Rens has been working on this before.,System blocks when returning to PACS,,,
Software,Error message:  C drive is full - Disk full.,Error message:  C drive is full - Disk full.,,,
Software,THE STATION DOES ARRIVE THE STUDIES BUT THE APPLICATION LICENSES DO NOT OPEN THEM,The station if the studies arrive but the applications licenses do not open them,,,
Software,01/Upgrades IntelliSpace Portal/Terminal failure,01/Upgrades IntelliSpace Portal/Terminal failure,,,
Software,"Cannot transfer data from CT to ISP, cannot login to client, too.",01CS:RS:CT??ISP?????????????????????????>>D??????????0???>>,,,
Software,WeChat?01/IntelliSpace Portal Solutions/boot up failed,WeChat?01/IntelliSpace Portal Solutions/boot up failed,,,
Software,05R/IntelliSpace IX/LX Workstations/SW error,05R/IntelliSpace IX/LX Workstations/SW error,,,
Software,05R/Extended Brilliance Workspace/Stuck,05R/Extended Brilliance Workspace/Stuck,,,
Software,05R/Extended Brilliance Workspace/cannot login system,05R/Extended Brilliance Workspace/cannot login system,,,
Software,Unable to transfer data to ISP system from console system,Unable to transfer data to ISP system from console system,,,
Software,Can't login to ISP,01CS: kki: isp ?????????,,,
Software,05K/IntelliSpace Portal Solutions/login,05K/IntelliSpace Portal Solutions/login,,,
Software,THE EBW operation is abnormally s heavy.,01DS:RS:EBW??????????,,,
Software,RMSE?02N/Upgrades IntelliSpace Portal/software fault,RMSE?02N/Upgrades IntelliSpace Portal/software fault,,,
Software,"Error messages which say ""Application Initialization failed, Please re-install application"" when logging in. Another error message is ""There seems to be a problem in the application. Would you like to create a bug report?"".",Problem with ISP 12 Client,,,
Software,05R/IntelliSpace Portal Solutions/boot,05R/IntelliSpace Portal Solutions/boot,,,
Software,"While opening app, certification error appearing","While opening app, certification error appearing",,,
Software,Unable to copy data in M and D system,Unable to copy data in M and D system,,,
Software,"Issue: Malfunction
Description of error: IX V12.1.5 freezes c. 1 time a day / one must then completely shut down and restart.",IX V12.1.5 freezes about once a day,,,
Software,Hanging jobs in the queue,Hanging Jobs in der Queue,,,
Software,into,ISP12 TAVI PSA_Measurements from Planning tool might be larger than they're supposed to,,,
Software,Unable to transfer data,Unable to transfer data,,,
Software,It is showing error when opening the exam,is presenting error at the open examination,,,
Software,It is giving memory warning.,Haf? Za Uyar? S? giving,,,
Software,User password will not log into system.,User password will not log into system.,,,
Software,MRI ISP system showing error.,MRI ISP system showing error.,,,
Software,Customer states Slice page data is not saving after changing ROI in Autoquant,Customer states Slice page data is not saving after changing ROI in Autoquant,,,
Software,"TK editor not able to edit parameters, fields grayed out. Reported by Clinical Apps specialist.","TK editor not able to edit parameters, fields grayed out",,,
Software,02G/IntelliSpace IX/LX Workstations/Installation workstation,02G/IntelliSpace IX/LX Workstations/Installation workstation,,,
Software,SA:05R/Upgrades IntelliSpace Portal/install,SA:05R/Upgrades IntelliSpace Portal/install,,,
Software,05R/Extended Brilliance Workspace/software crash,05R/Extended Brilliance Workspace/software crash,,,
Software,DICOM settings were changed.,ZM? To set by dicom,,,
Software,It doesn't work. It does not open from the history or from the work list.,Not working. It does not open from history or from the work list,,,
Software,"The doctor on the ISP2 client is not able to sen images to the PACS, or between other ISP servers.
Jens K. phone 08-12376438",ISP2 Client not possible to sent images to PACS,,,
Software,Getting error  as Volumetry in ISP,Getting error  as Volumetry in ISP,,,
Software,The system does not allow to load the previous cases from the PACS.,Failure to communicate with the Pacs,,,
Software,It is reported that when they print film the measurements are not in scale 1 to 1. I open following 0121364573 that was opened on wrong IP.,It should be noted that when they print film the measures are not in 1 to 1 scale.,,,
Software,"At every examination the following warning occurs, excessive use of ram and the system is thrent. 

Location: Nuclear Medicine,","Notice, excessive use of RAM and the system",,,
Software,into,AVW15: MRC: SPatial_Enh: The Application hangs on playing Cine (TFS1486792),,,
Software,"Recording of summary boards, but not sending to the PACS.",Problem of sending of mercilements on the PACS.,,,
Software,Investigations appear in the station but do not open IntelliSpace WorkStation Galati Children's Hospital,The investigations appear in the station but do not open Intellispace Workstation Children's Hospital Galati,,,
Software,"When entering the Portal, a message appears about little disk space.","Upon entering the portal, little disk space appears.",,,
Software,"Displays lock on ecan, needs to be unblocked.",Bliquu? screen,,,
Software,"When trying to delete a study or sequence, a message appears: ""The exam is in use. Therefore, it cannot be deleted."". We have checked that the study is not opened by other users, blocked or in transference. It happens independently of the chosen study.",It does not allow to eliminate studies or sequences,,,
Software,"user account locked out, contact local IT","user account locked out, contact local IT",,,
Software,05K/IntelliSpace Portal Solutions/Logon fail,05K/IntelliSpace Portal Solutions/Logon fail,,,
Software,"He changed the password on the ISP, but he cannot log in using that password.>> even with the old password.A different account is set up by the FSE.So I asked him to use that account.",01CS:KK:ISP??????????????????????????????>>????????????????FSE???????????????????????????????????????????????????,,,
Software,SA:05R/IntelliSpace IX/LX Workstations/sw issue,SA:05R/IntelliSpace IX/LX Workstations/sw issue,,,
Software,"On the ISP, the examinations of the scanner are waiting.
No more exmens on the ISP since March 10th.",Pending examinations,,,
Software,Client Software problem,Client Software problem,,,
Software,Software upgrade to 12.1.7,ISP12 while upgraded to version 12.1.7 Active directory login doesn't work,,,
Software,Can not login,Can not login,,,
Software,"Unavailability of the Intellispace, does not open and does not show error.
PT600237943A","Unavailability of intellispace, does not open and not present error",,,
Software,Unable to view patient data in ISP system,Unable to view patient data in ISP system,,,
Software,"Issue: Malfunction
Error description: The customer has some problems with nuclear

The entire presets (presets for the heart evaluations have disappeared. This must be set up again
There are error messages with the Auto Spect Pro program (both with hearts and with bone evaluations). An error message appears there and it displays that the studies are not complete. But the colleague cannot determine that. The customer will still send the error message. The program closes again by itself, but the MTAs can log in again. That was not the case before.

See email history",Red reports on your points/ nuk problems,,,
Software,"Issue malfunction

Problems with communication between ISP client and server (see screenshot). 
According to information from the colleague, these or other messages often appear on his client.",Problems with communication between the ISP client and server,,,
Software,XIM: XIMS software crashing when trying to generate transcription report,XIM: XIMS software crashing when trying to generate transcription report,,,
Software,2514031 - Failure from medical history and work list. It stays thinking and does not charge.,2514031- Failure from clinical history and from work list.,,,
Software,It does not perform Query in the tomography,Do not make query in the tone,,,
Software,Customer needs to support to reorient Brain Images in NMViewer,Customer needs to support to reorient Brain Images in ISP,,,
Software,INTELLISPACE HAS PROBLEMS DOWNLOADING THE MAGNETS FROM THE PACS TO THE LOCAL,INTELLISPACE TIENE PROBLEMAS PARA DESCARGAR IMAGANES DEL PACS AL LOCAL,,,
Software,THE APPLICATION IS NOT ENTERING.,The application is not entering.,,,
Software,THE APPLICATION FREEZES AND SHOWS PERFORMANCE PROBLEMS,LA APLICACION SE CONGELA Y PRESENTA PROBLEMAS DE RENDIMIENTO,,,
Software,"Equipment with intermittent failure
WORKSTATION SHOWS AN FAILURE, IT IS JAMMED
ALEXIS CATALAN
5631454015",Working work is passed,,,
Software,"customer requesting Philips to check ISPv12 against:
CVE2023-23397
CVE2023-24880
CVE2023-23416
CVE2023-23415",Questions about ISP patches and some new CVEs (vulnerabilities),,,
Software,Stabilizer installation,STABILIZER INSTALLATION,,,
Software,"Unable to get ""Preferences"" to display in ISP client but works on server","Unable to get ""Preferences"" to display in ISP client but works on server",,,
Software,WeChat?SA:05L/IntelliSpace Portal/cannot boot,WeChat?SA:05L/IntelliSpace Portal/cannot boot,,,
Software,Unable to open ISP,Unable to open ISP,,,
Software,"Issue: Malfunction
Error description: The Offenbacher preset is missing again (see opened measurements list).","Once again, the Offenbacher Preset is missing",,,
Software,The ISP application does not start.,08CS:YM:ISP???????????????????,,,
Software,SA:05K/IntelliSpace IX/LX Workstations/patient list issuse,SA:05K/IntelliSpace IX/LX Workstations/patient list issuse,,,
Software,"Issue: Malfunction
Error description: Error message is displayed when starting.
Error message: Memory critical. Before resumption, delete data from local folders.
Error occurred on: 16.03.2023",FM is displayed when starting.,,,
Software,PROBLEM WITH PACS transfer,PACS Transfer?,,,
Software,05L/Extended Brilliance Workspace/login failed,05L/Extended Brilliance Workspace/login failed,,,
Software,"Question regarding the calculation of the blood volume for MR heart,
It is probably not possible to perform manual corrections with the results of the algorithm that extracts the papillair musculcule?
In the section below the segmentation does not seem entirely correct.",LV Analysis - bloodvolume,,,
Software,The patient database is corrupted and the software is very slow.,Technician opens for corrupt patient database and very slowed software,,,
Software,"Issue: Malfunction
Error description: Copying to PACS does not work.
Error message:-
Error occurred on: set up in the last few days.",ISP12 Copying to PACS does not work,,,
Software,User 44502942N cannot see studies in ICAP Nuclear Medicine and does not have permissions for applications. Check configuration.,In Nuclear Medicine ICAP (LAVERNE server) - Check user permissions,,,
Software,"It is not possible to configure prefetch to the studies that are within the ""Study Description"" a period and semicolon (; )",It is not possible to configure the prefetch to the studies they have within the ?study description of a point and coma (;),,,
Software,check low disk alert in concerto servers and scan others as well,LOW DISK alert in server sa1463v,,,
Software,cameras are unable to send images to server,cameras are unable to send images to server,,,
Software,CTISP to be integrated with the PACS.,CTISP to be integrated with the PACS.,,,
Software,At start up fan controller error after each time I reboot,fan controller error,,,
Software,Unable to connect,Unable to connect,,,
Software,05R/IntelliSpace IX/LX/account,05R/IntelliSpace IX/LX/account,,,
Software,05K/IntelliSpace IX/LX Workstations/system stuck,05K/IntelliSpace IX/LX Workstations/system stuck,,,
Software,05R/IntelliSpace IX/LX Workstations/no boot device error,05R/IntelliSpace IX/LX Workstations/no boot device error,,,
Software,02N/IntelliSpace IX/LX Workstations/consult AP,02N/IntelliSpace IX/LX Workstations/consult AP,,,
Software,Wechat?05R/Extended Brilliance Workspace/SW run slowly,Wechat?05R/Extended Brilliance Workspace/SW run slowly,,,
Software,SA?02N/IntelliSpace IX/LX Workstations/SW run slowly,SA?02N/IntelliSpace IX/LX Workstations/SW run slowly,,,
Software,05R/Extended Brilliance Workspace/BONE REMOVE,05R/Extended Brilliance Workspace/BONE REMOVE,,,
Software,01/IntelliSpace IX/LX Workstations/consult,01/IntelliSpace IX/LX Workstations/consult,,,
Software,01/IntelliSpace IX/LX Workstations/consult,01/IntelliSpace IX/LX Workstations/consult,,,
Software,Wechat:01/IntelliSpace Portal Solutions/SW error,Wechat:01/IntelliSpace Portal Solutions/SW error,,,
Software,05R/IntelliSpace Portal Solutions/add dicom node,05R/IntelliSpace Portal Solutions/add dicom node,,,
Software,The application crashed during comp cardia processing.,01cs: KK: ?????????????????????????????????????,,,
Software,software intermittent issue,software intermittent issue,,,
Software,software intermittent issue,software intermittent issue,,,
Software,WeChat?01/IntelliSpace Portal Solutions/Unable to open the software,WeChat?01/IntelliSpace Portal Solutions/Unable to open the software,,,
Software,01/Extended Brilliance Workspace/SW error,01/Extended Brilliance Workspace/SW error,,,
Software,"Did it happen with the equipment? Patients are not found in PACS.
When did it happen? Now
Was it in a clinical act? Before clinical act
Better day for intervention? Remote mediate
Other people to keep them informed? 
1st Floor, Cardiologia, Image Block D",Does not find patients in pac?s,,,
Software,"From the Hospital de Coru?a they tell us that the retrieval of archived studies from PACS from portal is very slow. Some days ago they had problems accessing the studies archived from pacs. They request from the center to restart the Portal services today 03/16 at 3:30 p.m., to check if the studies can be retrieved without showing slowness. Please, let us know if you are available to perform the restart. As soon as you confirm it, we are requesting the tunnel opening. 
Location: Juan Canalejo H.",Access problems to archived studies from the PACS,,,
Software,into,ISP12 Installation: while download ISO from InCenter many messages of Data Leak Prevention pop and need approval,,,
Software,into,"ISP12 TAVI Access Route Assessment, measurement table the Italian translation of ""Max Diameter"" is incorrect.",,,
Software,Dynacard is not functioning,Dynacard is not functioning,,,
Software,"Issue: Malfunction
Error description: Server 04 and has problems with the brain perfusion
Error message:---
Error occurred on: ---
Contact person: Pascal Sch?fer",Server 04 and has problems with Brain Perfusion,,,
Software,WE CANNOT BRING STUDIES FROM OUR PACS SERVER,We cannot bring studies from our PACS server,,,
Software,"They cannot do perfusions (MR Prostate) the system remains with the hourglass to load the examination, ACC 3565215, the problem presented with a patient.

Location: Villa Serena",They can't do perfusions (Mr prostate),,,
Software,"It is entered with logging but it does not load and it blocks.

The machine is blocked.

Location: magnetic resonance.",Does not load and blocks,,,
Software,"It is very slow until it starts. 
Ground floor

Failure: immediate, since 03/13.
Intervention: call first to schedule it.
Clinical use - No",It is very slow until it starts,,,
Software,Trouble processing urology in dynacad,Trouble processing urology in dynacad,,,
Software,VIP-ISSSTE-CONTRACT-CLIENT-THE EQUIPMENT DOES NOT RECORD THE STUDIES,VIP-ISSSTE-CONTRATO-CLIENTE-The team does not record the studies,,,
Software,01/Extended Brilliance Workspace/Consult warranty,01/Extended Brilliance Workspace/Consult warranty,,,
Software,01/IntelliSpace Portal Solutions/software crash,01/IntelliSpace Portal Solutions/software crash,,,
Software,SA:01/Brilliance Workspace Portal/unavailable,SA:01/Brilliance Workspace Portal/unavailable,,,
Software,05R/Extended Brilliance Workspace/system failure,05R/Extended Brilliance Workspace/system failure,,,
Software,SA?05R/IntelliSpace Portal Solutions/login,SA?05R/IntelliSpace Portal Solutions/login,,,
Software,SA:01/Upgrades IntelliSpace Portal/system fault,SA:01/Upgrades IntelliSpace Portal/system fault,,,
Software,05K/IntelliSpace IX/LX Workstations/SW error,05K/IntelliSpace IX/LX Workstations/SW error,,,
Software,"Dr. Revilla receives an error when it is connected remotely to the PC IP 10.35.53.153.
Cannot open the iportal.
Error 126 displayed. The specified module cannot be found.
Please get in touch with her to solve the problem. 629630014
Thank you",Dra Revilla cannot connect to the portal,,,
Software,"Request:
Images sent wrong series in an examination. Customer Dr. Hilbel indicates that the deletion command is disabled.",Pictures of false series sent in an investigation.,,,
Software,It does not start.,Initialize,,,
Software,"isp freezing, makes cust have to reboot server","isp freezing, makes cust have to reboot",,,
Software,05R/IntelliSpace IX/LX Workstations/need delete patient data,05R/IntelliSpace IX/LX Workstations/need delete patient data,,,
Software,Wechat:05R/IntelliSpace Portal Solutions/ SW ERROR,Wechat:05R/IntelliSpace Portal Solutions/ SW ERROR,,,
Software,Unable to delete DynaCAD studies. Customer is unable to delete DynaCAD studies from within the ISP Portal Client workstation.,Unable to delete DynaCAD studies,,,
Software,02N/Upgrades IntelliSpace IX/LX WrkStns/Unable to enter the system,02N/Upgrades IntelliSpace IX/LX WrkStns/Unable to enter the system,,,
Software,System need to be installation,System need to be installation,,,
Software,Machine is getting hang,Machine is getting hang,,,
Software,Upgrade ISP 12.1.5 + .12.1.7,Upgrade ISP 12.1.5 + .12.1.7,,,
Software,It is not possible to log in with any account.,It is not possible to log in with any account,,,
Software,"Potential incorrect measurement result from ISP TAVI planning. We have noticed a potentially significant difference concerning patient care and the measurement results which are provided in the TAVI PLANNING-tool, depending on which version that was actual during the time of measurement. The final TAVI-unit dimension is normally 2mm bigger than the results which are provided from splice-contour measurement in the first phase of TAVI-planning. It should be noted that in these two measurements, the measurement object is exactly the same and measurement points are set on the same. Attached two patient examples. They were never sent, they are anonymizing and sending the examples to me as-of-writing. We have used the results of unit size to make the decision on choice of valve. If this measurement is too big, this could potentially lead to a choice of wrong valve design and size which in turn can lead to aplication. This matter was brought to our attention recently since the analysis of a few patient with 3Mensio software, which results were regularly a couple of mm smaller than the measurements form our tool for choice of size of units. In other word, the results from Philips software and 3Mensio were not matching each other.",Potential incorrect measurement result from ISP TAVI planning,,,
Software,Data transfer problem,Data transfer problem problem,,,
Software,"Issue: Malfunction
Error description: Customer complains about poor performance of the system. 
- During a hospitation on the MRI, Dr. Jung von der Neurorad showed her workflow between PACS and ISP for the creation of the diffusion images for diagnosis with MS patients.
- The functionality with ISP is great, but the performance leaves much to be desired. 
- The image upload in the ISP takes 30 to 40 seconds. The time in which the donut runs is very annoying in the workflow.
Error message:-
Error occurred on: 20.03.23
Contact person: Dr. Kirsten Jung +498941407639, boxes. jung@tumde, kirsten.jung@mri.rum.de",Customer has bad performance of the system,,,
Software,ERROR: WORKFLOXSERVER. ERRORS. LOGINFAILED,ERROR: WORKFLOXSERVER.ERRORS.LOGINFAILED,,,
Software,how to delete studies,delete data from 2 patient ids in ISP server,,,
Software,into,AVW15: MV Siemens Skyra Model: MRC Suite crashes when launched with T1 and T2 series_TFS1488894,,,
Software,Upgrade V12.1.7,Upgrade V12.1.7,,,
Software,cardiac function auto log out,cardiac function auto log out,,,
Software,WECHAT:05R/Extended Brilliance Workspace/record failed,WECHAT:05R/Extended Brilliance Workspace/record failed,,,
Software,"Error ""Connection to report lost"".","Error ""Connection to report lost"".",,,
Software,configure ISP details in the modality,configure ISP details in the modality,,,
Software,"Issue: Malfunction
Description of error: Problems with the Neuroquant
Error message:-
Error occurred on: 17.03.23",Problems with the neuroquant,,,
Software,ISP system is getting hang,ISP system is getting hang,,,
Software,It is reported that the day filter does not work.,Don't work day filter,,,
Software,Lobi does not work if started from ISP-PACS client integration,Lobi does not work if Demar? from ISP-PACS Customer Integration,,,
Software,The tower does not turn on even though everything is connected.,The tower does not light up when everything is well,,,
Software,"They say they detect slowness when retrieving studies in Portal. From Imaxe Support they reported the incident, they tried to download studies from different PACS and they noticed slowness in all cases. There are no studies in Error or queued in the queue administrator.",Slow recovering chc portal studies,,,
Software,"Issue: Malfunction
Error description: 2 days in a row in the early morning, the system was not reachable. It was made hard, therefore it worked again. A check is being requested. / Additional info: Windows Server 2012.
Error message: Could not be viewed, but there were 33 error messages on the PRTG.
Error occurred on: For 2 days",System cannot be reached,,,
Software,CD writer not functioning and Getting Memory full error,CD writer not functioning and Getting Memory full error,,,
Software,"Issue: Malfunction
Error description: Customer complains about poor performance of the system. 
- During a hospitation on the MRI, Dr. Jung von der Neurorad showed her workflow between PACS and ISP for the creation of the diffusion images for diagnosis with MS patients.
- The functionality with ISP is great, but the performance leaves much to be desired. 
- The image upload in the ISP takes 30 to 40 seconds. The time in which the donut runs is very annoying in the workflow.
Error message:-
Error occurred on: 20.03.23
Contact person: Dr. Kirsten Jung +498941407639, boxes. jung@tum.de, kirsten.jung@mri.tum.de",Customer has bad performance of the system,,,
Software,"It does not turn on, I open on correct IP following 0121405389",does not turn on,,,
Software,"On the REMPLA1 session, impossible to open the image sessions.",Impossible to open the image sessions,,,
Software,into,AVW15/MRC: Bug Rep - Crash while incorrect usage of RV Epi contours_TFS1489964,,,
Software,into,ISP12: Pen test: Not relevant information is displayed in logs,,,
Software,Getting disk space low,Getting disk space low,,,
Software,into,ISP12: Integrate SecureRemotingScripts to ISP12.1.8,,,
Software,"Issue: Malfunction
Description of error: Dr. Heneweer has problems again with the call of the ISP. The system has been hanging for half an hour and nothing is happening (see below).
Request for check


SysID# 77211023 & EQ 77211023
System name: IntelliSpace Portal Concerto
System number: 62689246
Product number: 62689246
Serial number: 80001",Problems with the ISP call.,,,
Software,into,ISP12: MR Cardiac - Short Axes Scan from Siemens splits into 2 groups,,,
Software,It is taking too long to open the multimodality visualization,is taking too long to open the multimodality view,,,
Software,The system froze.,The system is frozen,,,
Software,Impossible to login on new client post update to 12.1.7,Login impossibility on new post -update client at 12.1.7,,,
Software,"OT338541 - An unexpected error appears during work creation. 
Location: Res. General, Vascular Radiology, Floor SS.",OT338541 - Sale un error unexpected error during Worslow creation.,,,
Software,"We tried to access launch Dicom in the PMT to check if the auto-auto-start option had been disabled, but it is not possible, the following error is continuously displayed:
""An instance of the DICOM Configuration tool is already open""","Al acceder en la PMT a Launch Dicom, sale error ""An instance of the DICOM Configuration tool is already open""",,,
Software,"As it happened a week ago (see case 0121347915), when trying to delete a study or sequence, the message appears: ""The exam is in use. Therefore, it cannot be deleted.""

We have also detected that if we have the Portal open in Workstation 1 (user1), in Workstation 2 (user2) the portal does not open (initially the application opens up to the menu to enter the password, then it stays loading indefinitely until it disappears).",It does not allow to eliminate studies or sequences (again),,,
Software,"customer has iSITE and when select an exam for reading, it provides a drop down list of application. However, sometimes this drop-list does not appear and only ISP is shown as an option.",ISPv10 - PACS integration dropdown list intermittent issue,,,
Software,Upgrade V12.1.7,upgrade V12.1.7,,,
Software,The Equipment's problem: configuration of the printer in the equipment,Equipment Problem: Configuration of the printer on the device,,,
Software,Users unable to login to ISP server .182,Users unable to login to ISP server .182,,,
Software,Communication failure with the network,Communication failure with the network,,,
Software,THE STUDIES ARRIVE BUT THEY ARE NOT COMPLETE,Vip-client-studies arrive but not look complete,,,
Software,into,ISP12: CT BP Brain Perfusion results are not as expected,,,
Software,01/IntelliSpace Portal Solutions/client cannot log in,01/IntelliSpace Portal Solutions/client cannot log in,,,
Software,CLIENT SW ERROR,CLIENT SW ERROR,,,
Software,05K/IntelliSpace IX/LX Workstations/software crash,05K/IntelliSpace IX/LX Workstations/software crash,,,
Software,"Issue: Malfunction
Error description: Problem with diagnosis software with the ISP.
2 measuring types T1Moli + T2Map cannot be called up on the workstation of the doctors.
On the other device, these measuring types can be used and evaluated normally.
Error message: Non-labeled series recognized.
Error occurred on: 17.03.23 from approx. 09.00 am",Problem at finds SW at the ISP,,,
Software,Check the PACS of its station and the sending of studies from RM1,PACS review of your station and the shipping of studies from RM1,,,
Software,"It is not able to access the ""Portal""","You cannot access the ""Portal""",,,
Software,into,ISP12 AVA unlike in ISP10 it takes significant time to update vessels when editing,,,
Software,into,ISP12 AVA sometimes crash when moving the split line in CTA Chests cases,,,
Software,There is an error in the filmview application. Do you want clear filmview patient list?,There is an error in filmview application. Do you want clear filmview patient list?,,,
Software,into,ISP12: AVA sometimes kicks user out or crashing without warning,,,
Software,01/IntelliSpace IX/LX Workstations/need install software,01/IntelliSpace IX/LX Workstations/need install software,,,
Software,calcium scoring reports giving error message stating bug report,calcium scoring reports giving error message stating bug report,,,
Software,Jetpack installation,installation jetpack,,,
Software,THE CARDIO EVALUATION WAS DISABLED,Cardio evaluation was deactivated,,,
Software,LAd LCA have question marks unable to understand reading/profile,LAd LCA have question marks unable to understand reading/profile,,,
Software,Certificate error on clients,Certificate error on clients,,,
Software,The cardiac data won't load correctly into AutoSPECT.,The cardiac data won't load correctly into AutoSPECT.,,,
Software,AutoSPECT loading incomplete data. Happening on multiple workstations and multiple patients,ISP12 Concerto AutoSPECT_Pro loading incomplete data,,,
Software,please call 0433900023 customer is locked out from the intellispace account,please call 0433900023 customer is locked out from the intellispace account,,,
Software,05R/IntelliSpace Portal Solutions/add the node,05R/IntelliSpace Portal Solutions/add the node,,,
Software,05R/IntelliSpace IX/LX Workstations/no boot device found,05R/IntelliSpace IX/LX Workstations/no boot device found,,,
Software,05R/ISP/cannot open,05R/ISP/cannot open,,,
Software,01/IntelliSpace IX/LX Workstations/add the node,01/IntelliSpace IX/LX Workstations/add the node,,,
Software,SBI Files not sending to Portal 12,SBI Files not sending to Portal 12,,,
Software,"Cardiac MR Analysis app crashes. Error ""Cannot find slice Global\MM_ssdsdsd on the portal server""",Cardiac MR Analysis app crashes,,,
Software,escalation/IntelliSpace Portal Solutions,escalation/IntelliSpace Portal Solutions,,,
Software,05R/IntelliSpace Portal Solutions/client,05R/IntelliSpace Portal Solutions/client,,,
Software,ISP is not functioning,ISP is not functioning,,,
Software,"Mr. Krzyszof Wnek via TC M. Hauke by email: 

Error message: In our ISP, the patient disappears when clicking on the raw data record and when save the images.

Request for error containment",Patient data record disappears,,,
Software,HL7 - Interface test,HL7 - cutting point test,,,
Software,The application does not open on all the stations.,ISP - ANTONY - ACCISE PROBLEM ON Certain positions,,,
Software,The workstation does not load the examinations.,Does not load the exams,,,
Software,It is reported that the connection between client and server is impossible.,Customer connection impossibility/server,,,
Software,"Indicates a malfunction, several cases have failed since this morning. 
14 cases waiting to send to the PACS and 590 files in failure and impossible to delete, no access",ISP - Paris poplars - Numerous transfers in the,,,
Software,into,ISP12 AVA when creating manual batch the preview screen is black,,,
Software,into,ISP12 CT CS Preferences for Mesa not saved for the next login,,,
Software,Preparations for upgrade to V12,Preparations for upgrade on V12,,,
Software,"MR Cardiac short Axis scan has sequences 9-19 series number.  When going into MR Cardiac the sequences divide into 2 groups 9-13, 14-19.
The sequences were taken at one time and there was not a stop or start with the acquistion.  this is from the Siemens Aera and they perform scans on this system as their main magnet and did not have this issue before.
To duplicate
1.  Launch SAS data into MR Cardiac Analysis
2.  In Cardiac Viewer it splits data into 2 groups
3.  In the labeling stage it also splits data into the 2 groups
4.  Site is not able to get the SAS information from the sequences and will need to bring patient back",MR Cardiac short Axis scan has sequences 9-19 series number.  When going into MR Cardiac the sequences divide into 2...,,,
Software,"Error in the identification of the studies from two different patients
Location: Cardiologia",Error in the identification of studies of two different patients,,,
Software,Remote Alert: System RAM exceeds normal performance threshold,Rif Proattiva 0120970828 Remote Alert: System RAM exceed normal performance threshold,,,
Software,75627293 ISSUE WITH DR PROFILE IN ISP NOT ABLE TO PULL UP PHASES,75627293 ISSUE WITH DR PROFILE IN ISP NOT ABLE TO PULL UP PHASES,,,
Software,"when creating several batches in CT Viewer, it indicates it is saving but then when trying to exit a pop says still saving.   It will not allow exit.   when you finally do exit, the last batch is not there.",CT Viewer Batching will sometimes crash,,,
Software,Done Button in AVA is in the way of editing and extending vessels,Done Button in AVA is in the way of editing and extending vessels,,,
Software,Installation of software Portal client in the client's computer.,SW Portal Installation Client,,,
Software,need help with setting up their preferences GE and add cool color,need help with setting up their preferences GE and add cool color,,,
Software,Users are unable to login past 1 user,Users are unable to login past 1 user,,,
Software,Coodor not saving to local //Head studied taking 7.4 min to load speed issue,Coodor not saving to local //Head studied taking 7.4 min to load speed issue,,,
Software,VIP-IMSS-CLIENT-CHANGE THE IP OF THE WORKSTATION,VIP-IMSS-CLIENTE-CAMBIO DE IP DE ESTACION DE TRABAJO,,,
Software,Need a node set up for new Cannon scanner,Need a node set up for new Cannon scanner,,,
Software,Wechat?05R/IntelliSpace Portal Solutions/The so,Wechat?05R/IntelliSpace Portal Solutions/The so,,,
Software,"WHEN TRYING TO RECORD A DVD-R DISK, A MESSAGE APPEARS ALMOST IMMEDIATELY TO SAY THAT THE DISK IS RECORDED WITHOUT THIS BEING CORRECT, THIS LEAVES US WITH NO POSSIBILITY OF RECORDING THE STUDIES","When trying to record Dvd-R album, a message appears almost immediately announcing that the album is recorded without ...",,,
Software,05K/IntelliSpace IX/LX Workstations/add node,05K/IntelliSpace IX/LX Workstations/add node,,,
Software,ISP system is not booting up,ISP system is not booting up,,,
Software,Protocol AVA head automatic error,Protocol AVA head automatic error,,,
Software,They tell us from Radiology that the images that are sent to dynacad and that later they are automatically sent to the portal are not arriving.,The images that were sent to the Dynacad and automatic forward to the portal are not arriving.,,,
Software,Additional DICOM node configuration,Additional dicom node configuration,,,
Software,"It reports message idl virtual machine, they cannot access.",Jetpack does not start,,,
Software,"After yesterday's service, impossible to connect once the iD and the password insert message, no authentication source was selected.",ISP - CROLLES - No source of authentication displayed,,,
Software,"A problem with the operating system on the descriptive station - the system logs in and at one point it asks for tests, it does not detect errors after tests, the system does not start.",Problem with the operating system at the descriptive station- the system logs in And at some point he asks for tests after tests ...,,,
Software,Slowness and absence of patient on the room.,Slowness and absence of patient on the premises,,,
Software,Local folder missing and cannot save image on this folder,Local folder missing and cannot save image on this folder,,,
Software,Displays an error message when resending images from the pro vivace workstation and pro ORTHANC,Displays error message in the Workstation Pro Vivace and Pro Orthanc images,,,
Software,"Message:
How long is log data kept in the ISP?
Request for call-back today 01577 373 1169 or via email",How long are log data kept in the ISP.,,,
Software,Software failure for cardiological studies,Software failure for cardiological studies,,,
Software,"From the Hospital de Coru?a they tell us that they cannot transfer studies to the Portal, the application does not work correctly, leaving studies in Error.",SPACS - PROBLEMS PORTAL OPERAL,,,
Software,"SPACS - PORTAL Error when opening CHV studies
From the CHV center they tell us that when they try to view studies an error appears",SPACS - Error portal opening CHV studies,,,
Software,ISP not launching,ISP not launching,,,
Software,Slowness when launching ISP,Slowness when launching ISP,,,
Software,THE SERVER REQUIRES AN UPGRADE TO RUN THE APPLICATION,EL SERVIDOR REQUIERE UN UPGRADE PARA QUE CORRA LA APLICACI?N,,,
Software,Wechat:05R/IntelliSpace Portal Solutions/disk error,Wechat:05R/IntelliSpace Portal Solutions/disk error,,,
Software,Error in Volumetry in ISP system,Error in Volumetry in ISP system,,,
Software,05L/IntelliSpace Portal Solutions/Software doesn't work,05L/IntelliSpace Portal Solutions/Software doesn't work,,,
Software,05R/Portal/system slow,05R/Portal/system slow,,,
Software,05K/IntelliSpace IX/LX Workstations/need onsite add node,05K/IntelliSpace IX/LX Workstations/need onsite add node,,,
Software,EBW system is hanging,EBW system is hanging,,,
Software,Request for upgrade rel 12.1.7,You are charged upgrade 12.1.7,,,
Software,One ISP system application is not functioning,One ISP system application is not functioning,,,
Software,User unable to log in,User unable to log in,,,
Software,VIP IMSS CLIENT - REQUESTS SOFTWARE UPDATE,VIP IMSS CLIENTE - SOLICITA ACTUALIZACI?N DEL SOFTWARE,,,
Software,Expired Certificate Message when opening clients,Expired Certificate Message,,,
Software,"DOES NOT START SESSION, PROBABLE SOFTWARE FAILURE","NO INICIA SESI?N , PROBABLE FALLA DE SOFTWARE",,,
Software,"no smbt on the device, need to bring it up",Need SMPTE pattern,,,
Software,05K for IB/IntelliSpace Portal Solutions/transfer,05K for IB/IntelliSpace Portal Solutions/transfer,,,
Software,70696449 PLUG-IN IN PACS GIVING ERROR 500.19 INTERNAL SERVER ERROR,70696449 PLUG-IN IN PACS GIVING ERROR 500.19 INTERNAL SERVER ERROR,,,
Software,Need software loaded,Need software loaded,,,
Software,Preventive maintenance detected a failure to reach PORTAL INTEGRATION PLUGIN while reaching localhost website (ISP web portal) in local ISPv10.1.4,Failure HTTP 500 to reach PORTAL INTEGRATION PLUGIN in ISP web portal (localhost),,,
Software,ISP operation is extremely slow,01CS:TM:ISP?????????????????????>>????????,,,
Software,01/IntelliSpace IX/LX Workstations/system flash back,01/IntelliSpace IX/LX Workstations/????,,,
Software,Wechat:05K/IntelliSpace Portal Solutions/Slow response,Wechat:05K/IntelliSpace Portal Solutions/Slow response,,,
Software,Menu multi modality viewer error certificate,Multi modality viewer error certificate,,,
Software,05R/Extended Brilliance Workspace/ filming error,05R/Extended Brilliance Workspace/ filming error,,,
Software,PPAI-7 VI - PORTAL Error when opening CHV studies,PPAI -7 VI - Portal Error opening CHV studies,,,
Software,"Issue: Malfunction
Error description: Problems with the ISP, currently logged on to server P01 and 5 failed orders can be seen
Error message:--",Logged onto Server P01 and see 5 failed uprising,,,
Software,There is noise on the monitor screen and it is making a noise noise.,01DS:RS:?????????????????,,,
Software,01/IntelliSpace IX/LX Workstations/patient data lost after fourced power off,01/IntelliSpace IX/LX Workstations/patient data lost after fourced power off,,,
Software,05R/IntelliSpace IX/LX Workstations/images transfer error,05R/IntelliSpace IX/LX Workstations/images transfer error,,,
Software,"Older examinations cannot be downloaded, only the ones performed on an ongoing basis.","You can't download Older research?, only those performed on the run.",,,
Software,Unable to Login in ISP system,Unable to Login in ISP system,,,
Software,ISP not functioning,ISP not functioning,,,
Software,into,ISP12: MR Cardiac Mapping does not calculate ECV,,,
Software,Customer called :P transfer from the scanner to EBW 2.,Customer call: more transfer from the scanner to EBW 2,,,
Software,"As long as it is validated, he exits the application, displays error message the filmer that all the cases are busy, application stopped.",application problem (to be contacted at +33475006367),,,
Software,"Message ""Certificate error"" at start-up of the application.","Message ""Certificate Error"" at the start of the application",,,
Software,The Equipment's problem: worklist has problems,Equipment Problem: Worklist with problems,,,
Software,"Cant access intellispace portal, it won't launch","Cant access intellispace portal, it won't launch",,,
Software,"ARG message, need need help with Auto Quant defaults.","ARG message, need need help with Auto Quant defaults.",,,
Software,ISP users verification,domain user svc_phintprtl verification,,,
Software,Bone removal failing,Bone removal failing,,,
Software,WeChat?SA:05R/IntelliSpace IX/LX Workstations/Software failure,WeChat?SA:05R/IntelliSpace IX/LX Workstations/Software failure,,,
Software,Slow Hyper-V servers,Slow Hyper-V servers,,,
Software,05R/Brilliance Workspace Portal/Server hard,05R/Brilliance Workspace Portal/Server hard,,,
Software,05R/IntelliSpace IX/LX Workstations/SW run slowly,05R/IntelliSpace IX/LX Workstations/SW run slowly,,,
Software,02G/IntelliSpace IX/LX Workstations/Missing functionality,02G/IntelliSpace IX/LX Workstations/Missing functionality,,,
Software,The transfer from the ISP to the burner is not done.,PB Image Transfer,,,
Software,"Impossible to connect, refuses all connections, no more access to any application",Unable to connect,,,
Software,05R/Extended Brilliance Workspace/stand by,05R/Extended Brilliance Workspace/stand by,,,
Software,"When starting the application, a message appears: ""Information provided for invalid session start-up. Try again""","At the beginning of the application, the message comes out: ""Information provided for the beginning of session not life. Intentate it again""",,,
Software,Multiple error messages.,Multiple error messages.,,,
Software,Installation of permanent licenses - on-site detection,Stay? C? Licenses of Licenses - on -site detection,,,
Software,"Via Mr. Woython directly, an error message appears on the client of the user (CA Anton Alsonir) that (some) synchronization with the server does not work",Error message that (any) synchronization with the server does not work,,,
Software,"Issue: Malfunction
Description of error: Problems again when sending images from the ISP to the PACS, saving images from the CT to the ISP also runs sluggishly (but can also be due to the CT). There are several orders in the queue manager.
Please check whether something is hanging there and delete the queue if necessary.",Problems when sending pictures from the ISP to the PACS,,,
Software,"The system is down.
Right now
IT IS 6600377856",The system has fallen,,,
Software,Continuation of 0121419747,Continuation 0121419747,,,
Software,It does not accept the input password.,I don't accept the input password.,,,
Software,MEMORY FILLS UP TOO FAST,Memory is too fast,,,
Software,It does not allow to process some breast MRI.,It does not allow some breast RM,,,
Software,"Issue: Malfunction
Error description: Data from the ISP cannot be sent into the PACS, after update
ID is possibly Not correct
(With CT)","Data from the ISP cannot be sent to the PACS, after update",,,
Software,Malfunctioning of IntelliSpace,Malfunction of the Intellispace,,,
Software,"For chests, AVA tries to process as a neck if bone removal series is attached.  It will not give the option to process as body.  We have to deselect the bone removal and load into AVA without it.","For chests, AVA tries to process as a neck if bone removal series is attached.  It will not give the option to...",,,
Software,Software problems.,Problemas de software.,,,
Software,"The add vessels by seeds does not always work in AVA to get the vessels back into the VR image.? In V10, the image turned gray and you ?colored? what you wanted to put back into the VR.? With this version, you place seeds and sometimes you can?t place more than 1 on the missing vessel and other times it just doesn?t work to add back the vessel and we end up with gaps in our vessels on the VR.",Add vessel by seed not working consistently in ava,,,
Software,bone removal,bone removal,,,
Software,User needs assistance adding a DICOM node,User needs assistance adding a DICOM node,,,
Software,"receiving error message ""page can not be displayed b/c of internal server error""","receiving error message ""page can not be displayed b/c of internal server error""",,,
Software,BMD program not working,BMD program not working,,,
Software,User unable to open Liver analysis,User unable to open Liver analysis,,,
Software,Worked up CTA Carotids and went to save the centrelines and it crashed.  Created a bug report.  Had saved a bookmark along the way and went to load this in to find that it had not saved the bookmark either.  approximately 16:30 today I have uploaded the logs to the server.,crash,,,
Software,02N/IntelliSpace IX/LX Workstations//acocunt locked,02N/IntelliSpace IX/LX Workstations//acocunt locked,,,
Software,02N/IntelliSpace IX/LX Workstations/SW crash,02N/IntelliSpace IX/LX Workstations/SW crash,,,
Software,"Crash when using filming app, reported by CT apps. Application crash in filming last night about 6:30 local time",Crash when using filming app,,,
Software,"ALERT DESCRIPTION:
System RAM Exceeded value 90% utilization for a period of more then 15 mins, this might impac the system performace , stability (crashes) and login issues.

PRIORITY:
Intermittent Problem

PROBLEM DESCRIPTION:
Process RAM consumption.

RECOMMENDED ACTION:
RSE Recommendations and steps to execute berfore submitting a case:

1. Analyze RAM utilization using Splunk and PMT

2. Aanlyze system usage utilization using Splunk

3. Analyze current process consumption using RDP

4. If needed, submit service case with the conclution


ADDITIONAL INFORMATION:
Not available

SYSTEM INFORMATION:
SystemLabel: ISP
Model: ISP Master
SRN: 87162
SapID: 58794102
Release: 11.1.6.11676",Remote Alert: System RAM exceed normal performance threshold,,,
Software,SA?05L/IntelliSpace Portal Solutions/client cannot log in,SA?05L/IntelliSpace Portal Solutions/client cannot log in,,,
Software,Images pushed from PACS are not retrieved in Calcum score application,Images pushed from PACS are not retrieved in Calcum score application,,,
Software,IP identification,Ip Tan? Mlamas?,,,
Software,The program freezes and does not let you continue working with the different studies,The program is blocked and does not allow to continue working with the different studies,,,
Software,"An error occurred when the ISP was restarted, and it >> be used.",01ds: KKI: ISP ?????????????????????,,,
Software,01/IntelliSpace Portal Solutions/ ask for the system IP AE and port,01/IntelliSpace Portal Solutions/ ask for the system IP AE and port,,,
Software,01/IntelliSpace Portal Solutions/add node,01/IntelliSpace Portal Solutions/add node,,,
Software,"An error is displayed for a radiologist: The batch cannot be generated because the system memory has run out.
Their equipment has enough space, they restarted it and it continues the same",The error appears to a broadcast: the lot cannot be generated because the system memory has been exhausted,,,
Software,into,EBW workstation display intermittently black screen and host graphics card failure NMPA CASE#1172212312023000046,,,
Software,Install security patches,Safety patch import,,,
Software,McAfee antivirus is interfering  ISP plugin.,McAfee antivirus is interfering  ISP plugin.,,,
Software,Error that appears at the end of the lung segmentation of copd app in Portal. I attach the photo.,Error at the end of the pulmonary segmentation,,,
Software,ISP is down again,ISP is down again,,,
Software,"receiving error message when trying to load client that states ""load library failed with error 87""","receiving error message when trying to load client that states ""load library failed with error 87""",,,
Software,Problem with the settings.,Param?trage problems,,,
Software,Cardiac RM cases cannot be opened.,Cardiac RM cases cannot be opened,,,
Software,Error when starting Portal,Error at the beginning of the portal,,,
Software,"The patient disk is full and they cannot delete.
Location: Ground floor.",They have the album full of patient and cannot erase.,,,
Software,"Dr. Alonso cannot open a study from the portal
Please contact him.  659454082
Thank you",Dr Alonso has a problem with the portal,,,
Software,Problem with the settings.,Param?trage problems,,,
Software,ISP connection,ISP conexi?n,,,
Software,question  about labeling.,question about prone labeling.,,,
Software,User needs assistance writing studies to DVD,User needs assistance writing studies to DVD,,,
Software,Processing of 4DM images is taking up to 8 mins per study.  Clinical consultants verified this issue onsite.,Processing of 4DM images is taking up to 8 mins per study.,,,
Software,81664135 SYSTEM IS RUNNING SLOW,81664135 SYSTEM IS RUNNING SLOW,,,
Software,"IT IS NECESSARY TO CREATE A NODE IN THE ISP.
IP: 10.3.205.168
AETITLE: HRTALCA
PORT: 11112",You need to create a node in the ISP,,,
Software,User needs assistance adding authentication source,User needs assistance adding authentication source,,,
Software,01/IntelliSpace IX/LX Workstations/host cannot bootup,01/IntelliSpace IX/LX Workstations/host cannot bootup,,,
Software,We cannot send the films regarding the reconstructions of the dental CAT to print.,We are unable to send the films regarding the reconstructions of the dental Tacs.,,,
Software,WeChat?01/IntelliSpace IX/LX Workstations/data error,WeChat?01/IntelliSpace IX/LX Workstations/data error,,,
Software,SA:OCAP:05R/IntelliSpace Portal Solutions/SW error,SA:OCAP:05R/IntelliSpace Portal Solutions/SW error,,,
Software,"Issue: Malfunction
Description of error: Recently often problems sending patient data from the PACS to the ISP server (""failed""; e.g., Mr. xxxx, xxx l from today).

Dr. Georg Alexander Gihr
Managing Senior Physician
Tel.: +4971127854454
Fax: +4971127834509
Email: g.gihr@klinikum-stuttgart.de",Problems to send patient data from the PACS to the ISP server,,,
Software,"Often in the morning, during the start-up, various software errors are found.",Different software errors,,,
Software,SA?01/IntelliSpace Portal Solutions/add the node,SA?01/IntelliSpace Portal Solutions/add the node,,,
Software,SA?05R/Extended Brilliance Workspace NM/Software failure,SA?05R/Extended Brilliance Workspace NM/Software failure,,,
Software,T1 Mapping Application Crash,T1 Mapping Application Crash,,,
Software,Software is very slow.,very slow software,,,
Software,"User reports that the Philips Portal program fails again. He says that it is not executed in any equipment.
IP: 55731747
PO: INC000002519382",INC000002519382 - USRIO reports that the Portal Philips program fails again. Indicates that it is not executed in ...,,,
Software,CRASH OF THE ISP FOLLOWING UPDATE,Planting of the day -to -date,,,
Software,Questions about renal processing,Questions about renal processing,,,
Software,"Application is very slow and finalizing the user sessions constantly, server showed very high use of processing.","Application is very slow and finishing the sessions of the user constantly, server presented use of ...",,,
Software,AQ error 804,AQ error 804,,,
Software,"The service is in the workstation, update the PACS service and CD recording it is integrated to the CT","The service ? in Workstation, update the service of pacs and CD record it is integrated with TC",,,
Software,Slowness and knocking down the users,Lentid and overthrowing the uses,,,
Software,VIP-SEDENA-PHILIPS-SEND A FIELD SERVICE ORDER TO INSTALL A NEW CPU,VIP-SEDENA-PHILIPS-ENVIAR A UN FSE PARA INSTALAR NUEVA CPU,,,
Software,Management of the queue in isp failure stuck,Queue,,,
Software,Login error after new installation,Login error after new installation,,,
Software,"Reported problem: It does not work when they access through VPN.
Location of the equipment: - 
When did the failure happen?: Today
When will the equipment be available for intervention? What is the best day or time?: As soon as possible
Was the equipment in clinical use when the failure occurred?: Yes",It does not work when they access through the VPN: 10.35.51.245 - 10.35.53.51,,,
Software,"Issue: Malfunction
Description of error: From Radiology L?beck, the reference that the data transmission to the Intellispace portal system from the CT7500 has only been very slow for two days. On the other hand, the transmission takes place quickly on the other system. Please check whether it is because of the ISP system.",Data transfer to the IntelliSpace portal only very slow,,,
Software,Getting Bug Report error,Getting Bug Report error,,,
Software,System is slow and knocking down users,Slow system and knocking user,,,
Software,A message appears in the monitor menu,Intermittent failure in work setting monitor,,,
Software,Disc Space Full Error appearing in Workstation Monitor,Disc Space Full Error appearing in Workstation Monitor,,,
Software,reports scroll through causing system to crash,reports scroll through causing system to crash,,,
Software,EOS - The customer cannot log on to the server. They are unable to do any patient.,EOS - The customer cannot log on to the server. They are unable to do any patient.,,,
Software,System is completely down,System is completely down,,,
Software,"Issue with portal connectivity, unable to send images","Issue with portal connectivity, unable to send images",,,
Software,02G/IntelliSpace IX/LX Workstations,02G/IntelliSpace IX/LX Workstations,,,
Software,"He says he cannot open the portal if it is connected through the VPN. Error 126 library failed error 126, cannot find the specified module. 
Location: X-Rays, Angiology.",He says that he cannot open the portal if he connects through the VPN.,,,
Software,05R/IntelliSpace Portal Solutions/Extension not connected,05R/IntelliSpace Portal Solutions/Extension not connected,,,
Software,Ver12.1.7 installation work,YY:Ver12.1.7????????,,,
Software,02G/IntelliSpace IX/LX Workstations/Account password error,02G/IntelliSpace IX/LX Workstations/Account password error,,,
Software,Multiple Error Messages.,Multiple Error Messages.,,,
Software,01/IntelliSpace Portal Solutions/Business Consulting,01/IntelliSpace Portal Solutions/Business Consulting,,,
Software,"PHILIPS-INSTEAD OF STARTING THE APPLICATION, IT GOES BACK TO LOGIN SCREEN",Philips-time to start the application returns to login screen,,,
Software,"Portal displaying ""want to create a bug report"" warning","Portal displaying ""want to create a bug report"" warning",,,
Software,Installation of Microsoft KB packages.,Instalace Microsoft KB bal?k?,,,
Software,DICOM config tool not available in PMT,Failure to create new DICOM node on test ISPv12 server,,,
Software,System is hung up,Will not let cx login to portal and also down and not working // REF Case # 0121479699,,,
Software,OCAP:05R/Extended Brilliance Workspace/auto start,OCAP:05R/Extended Brilliance Workspace/auto start,,,
Software,05R/IntelliSpace IX/LX Workstations/data issue,05R/IntelliSpace IX/LX Workstations/data issue,,,
Software,02N/IntelliSpace IX/LX Workstations/change pacs,02N/IntelliSpace IX/LX Workstations/change pacs,,,
Software,Unable to transfer data,Unable to transfer data,,,
Software,SA:05R/IntelliSpace Portal Solutions/transfer,SA:05R/IntelliSpace Portal Solutions/transfer,,,
Software,"Hello
I would like to get the list of all the users created on PORTAL to update and add the users with their code.
Moreover, do we have the rights to add and change users? If so, can you please provide me with a procedure?
Thanks in advance.",ISP - Paris Rothschild - List and Creation of User Accounts,,,
Software,Assembly check (FILLING OF PA),Assembly check (FILLING OF PA),,,
Software,System is not switching on,System is not switching on,,,
Software,"Issue: Malfunction
Description of error: Virus scanner recognized the following files as a virus:
- D:\\ISP v12.1.5\\_ISP. SERVER\\PORTAL_SYSTEM\\ICAP_OS_COMMON\\ICAP_OS_COMMON.MSI
- D:\\ISP v12.1.5\\ANTIVIRUS\\ICAP_DEFENDER\\ICAP_DEFENDER.MSI""
- C:\\Windows\\Installer\\526be87.msi
Can you please check whether the file comes from you and the hash values match yours?",Virus scanner has recognized the following files as virus,,,
Software,Data transmission error,Daten?bertragungsfehler,,,
Software,System not reachable error software issue,System not reachable error software issue,,,
Software,WeChat?05R/IntelliSpace IX/LX Workstations/host cannot boot up,WeChat?05R/IntelliSpace IX/LX Workstations/host cannot boot up,,,
Software,ISP system software update to version 12.1.7.,ISP software update to version 12.1.7,,,
Software,SA:01/IntelliSpace Portal Concerto/system cannot bootup,SA:01/IntelliSpace Portal Concerto/system cannot bootup,,,
Software,IPS software issue,IPS software issue,,,
Software,"Zero click preprocessing not running, and error please rebuild database due to slices not loading.","Zero click preprocessing not running, and error please rebuild database due to slices not loading.",,,
Software,"Issue: Malfunction
Description of error: The cusent receives the message from Radiology that the ISP is hanging (see attachment).
Error occurred on: 04.04.2023",Die ISP h?ngt,,,
Software,"Issue raised by customer during engineering call. Issue as described by customer:
CT Liver crashed during batching with liver application. Case samples provided to engineering.",CT Liver batch crash,,,
Software,AVA preprocess results not created.,ISP12 AVA preprocess results not created.,,,
Software,One user getting errors in CTV and AVA ... intermittent issue,One user getting errors in CTV and AVA,,,
Software,"d drive is almost full , error messages 3% left","d drive is almost full , error messages 3% left",,,
Software,"Quote Req : DICOM Node Add ~ IP has no contract, warranty expired long ago.",Quote Req : DICOM Node Add,,,
Software,"Internal server error, and users cannot log in.","Internal server error, and users cannot log in.",,,
Software,IT DOES NOT ALLOW TO OPEN STUDIES SINCE AN ERROR MESSAGE APPEARS,NO PERMITE ABRIR ESTUDIOS YA QUE APARECE MENSAJE DE ERROR,,,
Software,User can't delete study,User can't delete study,,,
Software,Sync is not working with 12.1.6 SP003. The patient DB is not syncing across all Portal servers. ?Patient data on ISP 5 is not available on ISP server 1 etc.,Sync is not working with 12.1.6 SP003. The patient DB is not syncing across all Portal servers.,,,
Software,Users have reported seeing database errors when opening images in portal.  This error is intermittent. I have been able to capture the error and the log while the user was trying to open a study in Portal and got this error. Accession number in the PHI field and log and screenshot attached as well.,Database error when opening images,,,
Software,Wechat:05R/IntelliSpace Portal Solutions/local query,Wechat:05R/IntelliSpace Portal Solutions/local query,,,
Software,Data to D drive is filled up. Auto delete is not happening,Data to D drive is filled up. Auto delete is not happening,,,
Software,Wechat:05R/Extended Brilliance Workspace/login failed,Wechat:05R/Extended Brilliance Workspace/login failed,,,
Software,"Issue: Malfunction
Error description: ISP does not work",ISP does not work,,,
Software,01/IntelliSpace Portal Solutions/Can't login,01/IntelliSpace Portal Solutions/Can not login,,,
Software,ISP is  hanging,ISP is  hanging,,,
Software,45578943 - Authentication specific is broken in ISP,45578943 - Authentication specific is broken in ISP,,,
Software,Noisy video card fan,Noisy video card fan,,,
Software,Unable to retrieve studies from ISP,Unable to retrieve studies from ISP,,,
Software,Windows server update,Mise a jour windows serveur,,,
Software,Problems with client access (see attached photo) Technician Leo Lo Caputo spoke with your technician Marco Scolaro.,Client access problems,,,
Software,A prs connection review will be scheduled for both ISP portal stations.,Revising PRS Connection,,,
Software,Configuration must be performed for connection to Philips remote service.,Conexion remota,,,
Software,Customer unable to launch studies in Brain Perfusion application..,Customer unable to launch studies in Brain Perfusion application,,,
Software,Unable to log in. Failed to connected to portal service.,Unable to log in. Failed to connected to portal service.,,,
Software,ISP getting hang,ISP getting hang,,,
Software,01/IntelliSpace Portal Solutions/Unable to power on,01/IntelliSpace Portal Solutions/Unable to power on,,,
Software,05R/Extended Brilliance Workspace/Automatic restart,05R/Extended Brilliance Workspace/Automatic restart,,,
Software,05K/IntelliSpace IX/LX Workstations/Modify node size,05K/IntelliSpace IX/LX Workstations/Modify node size,,,
Software,SA?05R/ISP/Directory not displayed,SA?05R/ISP/Directory not displayed,,,
Software,"Portal not authenticating with server. Appears one of the servers is down, unable to remote in.","Portal not authenticating with server. Appears one of the servers is down, unable to remote in.",,,
Software,SPO2 is not functioning,SPO2 is not functioning,,,
Software,"Message appears at the moment when they want to connect"""" change of authorization data. 
 Impossible to tapper the password.",Assistance,,,
Software,Unable to transfer the data from IPS to console,Unable to transfer the data from IPS to console,,,
Software,ISP Client installation - on-site detection,ISP Client Installation - on -site detection,,,
Software,"Issue: Malfunction
Description of error: I wanted to supply the Concerto server (Win server 2012, ISP version 11 with the current patch (IntelliSpace Concerto R10-R11).
There was an error message: The update is not applicable to your computer.
As you can see, I should have downloaded the correct patch?
But it is noticed here that the content of the folder (2) then includes a Windows 8.1 patch (3) - is that the problem?",FM The update is not applicable to your computer.,,,
Software,ISP client not able to login,ISP client not able to login,,,
Software,Workstation during reconstruction,Workstation na hora da reconstru??o,,,
Software,ext 1232 - slow intellispace portal - unable to process,ext 1232 - slow intellispace portal - unable to process,,,
Software,customer reported an issue to launch ISP client,ISPv11: issue to launch ISP client,,,
Software,"User report unable login to client with error Application not initialized, please reinstall ISP client.","MAH, ISP, Unable login to client",,,
Software,prefetch is not prefetching the correct studies pacs,prefetch is not prefetching the correct studies pacs,,,
Software,02N/IntelliSpace IX/LX Workstations/add node,02N/IntelliSpace IX/LX Workstations/add node,,,
Software,01/IntelliSpace IX/LX Workstations/change IP gateway,01/IntelliSpace IX/LX Workstations/change IP gateway,,,
Software,SA:01/Extended Brilliance Workspace/Retrieve Work Order,SA:01/Extended Brilliance Workspace/Retrieve Work Order,,,
Software,Radar alert,01DS:TM:IM Portal: MissingDirectory,,,
Software,05R/IntelliSpace Portal Solutions/need install client,05R/IntelliSpace Portal Solutions/need install client,,,
Software,"Issue: Malfunction
Error description: Client crash, which also occurred regularly in the past
Error message: The doctors report to me that there was probably a client crash today, which also occurred regularly in the past.
Could you look at the server to see whether there is still enough memory available?
Especially with MR flow examinations and MR angio examinations.",Clientabsturz,,,
Software,into,ISP12: Logout timeout too short - user needs to constantly log in with a complex password.,,,
Software,05R/IntelliSpace Portal Solutions/cann't login,05R/IntelliSpace Portal Solutions/cann't login,,,
Software,Wechat:05R/IntelliSpace IX/LX Workstations/cann't open database,Wechat:05R/IntelliSpace IX/LX Workstations/cann't open database,,,
Software,05R/IntelliSpace Portal Solutions//patient data no display,05R/IntelliSpace Portal Solutions//patient data no display,,,
Software,01/IntelliSpace IX/LX Workstations/add new account,01/IntelliSpace IX/LX Workstations/add new account,,,
Software,"isp sends cardiac scores to our dictation service called Nuance powerscribe, however it is not doing that and we need to troubleshoot why",ISP 12 needing help with ISP and our dictation service,,,
Software,Add DICOM Nodes,Add DICOM Nodes,,,
Software,01/IntelliSpace IX/LX Workstations/Software failure,01/IntelliSpace IX/LX Workstations/Software failure,,,
Software,ISP client not functioning,ISP client not functioning,,,
Software,into,ISP12.1.6: Concerto Sync failing due to user profile folder ending with all,,,
Software,Philips clinical especialist called on behalf of the customer called to report slowness in ISP when launching studies (biosy) with Dynacad,ISP - Dynacad - slowness,,,
Software,Can't query/retrieve from VNA,Can't query/retrieve from VNA,,,
Software,"The equipment restarts several times, it also turns off and does not start the portal 1 application",equipment is constantly restarted,,,
Software,Philips ICAP clinical specialist requested Technical Support team help to solve issues involving WRA-ISPv10.1.3 server,CS Report crashes and server slowness episode,,,
Software,Layout for VQ scan,Layout for VQ scan,,,
Software,SA:01/ISP/printer disappear,SA:01/ISP/printer disappear,,,
Software,escalation/IntelliSpace Portal Solutions,"ISP - FilmViewApp.exe  crash, the error message is: Insufficient Memory",,,
Software,05R/Upgrades IntelliSpace Portal/client,05R/Upgrades IntelliSpace Portal/client,,,
Software,EBW system is not switching On,EBW system is not switching On,,,
Software,User reported ISP is slow during open any viewer and Data drive is almost full,"AMI, ISP, System Slow and Data drive full",,,
Software,RMSE?05R/IntelliSpace Portal Solutions/U,RMSE?05R/IntelliSpace Portal Solutions/U,,,
Software,The application crashed on the CLIENT on the CT side,SS:CT??Client????????,,,
Software,"Dr. Heintz by email: Problems evaluating ""volumetric analysis of the kidneys"", can be reached by phone at 03407502039 or 01723846519.","Problems with the evaluation ""Volumetry of the kidneys""",,,
Software,"As part of the monthly patch management, CaseID# 0120745189, it was noticed that hanging jobs are in the queue",Hanging Jobs in der Queue,,,
Software,RMSE:02N/IntelliSpace IX/LX Workstations/report errors,RMSE:02N/IntelliSpace IX/LX Workstations/report errors,,,
Software,Intermittently cant sent complete image dicom,Intermittently cant sent complete image dicom,,,
Software,ISP won't start up (stops at BIOS screen),07DS:YO2:ISP??????(BIOS?????????),,,
Software,Getting Server portal failed error,Getting Server portal failed error,,,
Software,Impossible to open the application from a station and the examinations do not go through anymore.,Unable to open the application,,,
Software,ISP is getting hang,ISP is getting hang,,,
Software,"This device is OPERATIONAL, but I am looking for a LOGIN CREDENTIALS for a new employee","This device is OPERATIONAL, but I am looking for a LOGIN CREDENTIALS for a new employee",,,
Software,Customer states Slice page data is not saving after changing ROI in Autoquant,Customer states Slice page data is not saving after changing ROI in Autoquant,,,
Software,secondary capture not sending to PACS after software reload,secondary capture not sending to PACS after software reload,,,
Software,issues with bone removal in recent upgraded server,AVA issues on ISPv12.1.6,,,
Software,cx needs assistance merging a study,cx needs assistance merging a study,,,
Software,CCA preprocessing rules failing,CCA preprocessing rules failing,,,
Software,Customer needs assistance Creating a Dicom node,Customer needs assistance Creating a Dicom node,,,
Software,Some ISP applications are crashing,Some ISP applications are crashing,,,
Software,LoBI and Liver Health do not run in the light clients but they work directly in the server.,Lobi and Liver Health do not run in light customers but directly on the server if they work,,,
Software,"The COmputadora is branded, it does not allow the image to be",Tildada computer does not allow images passage,,,
Software,"Nanda has reported that Portal is running slow.
Accession number provided in the PHI field.
Workstation speed test information to follow.",Portal Running Slow,,,
Software,02N/IntelliSpace IX/LX Workstations/blue screen,02N/IntelliSpace IX/LX Workstations/blue screen,,,
Software,"Error ""Cannot find one or more slices on the server. Please rebuild the database"".","Error ""Cannot find one or more slices on the server. Please rebuild the database""",,,
Software,Error appearing data loading failed and studies are not opening,Error appearing data loading failed and studies are not opening,,,
Software,Wechat:SA:05K/IntelliSpace Portal Solutions/Unable to enter program,Wechat:SA:05K/IntelliSpace Portal Solutions/Unable to enter program,,,
Software,it is running slow and unable to send from the scanner to ISP restarted the system and issue still occurs,it is running slow and unable to send from the scanner to ISP restarted the system and issue still occurs,,,
Software,"We are unable to login to Portal using AD accounts in CT. I can login to Portal using AD account in my office using my computer. I have tried logging into Portal in CT and it did not work but it works in my office. Log file attached.
Contact me for discussion.",Unable to Login to Portal using AD Accounts,,,
Software,Transfer problem 27 failure (mitant site),transfer problem,,,
Software,"Dr. Revilla has problems when exporting studies from PACS to iportal.
It gets stuck.
Please get in touch with her
629630014
Thank you",Iportal does not work,,,
Software,"The Portal does not open in a computer. There are other computers that don't connect from home either. 
IP 10.35.55.66

Location of the equipment: -
When did the failure happen?: It has been a few days
When will the equipment be available for intervention? What is the best day or time?:
Was the equipment in clinical use when the failure occurred?: Yes",It does not open the portal on a computer. There are other computers that do not connect from home either,,,
Software,Wechat:05R/IntelliSpace IX/LX Workstations/Abnormal sound during optical drive recording,Wechat:05R/IntelliSpace IX/LX Workstations/Abnormal sound during optical drive recording,,,
Software,Wechat:05R/IntelliSpace IX/LX Workstations/Startup too slow,Wechat:05R/IntelliSpace IX/LX Workstations/Startup too slow,,,
Software,"When he does an examination, he has no anteriority about the patient data.",Patient Remontance Problem,,,
Software,error in volumetry,error in volumetry,,,
Software,System is slow,system is slow,,,
Software,It does not import examinations on CD in local.,It doesn't matter about cd exams in the local.,,,
Software,Escalation/IntelliSpace IX/LX Workstations,"ISP12 MMTT customer claim that when evaluating 4 CT the ""Suggested decision"" in the results stage is incorrect",,,
Software,ISPortal Upgrade V12.1.7 Installation,ISPortal Upgrade V12.1.7 Installation,,,
Software,Bone removal in AVA failed in a headstudy.,ISP 12 AVA - Bone removal failed,,,
Software,"program crashes , Multiple apps crashing","program crashes , Multiple apps crashing",,,
Software,"There are cases where previous studies cannot be downloaded to portal.
IP: 81644661
PO: 2533896",2533896 - There are cases in which they cannot be downloaded in portal previous studies,,,
Software,"Installation mshield

Via Mr. Merkt",Installation mshield,,,
Software,RM Cardiac is charging without opening,Cardiac RM is loading without opening,,,
Software,THE APPLICATION CANNOT BE OPENED,NO SE PUEDE ABRIR LA APLICACI?N,,,
Software,05R/Extended Brilliance Workspace/account cannot log in,05R/Extended Brilliance Workspace/account cannot log in,,,
Software,02N/IntelliSpace IX/LX Workstations/connect network and test system,02N/IntelliSpace IX/LX Workstations/connect network and test system,,,
Software,"Issue: Malfunction
Description of malfunction: 
System is very slow, images are not transferred
Error occurred on: 12.04.2023",System is very slow,,,
Software,Unable to transfer data to ISP system,Unable to transfer data to ISP system,,,
Software,Login does not work on customer PC,Login does not work on customer PC,,,
Software,WECHAT:05R/IntelliSpace Portal Solutions/stuck,WECHAT:05R/IntelliSpace Portal Solutions/stuck,,,
Software,"Issue: Malfunction
Error description: Heart tool does not open.
Images not forwarded.
Error message:-
Error occurred on: 13.04.2023",ISP12 MR Cardiac Preprocessing LV/RV Segmentation aborted.,,,
Software,Maximum number of patients removed from the film patients,message,,,
Software,The transfers do not go through on the ISP.,transfer problem,,,
Software,"7 failures in the transfer queue, not possible to remove them, on site of Mitan Montbelliard",request assistance,,,
Software,"It does not log in, user error blocked.

Location. Department of Radiology",No login,,,
Software,"Cannot open it, cannot find the authentication source
IP: 96111777","You cannot open it, the source of authentication is not found",,,
Software,Login Error in Portal,Login Error in Portal,,,
Software,It is not able to access the Portal from a workstation.,You cannot access the portal from a workstation,,,
Software,The workstation accesses in order to set parameters but loses the source identification.,The workstation enters access to set parameters but loses source identification,,,
Software,Users unable to login - application initialization failed.,Users unable to login,,,
Software,"put a new computer on , all apps are not built need help rebuilding apps",apps issue,,,
Software,"screen goes black, users getting kicked out the application, failures to save",ISP: failures on AVA,,,
Software,"one user is receiving ""invalid data"" when reviewing cardiac MR","one user is receiving ""invalid data"" when reviewing cardiac MR",,,
Software,05R/IntelliSpace IX/LX Workstations/film error,05R/IntelliSpace IX/LX Workstations/film error,,,
Software,Failures with studies in concerto server .195,Customer needs to identify what server process NM studies,,,
Software,05R/Extended Brilliance Workspace/system error,05R/Extended Brilliance Workspace/system error,,,
Software,The studies are queued and are not uploaded to PACS.,The studies are in line and do not go up to the PACS,,,
Software,Intellispace Portal does not start,Intellispace portal does not start,,,
Software,The CPDPORTALPH01 server is not receiving studies.,The CPDportalph01 server is not receiving studies,,,
Software,SW failure,Swi? Zas?,,,
Software,into,ISP12: CCA processing does not extract coronaries if pre processing rules were set._TFS1535670,,,
Software,Error appearing loading authentication and studies are not opening,Error appearing loading authentication and studies are not opening,,,
Software,Check dynaCAD configuration because it is sending series to PACS that it shouldn't.,Check Dynacad configuration because you are sending series to the PACS that should not.,,,
Software,"When they click on queue flow analysis, they get a pop up box that says load data not valid, reselect data","When they click on queue flow analysis, they get a pop up box that says load data not valid, reselect data",,,
Software,Problem reseeding examinations further to the update.,Problem to reassemble examination,,,
Software,ISP System is not booting up,ISP System is not booting up,,,
Software,Server time is not synchronized. No cardiac - MR Analysis is lost. Only one monitor is working. Problem with Tower HP IP 71787275 - SN CZ3627DJBL. Urgent. Ex call n. 0121527181.,No cardiac- MR Analysis is lost,,,
Software,"As part of patch management (CaseID#0120740834), hanging jobs were detected in the queue",Hanging Jobs in der Queue,,,
Software,User can't launch the ISP Portal on his PC,User can't launch the ISP Portal on his PC,,,
Software,Customer reported that he is trying to installa Demo Data but process stop and cannot be finished.,Demo Data installation,,,
Software,Info via Mr. Schumm that the ISP is running slowly in nuclear.  Please contact and check with users.,ISP in the NUC (jetpack) slowly,,,
Software,"""Unhandled exception has occurred in your application"" during AVA Batching","ISP12 AVA show error ""Unhandled exception has occurred in your application"" during Batching",,,
Software,THE EQUIPMENT GIVES AN ERROR AND STOPPED WORKING,The team shows an error and stopped working,,,
Software,NM tech successfully transferred data to ISP but nothing is appearing in Patient Directory,NM tech needs help to locate study in ISP,,,
Software,ISP: system crashes while radiologist deal with MR cardiac studies,ISP: system crashes while radiologist deal with MR cardiac studies,,,
Software,THE WORKSTATION IS VERY SLOW,The workstation is very slow,,,
Software,This device is RESTRICTED because it's NOT getting the WORKLIST,This device is RESTRICTED because it's NOT getting the WORKLIST,,,
Software,Bone Removal not working properly,Bone Removal not working properly,,,
Software,Needs to connect intellaspace clients to the network,Needs to connect intellaspace clients to the network,,,
Software,"05R/	IntelliSpace Portal Solutions/SW problem","05R/	IntelliSpace Portal Solutions/SW problem",,,
Software,"When the ISP in Room 76 was moved for construction work, the power would not turn on",01DS:RS:76??ISP??????????????????????????????????????,,,
Software,Unable to transfer the data from workstation to console and data deleting issue,Unable to transfer the data from workstation to console and data deleting issue,,,
Software,05L/IntelliSpace IX/LX Workstations/workflow issue,05L/IntelliSpace IX/LX Workstations/workflow issue,,,
Software,Impossible to retrieve images from the PACS.,BZW209: Impossible to make a retirement of images of the PACS,,,
Software,EOS - getting a hard disk fault error message.,EOS - getting a hard disk fault error message.,,,
Software,EBW1 Film not loaded,EBW1 Film not loaded,,,
Software,WECHAT:01/IntelliSpace IX/LX Workstations/Workstation running too slowly,WECHAT:01/IntelliSpace IX/LX Workstations/Workstation running too slowly,,,
Software,IT DOES NOT ALLOW TO USE THE VIEWING APPLICATIONS,It does not allow to use visualization applications,,,
Software,Wechat:05R/IntelliSpace Portal Solutions/stuck,Wechat:05R/IntelliSpace Portal Solutions/stuck,,,
Software,Configuration ISP,Configuration ISP,,,
Software,After the client couldn't login and restarted the server it won't start from the OS screen,01DS:RS:?????????????????????????OS?????????>>booting PXE over Ipv4,,,
Software,into,"ISP12 AVA sometimes crash while batching, giving error message of unhandled exception",,,
Software,into,AVW15 MR Cardiac While saving the findings user can't chose the destination location,,,
Software,"Ms. Biethahn by email.

Good day,

Unfortunately we have a problem with the IntelliSpace, we currently cannot send to PACS.

Unfortunately poor, since we reconstruct poly-rooms with the program.

Request for quick processing.

PACS as transmission target is not available for selection.

 

 

Kind regards,

Sandra Biethahn",No saving into the PACS possible,,,
Software,into,AVW15 MR Cardiac Findings Dashboard (FD) Thin client hangs when using Save All,,,
Software,ISP system is not functioning,ISP system is not functioning,,,
Software,into,AVW15 MR-Cardiac pre-processing rules for this application doesn't present although present Enh. Perf. is activated.,,,
Software,"Issue: Malfunction
Error description: The ISP cannot be started at the Asklepios Clinic Barmbek in Hamburg and the automatic perfusion evaluation does not run.
Therefore the patient care is limited.
Error message:--",Isp ausfall,,,
Software,The device displays the message: certificate error.,The device displays a message,,,
Software,"Issue: Malfunction
Error description: ISP does not work again.
Everything works on the PC in the side room.
Error message:-
Error occurred on: 17.04.2023",ISP does not work again,,,
Software,Nobody can connect to ISP anymore.,connection problem,,,
Software,ERROR: UNABLE TO CONNECT TO THE PORTAL SERVER,ERROR: NO SE HA PODIDO CONECTAR AL SERVIDOR DEL PORTAL,,,
Software,needs assistance adding people to login,needs assistance adding people to login,,,
Software,Request to approve ISPv12.1.6 SP03,Request to approve ISPv12.1.6 SP03,,,
Software,VIP-CLIENT-THE STUDIES THAT ARE SENT ARE INCOMPLETE,Vip-client-the studies sent are incomplete,,,
Software,"EOS - Recently upgraded, dydacad config not working on older cases","ISPv12.1.7 - Recently upgraded, dynacad config not working on older cases",,,
Software,02N/IntelliSpace IX/LX/transfer,02N/IntelliSpace IX/LX/transfer,,,
Software,Wechat:05R/Extended Brilliance Workspace/boot up failed,Wechat:05R/Extended Brilliance Workspace/boot up failed,,,
Software,Wechat:05K/IntelliSpace IX/LX Workstations/workstation start up is not working,Wechat:05K/IntelliSpace IX/LX Workstations/???????,,,
Software,"EBW does not send axes of acquisition of CT Rocche examination to PACS. 
The Query-Retrieve command does not work from the EBW.
You can keep Mr. Diego Zanchetta as a Philips contact.
Thank you",Error sending images from EBW to PACS and failure to operation,,,
Software,Configuration DICOM,Configuration DICOM,,,
Software,05L/Extended Brilliance Workspace/blue screen,05L/Extended Brilliance Workspace/blue screen,,,
Software,"Portal shows an error, it does not download the studies, it is very slow. It gives an error. It will probably happen with a specific patient. 
Location: Radiology.","Portal da Fallo does not download the studies, it is very slow.",,,
Software,Reconfigured through T. Nagel->mandant separation and rights allocation since various users have no access to pacs for example,Reconfigure the client separation and allocation of rights,,,
Software,reboot and select proper boot device,reboot and select proper boot device,,,
Software,SA:05R/IntelliSpace Portal Solutions,SA:05R/IntelliSpace Portal Solutions,,,
Software,"Call from Mr. Wenk that the patients of mvZ MedCenter Bogenhausen are not displayed.  The patients are briefly visible, but then disappear again. You can see permanently via the emergency access, please check the client separation.",Patients of the MVZ Medicenter Bogenhausen are not displayed in the database,,,
Software,No more access to the ISP.,ISP - Cambrai - Total application of the application,,,
Software,"An error appears that they cannot access the server
The failure has started right now.",An error that cannot access the server appears,,,
Software,"Via T. Nagel, RCE in contact with the customer, Mr. Wnek-> no access possible with the Medicenter account from the ISP to the PETCT host and the EBWNUC > request for AD group processing",No access with the Medicenter Account from the ISP to the PETCT HOST and the Ebwnuc possible,,,
Software,"Issue: Malfunction
Error description: REMOTE devices are missing, are no longer available.
EBW NUCLEAR
PET CT HOST
GEPACS (available, not sufficient!)
Both remote devices are important
Since only these devices have a CD burning function
Have. THE COMPUTER OF OUR ISP: 745 90 687
Has no burning option.",Remote-raids are no longer available,,,
Software,"Issue: Malfunction
Description of error: When calling up Philips 3T MR Molli sequences, the colors are not displayed correctly in the ISP software.
You can see that the right heart is only black in the wrong color cut and the T1 times are not given a color scale since the spectrum is only up to c. 750ms works and the T1 time in the heart is probably over 1000ms",Errors Problems with the Philips ISP Cardio MRI software,,,
Software,Computer will not boot-up.,Computer will not boot-up.,,,
Software,Call to Mr. Hauke by Ms. Kromer +49 89 6794192161. No patient data visible,"Lated user rights, no patients visible",,,
Software,"The server is restarted and the system does not return.
No ISP V10",SE CAE SISTEMA ISP V10,,,
Software,The ISP PC repeatedly restarts.,01CS:KK:ISP?PC??????????,,,
Software,Wechat?SA?05K/ISP/need change user name,Wechat?SA?05K/ISP/need change user name,,,
Software,Wechat:05R/Extended Brilliance Workspace/cann't boot up,Wechat:05R/Extended Brilliance Workspace/cann't boot up,,,
Software,05R/IntelliSpace Portal Solutions/system is running too slowly,05R/IntelliSpace Portal Solutions/system is running too slowly,,,
Software,Wechat:05R/Extended Brilliance Workspace/software crash,Wechat:05R/Extended Brilliance Workspace/software crash,,,
Software,Wechat:SA:05R/Extended Brilliance Workspace/software stuck,Wechat:SA:05R/Extended Brilliance Workspace/software stuck,,,
Software,"The data for a patient for which the CT value was measured on pacs images on the ISP remains at ""Loading"" and does not open.>> I had him copy the data to local and then try it, and then it was operating normally.",01CS:KK:ISP?PACS????CT?????????????????Loading????????>>??Local??????????????????????????????,,,
Software,EBW not switching On,EBW not switching On,,,
Software,into,ISP12: AVA Batching feature show error message when user increase the default images,,,
Software,into,Caps lock error with creation of a new session in multimodality simulation,,,
Software,When opening a pdf document in Knowledgescape the page opens blank. When right clicking open in new tab it opens.,ISP Knowledgescape - Opening PDF issue MS EDGE,,,
Software,Wechat:02N/IntelliSpace IX/LX Workstations/account,Wechat:02N/IntelliSpace IX/LX Workstations/account,,,
Software,Requests creation of new client station.,Creation Request New Customer Post,,,
Software,"We request to delete cases, or schedule automatic deletion so that it is kept with a little more free memory.

Thanks a lot",Portal's memory is very low,,,
Software,Cardiac plague analysis not working,Cardiac plague analysis not working,,,
Software,8:45/9:00 a bug occurred since the pre-treatment does not start automatically anymore.,Processing problem,,,
Software,"They cannot load examinations in SVHF ISP. It keeps loading, and they have waited for 5 minutes++, and nothing happens. Multimodalityviewer/T1perfusion/T2*perfusion",Charge data to the application ..,,,
Software,"Login error to Intelispace
Message: BAD REQUEST",Login Error to Intelispace,,,
Software,Bad  images  error appearing,Bad  images  error appearing,,,
Software,into,AVW15 Cardiac Suite fails to load ? could not connect to AV Workspace,,,
Software,"The applications for post-treatment of the breast MRI image. A message appears
""Error when repeating the external operation (02-1186)"" I have tried with several applications and it is always the same error.","Approcessing applications of the MAMA RM image. The message of ""error comes out when repeating the operation ...",,,
Software,Several services are not starting on ADI-ISP02 including Dashboard,ADI-ISP01 Dashboard,,,
Software,Customer wants to add a new remote device in ISP to transfer studies from patient directory,ISPv12.1.6 - adding a new remote device,,,
Software,"MIRROR 0121555449 VIP DOES NOT ALLOW TO SAVE ON USB OR SEND STUDIES, POSSIBLE COMMUNICATION FAILURE","Mirror 0121555449 VIP does not allow to save in USB, or send studies, possible communication failure",,,
Software,VIP- IT DOES NOT RECEIVE THE RESONANCE STUDIES AND THEY TRIED TO DELETE OLD STUDIES AND THE SERVER ONLY SHOWS A TOTALLY BLUE SCREEN,VIP- does not receive resonance studies and tried to erase old studies and the server only shows one ...,,,
Software,05R/IntelliSpace IX/LX Workstations/Software failure,05R/IntelliSpace IX/LX Workstations/Software failure,,,
Software,SA?05R/Upgrades IntelliSpace Portal/ isp problem,SA?05R/Upgrades IntelliSpace Portal/ isp problem,,,
Software,ISP workstation operation failure,SSL:ISP?????????????,,,
Software,"E.G Results from a batch, the posibility to send to PACS is gone, when ISP is opened from kontekst integration.
When opened from desktop applikation the posibility is there but is not working.",Resultseries can not be transfered to PACS,,,
Software,Workflow is not opening,Workflow is not opening,,,
Software,02N/IntelliSpace Portal Solutions/cann't delete image,02N/IntelliSpace Portal Solutions/cann't  delete  image,,,
Software,"Caution: This e-mail originated from outside of Philips, be careful for phishing. 

Good morning

We have the following problem with ISP + DynaCAD,
When we try to load a new MR mamm study with ""Analysis"" -> ""DyncaCAD"" we get the messages below.
This problem occurs with MR mamm studies, from 14-4-2023. Previous studies can, however, be loaded.

 

And then in DynaCAD:

 

The logging of DynaCAD says the following:

 

Maybe something filled up, but I do not know how I can check the cache of DynaCAD, or how I can clean it.
Could you take a look at this?
Thanks in advance!

Sincerely

Henk de Marie 
Application management PACS, Radiology & Nuclear Medicine
 
tel. +31 33 850 1120
applicatiebeheer.pac@meandermc.nl

DISCLAIMER****************************
The information in this e-mail message is exclusively intended
For the addressee. Supply to and use by
Others is not allowed. Because of the electronic sending
Of the message no rights can be derived from the
Information.",Problem with ISP + Dynacad,,,
Software,"Issue: Malfunction
Error description: When calling the Mirada program, an update is required again and again (private client update). This is required again with every start. Software version 11.1 is in use","With every start, an update is required again and again",,,
Software,The application does not start and displays the error message workflow.exe.,The application is not started,,,
Software,02G/IntelliSpace IX/LX Workstations/change password,02G/IntelliSpace IX/LX Workstations/change password,,,
Software,"Persething problem, to be welcomed and not the night before to be reprogrammed.",Probl?me de presething,,,
Software,The customer cannot connect to the server.,Customer cannot connect to the server/CH/Friborg/Unilabs-Cimf,,,
Software,Wants to know more and to correct the start-up problem.,ISP - Li?vin - Opening with spam and fifty pop ups.,,,
Software,"Following error message ""fail data load"". When the user wants to count images, MR T1 perfusion with the T1 permeability module on the ISP3 (the calculation is interrupted, it does not produce any calculated images). The same case works to calculate on ISP2.

Contact: Annika 08-12377176",Data loading failed - error message,,,
Software,"We have problems with some users to access the Portal, could we verify that everything is correct? they cannot access.
The users are: 
MANDREU 

XGALLARDO 
ECASTANER 
CLOZANO 
MCUFI",Users access to the portal,,,
Software,Problems with some users to access the Portal.,Problems with some users to enter the portal.,,,
Software,Communication with the ISP has become lost.,ISP??????????>>ISP01?????????>>???????????????????>>?4/20????????????????,,,
Software,Unable to login in ISP system,Unable to login in ISP system,,,
Software,"The Intellispace queue to pass studies from PACS to local is collapsed.
Location: Hospital Germans Trias I Pujol (Germans Trias I Pujol Hospital)",The intellispace tail to pass PACS studies to the premises is collapsed.,,,
Software,"Issue as described by Jay Betts:
The first email I sent shows what happens in batching when you select the curved MPR first. This video will show what happens when you select the volume rendered images first and increase the images above the 20 default. You do not get an error message but you have to clear the batch and manually type the number of images you want. Then clear batch, then batch again to get it to work.  Anyway  see video.",Batching issue when selecting the curved MPR first,,,
Software,"CT ISP workstation is not working properly, it is throwing the error message as shown in screen below and stopping the application while in use.",ISP Connection not working properly - BHU01,,,
Software,The passwords stopped working.,They have stopped working the passwords,,,
Software,concerto server not allowing user login. user authentication field missing from ISP client login screen,ISP concerto: .51 server not allowing login,,,
Software,Install 2 servers with ISP 12.1.7,Install 2 servers with ISP 12.1.7,,,
Software,Need help to change archive destination,Need help to change archive destination,,,
Software,Dynacad processing rules - auto-processing rules failing,Dynacad processing rules - auto-processing rules failing,,,
Software,Login not possible,Registration not possible,,,
Software,System will not boot up,System issues,,,
Software,"when working on 3D system is lagging, screen going black, system eventually kicks you out.","when working on 3D system is lagging, screen going black, system eventually kicks you out.",,,
Software,ISP - low disk space warning,ISP - low disk space warning,,,
Software,02N/IntelliSpace IX/LX Workstations/Account locked,02N/IntelliSpace IX/LX Workstations/Account locked,,,
Software,"In the cardiac volume tests, the data are not loaded, they appear as N/A.
It happens with all patients, we attach a screenshot.
IP: 63289469","In cardiac volume tests, the data does not load, they appear as N/A",,,
Software,WECHAT:02N/IntelliSpace Portal Solutions/Garbled code,WECHAT:02N/IntelliSpace Portal Solutions/Garbled code,,,
Software,"Error message: det process finish with error, impossible to open the ISP.",ISP - Quimper - Error message at the launch of the ISP customer,,,
Software,There is a problem with the Intelispace Portal application.,Technician opens out for problem with the Intellispace Portal application,,,
Software,Upload software,Upload software,,,
Software,"Examination in error and they cannot remove them, and now they cannot transfer them to the PACS anymore.
Slow-down of the image taking on the portal.",PB exam,,,
Software,Problem transferring data between the MRI and the ISP.,Data transfer problem,,,
Software,PPAI-7 VI- Problems with application slowness,PPAI-7 vi- Slow problems in application,,,
Software,"Could you reset the account of Doctor KASMI Hamid on the 2 ISP because it seems that the current accounts do not work correctly.

Identifier: KASMI
Password: MD

Please grant him the same rights as the other accounts on the 2 ISP.

 Kind regards.",ISP - VESOUL - VERIFICATION OF A connection account,,,
Software,"Issue: Malfunction
Description of error: The customer does not have access to the Intellispace
Error message: The reference account is currently logged out...
Error occurred on: 20.04.23 16.00Uhr",FM: The reference account is currently logged out ...,,,
Software,Radiologists reporting are experiencing applications shutting down mid report Mirada NM viewer crashes most frequently.,Mirada NM viewer crashing mid report,,,
Software,05L/IntelliSpace IX/LX Workstations/SW ERROR,05L/IntelliSpace IX/LX Workstations/SW ERROR,,,
Software,into,"ISP12: AVA Stent Protocol Editor Share only on Local although ""Share with all Users"" is checked.",,,
Software,Portal client is failing to run of the portal server,Portal client is failing to run of the portal server,,,
Software,ERROR: WORKFLOXSERVER. ERRORS. LOGINFAILED,ERROR: WORKFLOXSERVER.ERRORS.LOGINFAILED,,,
Software,The software displays the error: CERTIFICATE ERROR - No certificate found. Please contact hospital IT for support.,The portal software has an error,,,
Software,"PMT generates The Website Cannot Display the Page error.
HTTP 500 internal server Error",PMT generates The Website Cannot Display the Page error,,,
Software,ISP - filming issue,ISP - filming issue,,,
Software,"WORKSTATION DOES NOT CONNECT TO PACS
Configure Query/Retrieve to PACS",Workstation does not connect with the PACS,,,
Software,05K for IB/IntelliSpace IX/LX Workstations/transfer problem,05K for IB/IntelliSpace IX/LX Workstations/transfer problem,,,
Software,Wechat:02N/IntelliSpace IX/LX Workstations/Filmview doesn't work,Wechat:02N/IntelliSpace IX/LX Workstations/Filmview doesn't work,,,
Software,ISP - Autoquant is not launching properly,ISP - Autoquant,,,
Software,SA:05K/IntelliSpace Portal Solutions/client can't login,SA:05K/IntelliSpace Portal Solutions/client can not login,,,
Software,02N/IntelliSpace IX/LX Workstations ? need onsite,02N/IntelliSpace IX/LX Workstations?need onsite,,,
Software,Wechat:02N/IntelliSpace Portal Solutions/upgrade system,Wechat:02N/IntelliSpace Portal Solutions/upgrade system,,,
Software,"Issue: Malfunction
Error description: Login is not possible.
System runs at 100% CPO utilization.
Error message:-
Error occurred on: 24.04.2023 approx. 9:30 am",Registration is not possible.,,,
Software,Demo data incomplete within the Concerto association > installation required,Install demodates,,,
Software,BOOT FAILURE,BOOT FAILURE,,,
Software,ISP User1 Not functioning,ISP User1 Not functioning,,,
Software,User authorizations are regularly lost,User authorizations are regularly lost,,,
Software,Applications are not opening,Applications are not opening,,,
Software,need latest security update list,need latest security update list,,,
Software,Is ISP able to launch functional MRI studies?,Question about ISP features,,,
Software,01/IntelliSpace IX/LX Workstations/system cannot boot up,01/IntelliSpace IX/LX Workstations/system cannot boot up,,,
Software,"During SBI reconstruction, a pop-up message ""High memory usage warning"" >> restarted the restart of the server and that restored the problem.",01CS:KKI:SBI???????High memory usage Warning????????????Reset service??????????????,,,
Software,"Impossible to access the ISP, the update does not complete.",Impossible to access the ISP,,,
Software,05R/IntelliSpace Portal Solutions/software crash,05R/IntelliSpace Portal Solutions/software crash,,,
Software,into,AVW15 AVA Preferences missing the Predefine text as it was in previous versions,,,
Software,WeChat?01/IntelliSpace IX/LX Workstations/system halt intermittently,WeChat?01/IntelliSpace IX/LX Workstations/system halt intermittently,,,
Software,"Failure when sending a patient's study to pacs and portal. The patient has a query tomorrow, if Philips could solve it remotely during the morning.
Location: Hospital Universitario Infanta Elena (Infanta Elena University Hospital)",The shipping to the PACS and a patient study fails,,,
Software,Direct call from the practice on mobile box.,Publications on node EBW and PET CT Host lost,,,
Software,Unable to transfer images to other devices,Unable to transfer images to other devices,,,
Software,Barco Reporting system is not functioning,Barco Reporting system is not functioning,,,
Software,Software update to 10.1.7.,Software Update auf 10.1.7.,,,
Software,Autoquant load slow,Autoquant load slow,,,
Software,"The operator mentions the fact that the icons in the graphic interface are no longer active, except for the multimedia viewer application. The patients appear in the list but it is not possible to query/see the performed sequences.
The station is not operable. The location is Iasi, Sararie street no. 38, ISP RMN",Statie ISP - probleme software,,,
Software,The work list is not working.,work list n?o est? funcionando,,,
Software,"Issue: Malfunction
Error description: The ISP program crashed.
Error message:-
Error occurred on: 20-30 minutes ago",ISP program is dead.,,,
Software,ISP application unable to login,ISP application unable to login,,,
Software,"local user fails to log on ISP due to error message ""Certificate error - no certificate, please contact IT""",ISPv10 - Certificate error,,,
Software,New (2) two new send destination created for PACS.,New (2) two new send destination created for PACS.,,,
Software,into,ISP12 CT VC customer like the system to detect and auto launch series after the user highlight the study,,,
Software,Workstation not functioning,Workstation not functioning,,,
Software,into,ISP12 Chinese localization have many cases of incorrect translation and also cases of not fitting in the UI,,,
Software,"Transfer services not available at the moment, please try again later.

Log files: Submission to Transfer spooler failed as transfer services is down.....",Can not transfer data to PACS or retrive,,,
Software,"After restarting ISP1, it was noticed that the AnyMQ does not work anymore.
VM were recently migrated to a system with new Intel Gen3 Xeon processor.
For these, a ThereMQ/Erlang patch is required.

For more info: 
Concerto Manual D000857834 Rev H, since 160
Appendix H: Installing a new version of AnyMQ and Erlang for 3rd generation CPUs",Issue with RabbitmQ - Update required for Erlang/RabbitmQ on hosts with Intel 3rd genes Processors,,,
Software,Need profile assistance (Slowness with ISP),Need profile assistance (Slowness with ISP),,,
Software,LS Quote,LS Quote,,,
Software,05R/IntelliSpace Portal Solutions/stuck,05R/IntelliSpace Portal Solutions/stuck,,,
Software,05R/Extended Brilliance Workspace/CTA process failed,05R/Extended Brilliance Workspace/CTA process failed,,,
Software,05R/Extended Brilliance Workspace/add node,05R/Extended Brilliance Workspace/add node,,,
Software,Portal system hanging issue,Portal system hanging issue,,,
Software,Unable to open case in PC,Unable to open case in PC,,,
Software,wechat?05R/Extended Brilliance Workspace/software stuck,wechat?05R/Extended Brilliance Workspace/software stuck,,,
Software,could not login to workstation,could not login to workstation,,,
Software,Incorrect HU unit on PACS. AGFA PACS is unable to display HU* (the * being the issue) as denoted in the the dicom tag 0028 1054 hence it assigns Gy as the unit.,Incorrect HU unit on PACS,,,
Software,into,AVW15: Data having proper dynamics still user is getting pop up and unable to launch Brain function application,,,
Software,"INC000002732383 - It connects to PACS, but it shows an error when downloading studies. DaTQUANT software connection with THE HUIE PACS. Equipment name: VM-MEDINUCL02.
Location: Infanta Elena Hospital","INC000002732383 - Connect with the PACS, but give error when downloading studies.",,,
Software,"He logged in to the ISP, but the application does not start.>> isp did not work even after restarting.",01CS:KK:ISP???????????????????????>>ISP???????????,,,
Software,EBW System is not booting up,EBW System is not booting up,,,
Software,02N/IntelliSpace IX/LX Workstations/Slow software operation,02N/IntelliSpace IX/LX Workstations/Slow software operation,,,
Software,05R/Portal/Can't log in,05R/Portal/Can not log in,,,
Software,"The device displays the message: maximum number of patients reached, remove patients from the film.",The device displays a message,,,
Software,User report unable save processing data into current image during comparison with old image.,"NNI, ISP, Key image populated in a different accession number",,,
Software,No Auth Source,No Auth Source,,,
Software,CONFIGURE PACS TO BE ABLE TO QUERY/RETRIEVE,CONFIGURE PACS TO BE ABLE TO QUERY/RETRIEVE,,,
Software,images are archived error at a particular site,images are archived error at a particular site,,,
Software,05R/IntelliSpace Portal Solutions/can't connect to server,05R/IntelliSpace Portal Solutions/can not connect to server,,,
Software,Cannot filter in Date/Time of ISP Client,Cannot filter in Date/Time of ISP Client,,,
Software,ISP system not switching on,ISP system not switching on,,,
Software,"ISP can't use function Qflow popup "" PortalApphost64 """,ISP can?t use function Qflow popup ? PortalApphost64 ?,,,
Software,05R/Extended Brilliance Workspace/software crash,05R/Extended Brilliance Workspace/software crash,,,
Software,wechat?05R/IntelliSpace Portal Solutions/boot up failed,wechat?05R/IntelliSpace Portal Solutions/boot up failed,,,
Software,"Issue: Malfunction
Description of error: No screenshots from the corridor 4DM application possible as client user (screenshot in the attachment)
Test license Mirada can be selected, but does not load any data (see screenshot in the attachment)",Problem Secondary Capture Corridor 4DM und Mirada,,,
Software,"After multiple restarts, it displays a message: connection impossible to the servers.",probl?memconnection,,,
Software,"Issue: Malfunction
Description of error: No data can be sent from the ISP into the PACS anymore
Error message: Unable to connect to the remote device
Error occurred on: 27.4. Morning",No data from the ISP into the PACS,,,
Software,"Via Ms. Walther, NM App (on site): Corridor 4DM does not save the layouts and does not save screenshots",Corridor 4DM does not save the layouts and does not save screenshots,,,
Software,Problem: Activate PSA.,Problem: Activate PSA.,,,
Software,THE EQUIPMENT IS VERY SLOW WHEN OPENING STUDIES AND FURTHERMORE IT IS NOT OPENING THE CARDIAC VOLUME,The team is very slow when opening studies and also is not opening the cardiac volumetric,,,
Software,Need help with MUGA processing,9509CFXJ4 YNN Need help with MUGA processing,,,
Software,ISP - CAT app not available,ISP - CAD app not available,,,
Software,"User getting error message cannot find slice's, rebuild database.","User getting error message cannot find slice's, rebuild database.",,,
Software,Case created for server reboot action - task requested by case 0121595267 as a secondary action,ISPv11.1.2: server reboot,,,
Software,Request forwarded by management: help Brian Darr (Philips project manager) to import stent protocols from a server v11 to a new concerto v12 (all servers),ISPv12 concerto: import stent protocols,,,
Software,Cannot filter in Date/Time of ISP Client,Cannot filter in Date/Time of ISP Client,,,
Software,"Portal froze while using it. Bug report done. Approx time: 14:00 Date: 27/04/2023
NHI number provided in the PHI field.",Portal froze when using application,,,
Software,05R/Upgrades IntelliSpace IX/LX WrkStns/user account login error,05R/Upgrades IntelliSpace IX/LX WrkStns/user account login error,,,
Software,ISP system software update to version 12.1.7.,ISP software update to version 12.1.7,,,
Software,During the V12.1.5 application installation it stops on the latest step.,Installation of application always stops on the last step and rolls back.,,,
Software,05R/Extended Brilliance Workspace/software stuck,05R/Extended Brilliance Workspace/software stuck,,,
Software,"Issue: Malfunction
Description of error: During evaluation via jetpack, error occurs
Error message: 
Unable to copy file. Source file...
Problem already occurred.
Already phoned with Ms. Walter. Suspect Windows patch",unable to copy file - bei Auswertung ?ber jetpack,,,
Software,Identification system not recognized.,Unrecognized identification system.,,,
Software,"Issue: Malfunction
Error description: Technical problem when creating screen shots in the application of corridor 4DM. No screenshots possible. Server and client were rebooted.
Error message:-
Error occurred on: 3-4 weeks ago",Problem when creating screen shots in the application of Corridor 4DM,,,
Software,Cannot transfer data from the ISP to the Fuji image inspection terminal.,ISP??FUJI????????????????,,,
Software,"Issue: Malfunction
Description of error: When starting JetPack in Nuclear Medicine, error message appears, please analyze
Error message: See email",FM at the start of the jetpack,,,
Software,ISP does not work anymore.,ISP no longer works.,,,
Software,patient study transfer issue in every workstation,patient study transfer issue in every workstation,,,
Software,"From CaseID# 0120690187 ""Image data from MR Achieva in knk are not assigned to the client KNK""",Image data from MR Achieva in knk are not assigned to the client KNK,,,
Software,"Since an update, impossible to delete a file.",Would like to erase a file.,,,
Software,ISP - AutoQuant is not launching properly,ISP - AutoQuant is not launching properly,,,
Software,web server field is blank unable to login,web server field is blank unable to login,,,
Software,issue started to happen after windows update,ISP: authentication source missing after windows update,,,
Software,02N/IntelliSpace IX/LX Workstations/SW error,02N/IntelliSpace IX/LX Workstations/SW error,,,
Software,01/IntelliSpace Portal Solutions/wrong password,01/IntelliSpace Portal Solutions/wrong password,,,
Software,02N/IntelliSpace IX/LX Workstations/report errors,02N/IntelliSpace IX/LX Workstations/report errors,,,
Software,Configuration required for PACS in EBW Workstation system,Configuration required for PACS in EBW Workstation system,,,
Software,ISP system software update to version 12.1.7.,ISP software update to version 12.1.7,,,
Software,"Neck CTA bone removal failure
Steps to reproduce
1.	Launch case into AVA with postprocessed results
2.	Bone failure occurs around 30%

Try again
1.	Launch case without the preprocessed results
2.	Bone removal failure around 30%

Tried to use the head/neck algorithm within the application and it still did not work

Took study into sub-selection and removed approximately 20 images from the bottom of the data set and a few from the top.
Bone removal worked at that time",Neck CTA bone removal failure,,,
Software,05R/IntelliSpace Portal Solutions/software stuck sometimes,05R/IntelliSpace Portal Solutions/software stuck sometimes,,,
Software,SA:05K/ISP/Can't play piece,SA:05K/ISP/Can not  play piece,,,
Software,Wechat?SA:05K/IntelliSpace IX/LX Workstations/Unable to open normally,Wechat?SA:05K/IntelliSpace IX/LX Workstations/Unable to open normally,,,
Software,"""No disc space"" message is being displaying",04DS:NG:no disc space?????????,,,
Software,ISP system is hanging and unable to view data in ISP System,ISP system is hanging and unable to view data in ISP System,,,
Software,Application/IntelliSpace IX/LX Workstations/consult brain perfusion using,Application/IntelliSpace IX/LX Workstations/consult brain perfusion using,,,
Software,01/IntelliSpace IX/LX Workstations/add dicom node,01/IntelliSpace IX/LX Workstations/add dicom node,,,
Software,01/IntelliSpace IX/LX Workstations/cannot login,01/IntelliSpace IX/LX Workstations/cannot login,,,
Software,"When he made a mistake in the login password, the system froze.",08CS:FN:Login password????????????,,,
Software,"Receiving error message ""No certificate found""","receiving error message ""no certificate found""",,,
Software,"They cannot work with the studies, it has been happening since yesterday afternoon. When the PIC control is done, it is slow, it also indicates that it has 7% of space on the disk. 
Location: Remote work.",You can't work with studies,,,
Software,05K/IntelliSpace IX/LX Workstations/Slow software running speed,05K/IntelliSpace IX/LX Workstations/Slow software running speed,,,
Software,SA:01/IntelliSpace Portal Solutions,SA:01/IntelliSpace Portal Solutions,,,
Software,01/IntelliSpace IX/LX Workstations/stuck,01/IntelliSpace IX/LX Workstations/stuck,,,
Software,Software upgrade,SW Upgrade,,,
Software,This device is RESTRICTED because we're NOT able to OPEN ISP,This device is RESTRICTED because we're NOT able to OPEN ISP,,,
Software,"When opening patient data with intellispace with the application
corridor4DM it always comes with a message (attachment). It makes
Not off if you do not show message again and then press install or skip.
The message is then gone but for the following patient it simply
again. Very disturbing because then the application does not start up properly.
Can you solve this?",Corridor 4DM from IntellisPace gives disturbing report,,,
Software,main CT computer to server CT reporting room,main CT computer to server CT reporting room,,,
Software,jet pack is not working for shared work station,jet pack is not working for shared work station,,,
Software,Logging problems in the ISP IntelliSpace IX/LX Workstation application Pantelimon Clinical Emergency Hospital,Logging problems in the IP Intellispace IX/LX Workstation application Pantelimon Emergency Clinical Hospital,,,
Software,"They use only one ""mruser"" user and since it is wrong for an excessive number of times, the password is now blocked.",User stuck,,,
Software,Reinstallation of SLAVE server.,Reinstall Slave Server,,,
Software,into,ISP12 CT Viewer in volume viewport anatomy disappears as if it was part of the couch,,,
Software,"Issue: Malfunction
Error description: ISP cardio problems: Currently there are performance problems with the ISP again, it probably affects all application servers.",ISP cardio problems,,,
Software,Image transfer problems from the workstation to the PACS and CT scan.,Image transfer problems from Workstation to Pacs and Tac,,,
Software,"PORTAL TAC server (10.84.153.157) installed in Viladecans Hospital, it has not been integrated since last Saturday as a result of an un controlled shutdown of the server. A while ago, we restarted it, but it still does not work. It seems to be a connectivity problem, although the server responds to pings, and we can connect to it via RDP.
Location: Radiology.",He is not integrating since the last,,,
Software,"The portal has studies that cannot be deleted, it gives an error, check that when it arrives they have to delete manually,
And the ones that have an error are not deleted 
Location: X-ray",The portal is with studies that cannot be called error,,,
Software,"John please create a case for this. I tried pulling the data to test on the MDC V12 but they were working on a reinstall of the MDC V12 on Friday. Will you pull it and put it on the V12 for me? I?d like to test it there before recommending they upgrade the AutoQuant to have PET.

Customer was using an older version of AutoQuant. They were loading PET Viability exams into QBS to review the volume data. After upgrading to AutoQuant 2017 they are no longer to display the data.
Last 2 PET Viability we did are:
DOS 3/22/23, MR#00022040
DOS 3/8/23, MR#000623224

We can?t get the QBS to load it always took a long time but since the last ISP upgrade it will not load at all.",We can?t get the QBS to load,,,
Software,"related to previous case 0121510087	Customer states Slice page data is not saving after changing ROI in Autoquant","related to previous case 0121510087	Customer states Slice page data is not saving after changing ROI in Autoquant",,,
Software,Has questions about combining patient studies,Has questions about combining patient studies,,,
Software,Need help with cardiac processing,Need help with cardiac processing,,,
Software,Issues with ISP,Issues with ISP,,,
Software,"After pulling the wrong patient data, unit populated under Intellispace.","After pulling the wrong patient data, unit populated under Intellispace.",,,
Software,Auto and Manual  bone removal not functioning,Auto and Manual  bone removal not functioning,,,
Software,The analysis software does not work.,08cs: NG: ???????????????,,,
Software,We are having problem logging in to the ISP 12 server d-ispapp2.  The problem has occurred for the past week.,We are having problem logging in to the ISP 12 server d-ispapp2.,,,
Software,ISP system is hanging,ISP system is hanging,,,
Software,main screen is down and saying canceling,main screen is down and saying canceling,,,
Software,01/IntelliSpace IX/LX Workstations/software fault,01/IntelliSpace IX/LX Workstations/software fault,,,
Software,"The printer lost the connection, and it does not print.

Location: DIAGN. CENTER FOR SRL IMAGES","The printer has lost the connection, and does not print",,,
Software,Problem opening two scanners at the same time.,opening problem of two scanner,,,
Software,into,ISP10: MR Perfusion Doesn't load some cases showing error that it doesn't have enough dynamics,,,
Software,"Reported problem: An error message is displayed indicating full space.
Location of the equipment: - 
When did the failure happen?: Today
When will the equipment be available for intervention? What is the best day or time?: As soon as possible
Was the equipment in clinical use when the failure occurred?: Yes",Error message indicates full space,,,
Software,System connect online,System connect online,,,
Software,"""Study loads..."" appears on the screen of the user. - > then does not happen anymore (reported by Dr. Koller 0561 980 17358)",No function on clients,,,
Software,"Since 4/28, the brain perfusion analysis cannot be started correctly.
If the entire study is selected, the loading window appears for a few seconds before it disappears without an error message but the program is not opened.
If only individual scan series are selected, Brain Perfusion opens and asks for the merge of the series. But that does not work due to non-matching parameters and the program closes.
After restarting the services via PMT, the brain perfusion worked again for a short time until the same problem occurred.",Brain perfusion does not,,,
Software,"Hi Philips, please see attached

 

Cheers

 

Hamish Fraser",Intellispace Portal - Western Sussex - Server WSH00ISPMASTER Intellispace Portal ? Master has shutdown/crashed over...,,,
Software,It is giving error while writing the password.,It gives an error while writing,,,
Software,No start-up of software/application packages,Failure to start software/application packages,,,
Software,"In addition to the malfunction with the brain perfusion analysis tool (case number 0121611860) specified in the previous message today, other applications, such as the CT Viewer, cannot be opened anymore now.
The error pattern is the same: The loading window appears for a while until it disappears without an error message and the application does not open.

Please call back promptly, since the ISP is not working like this.",Applications can no longer be,,,
Software,The system got blocked after deleting the examinations.,System blocked,,,
Software,while doing screen capture getting error message,while doing screen capture getting error message,,,
Software,CT viewer will not launch,CT viewer will not launch,,,
Software,"STUDIES ARE NOT BEING FORWARDED TO PACS, IT SHOWS AN ERROR.","Do not send studies to PACS, give error.",,,
Software,IE Title of the system need to be change need to add 2-nodds,ISPv8: customer requested help to edit 2 DICOM nodes based on local changes,,,
Software,"STUDIES ARE NOT BEING FORWARDED TO PACS, IT SHOWS AN ERROR.","Do not send studies to PACS, give error.",,,
Software,SENDING STUDIES TO ISP IS VERY SLOW FROM SEVERAL MODALITIES. LAST WEEK THE SERVICES WERE RESTARTED AND IT CONTINUES THE SAME,The sending of studies to ISP to is very slow from several modalities. Last week the services were restarted ...,,,
Software,error message while launching data on NMViewer,NMViewer: Message error,,,
Software,01/IntelliSpace Portal Solutions/cannot connect,01/IntelliSpace Portal Solutions/cannot connect,,,
Software,"After ISPortal upgrade from V11 to V12.1.7: MR Cardio Perfusion at the point ""Show results"" does not work and the application crashes.","After ISPortal Upgrade from V11 to V12.1.7: MR Cardio Perfusion at the point ""Show results"" does not work",,,
Software,ISP problem,Probl?me ISP,,,
Software,"Dr. M? SANTOS GALLEGO, has problems with the presentation of the series of the studies According to her, since the update was done, the series are out of place.
Please get in touch with her to check it on site.
650719823
THANK YOU.


Pepa",Problems in the presentation of the series,,,
Software,"At the turn on after electrical tests, upon identification it reports critical error. 
Tec. Antonelli is aware of that.",Does not log in,,,
Software,"Issue: Malfunction
Error description: Examination does not arrive in the system
Error message:--
Error occurred on: yesterday and today, 05-05-2023",Investigation does not come into the system,,,
Software,The iron quantification of the liver is not performed correctly.,Does not correctly perform the iron quantification of the hígado,,,
Software,"Mr. Teske via email: Brain perfusion and MR Cardiac do not work, PMT displays error on slave",Slave server does not work,,,
Software,into,ISP12: AVA User created Stent Protocol disappear after few weeks of usage,,,
Software,"Issue: Malfunction
Error description: New device should be added, please call back for support
User for portal management is blocked",User for portal management is blocked,,,
Software,"Unable to connect with Target and on queue manager their is a large list of failed images, but they have gone over","Unable to connect with Target and on queue manager their is a large list of failed images, but they have gone over",,,
Software,User account does not work for a specific person.,Non -functional account problem,,,
Software,"Issue: Malfunction
Error description: The system responds very slowly, only after about 1 minute is something displayed
Error occurred on: 4.5.",System works very slowly,,,
Software,Customer requesting assistance with services restart.  Users are unable to login.,Customer requesting assistance with services restart.,,,
Software,"Issue: Malfunction
Error description: Prof. Wilhelm mentioned that his Lung Nodule CAD software does not work anymore, with which he has been working for a long time. With a view to the server, it was also determined that this function is actually set to disabled - for whatever reason.
Therefore, in the attachment is the old V9.0 key again with the request for another install since the upgrade to 12 won't take place until 2 months from now. Therefore the customer can then work again with CAD in his usual way.

Microsoft Defender does not allow you to download a batch file. Please take care of it briefly, Options/Service KeySearch (philips.com)",Lung nodule cad software no longer works,,,
Software,During the start-up of the processing system it does not start.,Plan processing system does not start,,,
Software,"Following a sudden blackout, the application does not load the interface reporting ""Critical Error"".
Resolution: verified with the support of the customer that time and date of the system were correct. Wrong data are found (it reports April 30, 2012). Corrected the values and asked the customer to restart the PC, at the end of which the problem is solved.",The application does not charge the interface by reporting ? -critical error?,,,
Software,User was unable to measure in vessel analysis,User is having a problem reading CTO vessel analysis,,,
Software,ISP performance,ISP - performance,,,
Software,Add dicom node,Add dicom node,,,
Software,errors in client,errors in client,,,
Software,Wechat:05R/IntelliSpace IX/LX Workstations/Workstation cannot enter the system,Wechat:05R/IntelliSpace IX/LX Workstations/Workstation cannot enter the system,,,
Software,05R/Extended Brilliance Workspace/system report error,05R/Extended Brilliance Workspace/system report error,,,
Software,EBW not switching On,EBW not switching On,,,
Software,"Located precisely at: cabinet 2 2 rue du 18Juin ERMONT 95120 (because several sites)
""Maximum number of patients reached, remove patients from the wire""
Mrs. had swapped with Mr. Jean-Jacques SIMON who told her that it was probably the archiving that was out of service.",MSG of error,,,
Software,SA:05K/IntelliSpace Portal Solutions/AVA can't use,SA:05K/IntelliSpace Portal Solutions/AVA can not use,,,
Software,ISP MR cartilage assessment error,ISP MR cartilage assessment error,,,
Software,into,AVW15 AVA -  Centerline tools malfunctioning -TFS1566234,,,
Software,"Hello

Regarding the setting up of a new PACS for one of our members, would it be possible to declare 2 new network nodes on the Ingenia and on the ISP:
- one for the store: PACS-PARC-STORE
- one for the QR


Archiving: AET : GIEAQ1 /IP: 172.20.0.158 / port: 104
QR Modality: AET: G7QR / IP: 172.20.0.155 / port: 11112

Thanks in advance.
Michel PARET",PACS knots,,,
Software,"Mr. Perfusion studies cannot be opened using the integration from the VUE PACS.
IP: 101181554",MR Perfusion studies are not opened using the integration from the VUE PACS,,,
Software,(24x7) The application is gray when trying to open a study in Portal Santiago,(24x7) The gray application remains when trying to open a study in Portal Santiago,,,
Software,"Dear Helpdesk,

Since yesterday ISP can no longer be reached via the Hostname: p-isp-rng.szal.med
Has something changed here for you?
It can now only be reached via the IP address: 10.82.0.151

 

But this is set up on all stations via Hostname: p-isp-rng.szal.med.
Can you make sure that this works again? 
Otherwise this needs to be adjusted manually per workstation.

Our IMT cannot do anything with this because the management is with you.

I would like to hear from you, 
Thanks in advance.

Sincerely

On behalf of PACS group
Wouter Smits,",Can no longer log in through DNS Record. Via IP address,,,
Software,ISP System is Hanging,ISP System is Hanging,,,
Software,software failing to load database.,software failing to load database.,,,
Software,ISP cuts off by itself every 5/10 minutes on the console.,cut -off problem,,,
Software,EBW HD replaced and having multiple problems,EBW HD replaced and having multiple problems,,,
Software,gastric empty,gastric empty,,,
Software,wechat?SA:05K/IntelliSpace IX/LX Workstations/,wechat?SA:05K/IntelliSpace IX/LX Workstations/,,,
Software,02N/IntelliSpace Portal Solutions/software running slowly,02N/IntelliSpace Portal Solutions/software running slowly,,,
Software,"Dr. Buj cannot start the session.
A notice is issued saying: It is not possible to continue. Another instance of the application is already being executed. 
Please call her 654589644
Thank you

Pepa",Dr. Buj cannot start session in Iportal,,,
Software,Unable to transfer data,Unable to transfer data,,,
Software,Cannot Login,Cannot Login,,,
Software,"The portal is too slow, slow, cannot transfer examinations to the portal.",Trust me with a portal,,,
Software,"Name: HPMONTTRM
IP: 10.7.120.200
AET: hbpmFIR
PORT: 2104",DICOM NODE CREATION,,,
Software,Vessel analysis performance slow  Customer requested restart of services.,Vessel analisys performance slow,,,
Software,Wechat?05R/IntelliSpace Portal Solutions/image transfer problem,Wechat?05R/IntelliSpace Portal Solutions/image transfer problem,,,
Software,SA:05R/IntelliSpace Portal/SW error,SA:05R/IntelliSpace Portal/SW error,,,
Software,Wechat?05K/IntelliSpace Portal Solutions/export,Wechat?05K/IntelliSpace Portal Solutions/export,,,
Software,User report Auto Purge not happen to those study more then 90 days.,"AMI, ISP, Auto Purge Faulty",,,
Software,User report unable modify group info in Portal Management.,"SGH, ISP, Unable Modify Group Info",,,
Software,Virtual Colonoscopy app error,Virtual colonoscopy error,,,
Software,"Problems with DynaCAD v4 data, check whether resolved, together with Ms. Kusch, APP","Problems with dynacad V4 data, prison",,,
Software,The ISP has a blue background.,08CS:FN:ISP???????????,,,
Software,"As part of the monthly patch management, CaseID# 00120745192, it was noticed that hanging jobs are in the queue",Hanging Jobs in der Queue,,,
Software,DICOM sending problem.,DICOM k?ld?si probl?ma,,,
Software,customer reported 32 jobs failed on queue manager for local concerto portal server 2,ISP: failed sessions on queue manager,,,
Software,Aorta measurement - Protocol not visible,Aorta measurement - Protocol not visible,,,
Software,Will not save compressed file.,Saving Post Process Spect,,,
Software,Auto Quant defaults,Auto Quant defaults,,,
Software,ISP cardiac post processing for regurgitation,ISP cardiac post processing for regurgitation,,,
Software,consolidate patient folder,consolidate patient folder,,,
Software,ISP down,ISP down,,,
Software,The processing queue is jamming with dynacad images,ISP12 Queue Manger DynaCad preprocessing sometimes jamming in the queue,,,
Software,05R/IntelliSpace Portal Solutions/sw crash,05R/IntelliSpace Portal Solutions/sw crash,,,
Software,02N/ntelliSpace IX/LX Workstations/cannot login,02N/ntelliSpace IX/LX Workstations/cannot login,,,
Software,05R/IntelliSpace Portal Solutions/one client stuck,05R/IntelliSpace Portal Solutions/one client stuck,,,
Software,Wechat:02N/IntelliSpace Portal Solutions/ can't start up,Wechat:02N/IntelliSpace Portal Solutions/ can not start up,,,
Software,01/IntelliSpace IX/LX Workstations,01/IntelliSpace IX/LX Workstations,,,
Software,Slowness using the ISP interface.,Slowness in the use of the ISP interface,,,
Software,A message appears every time an image is displayed on the ISP.,08CS:HO:ISP??????????????????????,,,
Software,OCAP:05R/IntelliSpace IX/LX Workstations/crash,OCAP:05R/IntelliSpace IX/LX Workstations/crash,,,
Software,"No settlement performed from case ID 0121634197 coming >.

Original case was opened on the wrong equipment

Issue: Malfunction
Error description: After prostate gland examination, no calculation was performed. Permability measurement was output with 00000.
Error message:
Error occurred on: 4.5",No calculation is carried out,,,
Software,"Reported problem: It does not generate volumes in a virtual colonoscopy acquisition.
Location of the equipment: - 
When did the failure happen?: Today
When will the equipment be available for intervention? What is the best day or time?: As soon as possible
Was the equipment in clinical use when the failure occurred?: Yes",It does not generate volumes in an acquisition of virtual colonoscopy,,,
Software,ISP not opening,ISP not opening,,,
Software,"Not all modalities open (MR, X-ray) in ISP application.","not opening all modals (MR, X -ray) in the ISP application.",,,
Software,Problems with save evaluations,Problems to save evaluations,,,
Software,Unable to remote desk to to the server,Unable to remote desk to to the server,,,
Software,User settings are no longer available,User settings are no longer available,,,
Software,Machine is opening very slow and running slow and hanging,Machine is opening very slow and running slow and hanging,,,
Software,into,ISP12:Remove CT ASPECT from preference,,,
Software,"User preferences Sync is not working with 12.1.6.  Requires SP003. 
The patient DB is not syncing across all Portal servers.  Patient data on ISP 5 is not available on ISP server 1 etc.",User preferences Sync is not working with 12.1.6.  Requires SP003.,,,
Software,into,ISP 12.1.8_SMGOP : 'Bug Rep' while clicking on HELP option in Spectral Magic Glass on PACS Viewer (Windows issues),,,
Software,"Support for Thanh Vuong together with Ms. Kusch, Application",MR Cardiac crash when activating the Baseline Correction,,,
Software,ISP: unreachable for local users,ISP: unreachable for local users,,,
Software,"need assistance putting information in correct patient folder *Location Change* equipment is located at S Carlin Springs Rd 611 Arlington, VA 22204 (acct# 0094243487)",need assistance putting information in correct patient folder *Location Change* equipment is located at S Carlin...,,,
Software,VIP-IMSS-CLIENT-IT DOES NOT POWER ON AND THE FANS ARE ON,VIP-IMSS-client-no,,,
Software,Server is hung user requesting a restart,Server is hung user requesting a restart,,,
Software,ISP client: error message on workstation,"ISP11 Corridor4DM show error when using ""Screen Capture"" function on client workstation after installing MS KB5025221",,,
Software,IT DOES NOT START SESSION. WHEN ENTERING WITH THE CREDENTIALS IT STARTS TO LOAD BUT IT CLOSES IMMEDIATELY AGAIN.,NO INICIA SESI?N. AL INGRESAR CON LAS CREDENCIALES COMIENZA CARGAR PERO SE VUELVE A CERRAR DE INMEDIATO.,,,
Software,Will not connect to server,Will not connect to server,,,
Software,01/IntelliSpace Portal Solutions/can't login ISP correctly,01/IntelliSpace Portal Solutions/can not login ISP correctly,,,
Software,SA:05R/Extended Brilliance Workspace/software bootup hanged up,SA:05R/Extended Brilliance Workspace/software bootup hanged up,,,
Software,into,ISP12 CAAS 4D Flow crashes few moments after open,,,
Software,Unable to view Patient Data getting network error,Unable to view Patient Data getting network error,,,
Software,Wechat?02N/ISP/Software failure,Wechat?02N/ISP/Software failure,,,
Software,05R/IntelliSpace Portal Solutions/data space,05R/IntelliSpace Portal Solutions/data space,,,
Software,01/IntelliSpace IX/LX Workstations/bugreport collect prompt,01/IntelliSpace IX/LX Workstations/bugreport collect prompt,,,
Software,Frequent software crashes during mapping reprocessing.,Software crash during reworking mapping,,,
Software,"Hello
Some studies are not sent to the local memory of the Portal and they cannot be processed, we tried to send them to the Demo folder or to the 1111 folder (created for these incidents) and there are sequences that do not arrive.",We do not pass to Portal from the RM,,,
Software,Problems processing breasts,BREAST PROCESSING PROBLEMS,,,
Software,"On one of the servers (ISP2) of the ISP in the queue, there are more than 17,000 cases.",Full queue,,,
Software,"After voltage changes today it does not start.
 The system does not work.",Today does not start,,,
Software,The session closes by itself when connected.,The session closes,,,
Software,The equipment is slow when receiving exams.,The equipment is lent to receiving exams,,,
Software,"Cannot find authentication sources, impossible to connect.",Unable to connect,,,
Software,"Via Ms. Kusch, App. on site: Preprocessings do not run, fm ""too little working memory""",VM has too little RAM,,,
Software,customer reported that a local user cannot access ISP,ISP unreachable,,,
Software,Error shown on images coming from Magneton scanners. Customer would like to know if there are any recent changes with ISP.,Error shown on images coming from Magneton scanners,,,
Software,05R/Extended Brilliance Workspace/add the node,05R/Extended Brilliance Workspace/add the node,,,
Software,01/IntelliSpace IX/LX Workstations/add dicom node,01/IntelliSpace IX/LX Workstations/add dicom node,,,
Software,05R/IntelliSpace IX/LX Workstations/film error,05R/IntelliSpace IX/LX Workstations/film error,,,
Software,01/IntelliSpace Portal Solutions/add the node,01/IntelliSpace Portal Solutions/add the node,,,
Software,"Portal running very slow, customer called asking to restart services as the portal is running very slow",Portal running very slow,,,
Software,Unable to transfer image,Unable to transfer image,,,
Software,"The Function Corridor4DM Cannot Save Screen Captures To The Database, From Where They Are Normally Send To Pacs.
ERROR MESSAGE: ""The Parameter Is Incorrect""

Original Text:
Function ""Corridor4DM"" can no longer save screencaptures in the Intellispace database (from which they are usually sent to PACS). Does all heart perfusion undercuts on the department. The error is that Corridor4DM interrupts with ""The Parameter Is Incorrect"".
The problem has been seen on more patients and different PCs and with different data sources. 
Markus Nowak Lonsdale (markus.nowak.lonsdale@regionh.dk), Bispebjerg Hospital, Clinical Physical Food.",Function Corridor4DM cannot save screen captures,,,
Software,WeChat?02N/IntelliSpace IX/LX Workstations/install sw pack,WeChat?02N/IntelliSpace IX/LX Workstations/install sw pack,,,
Software,cant send patient from CT to ISP,cant send patient from CT to ISP,,,
Software,"Issue: Malfunction
Error description: Apparently there are problems with the JetPack and Windows updates on the ISP clients.
We automatically update all the client PCs according to company specifications.
A location writes:
""[...] Currently we have problems with JetPack in the NM. The culprit here is the below KB from Microsoft. A temporary uninstalling helps, only the central WSUS installs that again immediately.""
We cannot selectively have the Installbase on ISP clients excluding any Windows updates.
What can one do there? How can the locations concerned be helped?",Windows Update compromises clients regarding jetpack,,,
Software,SA:01/IntelliSpace Portal Solutions/client cannot login,SA:01/IntelliSpace Portal Solutions/client cannot login,,,
Software,"As part of the monthly patch management, CaseID# 0120740840, it was noticed that hanging jobs are in the queue",Hanging Jobs in der Queue,,,
Software,SA:05R/IntelliSpace IX/LX Workstations//Need add node,SA:05R/IntelliSpace IX/LX Workstations//Need add node,,,
Software,Dynaloc - Bug persistence that does not allow to make automatic calculation of the coordinates in Biopsies.,Dynaloc - Error in the coordinates in biions,,,
Software,into,ISP12 PMT In IX workstation no IT_admin Windows authentication or avoid password expire options so it may be forgotten,,,
Software,"It has been having problems for several days to access the Philips Portal.
Location: Hospital complex in Navarra",It has several days with problems to access the Philips portal.,,,
Software,Software initialization failure,FAILURE IN SOFTWARE INITIATION,,,
Software,"Reported problem: Cardiologists cannot access with their user.
Location of the equipment: Radiodiagnostics
When did the failure happen?: For a couple of days
When will the equipment be available for intervention? What is the best day or time?: As soon as possible
Was the equipment in clinical use when the failure occurred?: Yes",Cardiologists cannot enter with your user,,,
Software,patient exam got deleted,patient exam got deleted,,,
Software,Hanging jobs in the queue,Hanging Jobs in der Queue,,,
Software,"Dr. Revilla cannot measure pulmonary nodubles in the iportal. 
Spoke with Marcos
IP 10.35.53.153
Thank you",Dra Revilla cannot use an application of the Iportal,,,
Software,"Hello 
The CPU of an equipment has been merged with a new one and we need to use the Portal in that equipment as soon as possible,

Thanks a lot",We request to install portal on a computer,,,
Software,02N/IntelliSpace IX/LX Workstations/adjust time,02N/IntelliSpace IX/LX Workstations/adjust time,,,
Software,05R/IntelliSpace IX/LX Workstations/software hanged up when image load,05R/IntelliSpace IX/LX Workstations/software hanged up when image load,,,
Software,Auto-delete not working. Portal shows 1% free space after customer delelted studies. Patient directory only showing 23 studies when it is supposed to show over a thousand.,Auto-delete not working,,,
Software,Wechat:SA:01/IntelliSpace Portal Solution/SW error,Wechat:SA:01/IntelliSpace Portal Solution/SW error,,,
Software,"Issue: Malfunction
Error description: Jet pack was deleted, possible again in connection with Windows update
Error message: the following error was encountered: an unable to copy file source file: C:/jetpack/ebwdicomout/0...
Error occurred on: 12.05.23 07.30Uhr",Jet Pack has been done,,,
Software,01/IntelliSpace IX/LX Workstations/Elite China/add node,01/IntelliSpace IX/LX Workstations/Elite China/add node,,,
Software,Remote service was checked.,Control VZD?len?ho service,,,
Software,Unable to copy data in EBW software,Unable to copy data in EBW software,,,
Software,"Located precisely at: cabinet 2 2 rue du 18Juin ERMONT 95120 (because several sites)
""Maximum number of patients reached, remove patients from the wire""
Mrs. had swapped with Mr. Jean-Jacques SIMON who told her that it was probably the archiving that was out of service.
The problem persists.",Continuation of file 0121625734,,,
Software,wechat?SA:05K for IB/IntelliSpace IX/LX Workstations/software crash,wechat?SA:05K for IB/IntelliSpace IX/LX Workstations/software crash,,,
Software,ISP system is not switching On,ISP system is not switching On,,,
Software,Advanced processing software ISP Portal blocked.,Poste elaboration software ISP blocked portal.,,,
Software,Application is not opening,Application is not opening,,,
Software,A problem with sending an examination from the disc to the PACS server.,Problem with the examination of the test with the pacs server,,,
Software,"Via M. Kusch, ICAP application, by email, problems with the evaluation of previous images from the long-term archive > If the customer gets data (2020) from the PACS, then they arrive as raw data","If the customer gets data (2020) from the PACS, then they arrive as raw data",,,
Software,"Very slow on one of the stations, the one ""doctor"", not on the other one.",PB slow post,,,
Software,Need work list cleaned to prevent bug report,Need work list cleaned to prevent bug report,,,
Software,"The navigation of the reconstruction is very slow, to the point that it blocks completely for about a minute and then it restarts, but however at reduced speed. He is forced to forcely close the software from Windows activity management.",Slowness use Intellispace.,,,
Software,"Unable to use IntelliSpace Portal. Error message ""Certificate Error, no certificate found.""","Unable to use IntelliSpace Portal. Error message ""Certificate Error, no certificate found.""",,,
Software,Data transfer failed in Clint computer,Data transfer failed in Clint computer,,,
Software,Error message cannot continue lost  connection.,Error message cannot continue lost  connection.,,,
Software,"ISP/PACS integration - MGOP
Second meeting with the customer - NovaRAD PACS administrator will join the call.
URL String has been provided from Philips side. PACS Admin to configure settings on their end.",ISP/PACS integration - MGOP,,,
Software,Customer reported an issue on Comp Cardiac app where black pictures are appearing in the middle of some series,Issue to load MRN3280700 on Comp Cardiac app: black pictures,,,
Software,Race is not auto populate,New Template for Coronary Studay,,,
Software,EBW not accepting data.,0711CDN83 EBW not accepting data.,,,
Software,Unit just Launched - Lost Options/ Settings,Unit just Launched - Lost Options/ Settings,,,
Software,IT DOES NOT ALLOW TO DELETE STUDIES,It does not allow to delete studies,,,
Software,"Crash with ""database rebuild"" error, customer called and saved a bug report for analysis","Crash with ""database rebuild"" error",,,
Software,WECHAT:02N/IntelliSpace IX/LX Workstations/add the node,WECHAT:02N/IntelliSpace IX/LX Workstations/add the  node,,,
Software,02N/IntelliSpace IX/LX Workstations/add DICOM node,02N/IntelliSpace IX/LX Workstations/add DICOM node,,,
Software,05R/IntelliSpace IX/LX Workstations/system hanged up when image load,05R/IntelliSpace IX/LX Workstations/system hanged up when image load,,,
Software,02N/IntelliSpace Portal Solutions/stuck,02N/IntelliSpace Portal Solutions/stuck,,,
Software,The ISP client logs out after a while.,01DS:KK:ISP????????????????????????????,,,
Software,05R/Extended Brilliance Workspace/Software failure,05R/Extended Brilliance Workspace/Software failure,,,
Software,sw not opening,sw not opening,,,
Software,CANNOT ACCESS THE ISP,NO SE PUEDE ACCEDER AL ISP,,,
Software,Emory cardiac  toolbox will not load.,Emory cardiac  toolbox will not load.,,,
Software,Users unable to login,Users unable to login,,,
Software,"It doesn't show the CT Query list, it displays a query error.",Estación does not allow CT to be done,,,
Software,"There's an error when  user opens the cardiac, and not allow user to do the case. Error: ""Cannot find the slice on the global portal"".","EOS ""There's an error when  user opens the cardiac, and not allow user to do the case. Error: ""Cannot find the slice...",,,
Software,Issues logging in / Error Message - Unable to find slice global on portal server,Issues logging in / Error Message - Unable to find slice global on portal server,,,
Software,THE COMPUTER DOES NOT ALLOW TO ENTER THE ACCOUNT,The computer does not allow you to enter the account,,,
Software,02N/IntelliSpace IX/LX Workstations/SW error,02N/IntelliSpace IX/LX Workstations/SW error,,,
Software,SA:05K/IntelliSpace Portal Solutions/Cannot enter software,SA:05K/IntelliSpace Portal Solutions/Cannot enter software,,,
Software,05K/IntelliSpace IX/LX Workstations/Consult DTI ratation function,05K/IntelliSpace IX/LX Workstations/Consult DTI  ratation function,,,
Software,"After restarting, the monitor was full of sand until he went to the password entry screen.",08cs: Ka: ?????????????????????????????????,,,
Software,"When cardiac data is loaded, an error message ""ECG tab control..."" appears and a button appears to see if an error is sent or not.",01CS:KK:???????????ECG tab control????????????????????????????????????,,,
Software,"Cannot transfer data from the ISP computer (it is in the ""waiting"" state).",05DS:HO:ISP????????????????(waiting????,,,
Software,05R/IntelliSpace IX/LX Workstations/crash,05R/IntelliSpace IX/LX Workstations/crash,,,
Software,Appliction/IntelliSpace Portal Solutions,Appliction/IntelliSpace Portal Solutions,,,
Software,PMT does not allow any configurations,PMT does not allow configurations,,,
Software,Users cannot log in,Users cannot log in,,,
Software,into,ISP12 sCTV crash when attempting to set HU for CaSupp result and then mouse click it OK when press Enter,,,
Software,05R/Extended Brilliance Workspace/Software failure,05R/Extended Brilliance Workspace/Software failure,,,
Software,WeChat?05R/Extended Brilliance Workspace/The system Error,WeChat?05R/Extended Brilliance Workspace/The  system  Error,,,
Software,ISP software is not opening,ISP software is not opening,,,
Software,02N/IntelliSpace Portal Solutions/client cannot connect,02N/IntelliSpace Portal Solutions/client cannot connect,,,
Software,WeChat?05R/IntelliSpace Portal Solutions/ SW error,WeChat?05R/IntelliSpace Portal Solutions/ SW error,,,
Software,05K/IntelliSpace Portal Solutions/SW problem,05K/IntelliSpace Portal Solutions/SW problem,,,
Software,WeChat?05K/Upgrades IntelliSpace IX/LX WrkStns//connect fail,WeChat?05K/Upgrades IntelliSpace IX/LX WrkStns//connect fail,,,
Software,"Since 10:00 this morning, cannot transfer the examinations from the work console anymore.",transfer problem,,,
Software,RMSE:02N/IntelliSpace IX/LX Workstations/Modify system settings,RMSE:02N/IntelliSpace IX/LX Workstations/Modify system settings,,,
Software,A message is displaying on the UPS about replacing the battery.,MY:ISP_9.0.4:UPS????????????????????,,,
Software,ISP not booting,ISP not booting,,,
Software,Dynacad Software not opening,Dynacad Software not opening,,,
Software,WeChat?05R/IntelliSpace Portal Solutions/cann't login,WeChat?05R/IntelliSpace Portal Solutions/cann't login,,,
Software,02N/IntelliSpace IX/LX Workstations/add DICOM,02N/IntelliSpace IX/LX Workstations/add DICOM,,,
Software,"Issue: Malfunction
Error description: ISP in Cologne Rodenkirchen does not load analyses completely
Error message:--
Error occurred on: ---
Contact person: Sandra Hinz
Application support PACS/application trainer
IT MEDICINE
Phone +49 (0) 214 31205-479
Email: Sandra.Hinz@med360grad.de",ISP in K?ln Rodenkirchen does not complete analyzes,,,
Software,into,ISP12 CAAS doesn't open correctly on vertical diagnostic monitor,,,
Software,"It is too slow when executing tools, ISP services are restarted and it improves.
We have had to restart continuously for a while, the problems with slowness
Appear since the slave server installation.","Too much slowness when executing tools, ISP services restart and improve.",,,
Software,into,ISP12: DynaCad load cases very slow,,,
Software,05R/Ingenia 3.0T/add DICOM,05R/Ingenia 3.0T/add DICOM,,,
Software,into,ISP12 DynaCAD crashes when using 3D segmentation tool on a big lesion (>100mm),,,
Software,into,ISP12/Serviceability/IOT:,,,
Software,Application crashes with PACS workstation with 5 monitors.,Application takes off at the PACS workplace with 5 monitors.,,,
Software,"Cannot log in to Concerto if using port 443, even though the port is open.",Log in issues,,,
Software,"It does not connect to the server. Message: ""Server not available, contact support"". It happened when moving the equipment, they tried to connect it but it does not connect 

Location of the equipment: Floor -1
When did the failure happen?: Today
When will the equipment be available for intervention? What is the best day or time?:
Was the equipment in clinical use when the failure occurred?: Yes","It does not connect to the server. Message: ""Server not available, contact support""",,,
Software,"Caution: This e-mail originated from outside of Philips, be careful for phishing. 

Best

We see in our monitoring system that IntelliSpace Portal is frequently not accessible via the network.
It mainly is bldisp (virtual server), bldispm01 (master) and bldispb01 (backup). The slave and test server do not have these problems.

We see in the event viewer on the servers no errors/warnings that explain the failures.
Nor is it a restart (the uptime on the servers is longer than the moments where the failure was).
Network management of the UMC indicates that they see no errors/failures on the network connections of the servers.

In the attachments screenshots from our monitoring program.

Does Philips have any idea what could cause this?

Sincerely

Tim Polman

 

ICT employee | Division Image, Technical Cluster Radiology
University Medical Center Utrecht | Room number E01.3.33 | P.O. Box 85500 | 3508 GA UTRECHT
T: +31 88 75 632 31 | T: +31 88 75 673 99 | www.umcutrecht.nl

________________________________________
The information contained in this message may be confidential and is exclusively intended for the addressee. If you receive this message unjustly, you are requested not to use the contents and inform the sender immediately by returning the message. The University Medical Center Utrecht is a public legal person within the meaning of the W.H.W. (Law Higher Education and Scientific Research) and is registered with the Chamber of Commerce for Mid-Netherlands under no. 30244197. 
Please consider the environment before printing this e-mail. 
________________________________________
This message may contain confidential information and is intended exclusively for the addressee. If you receive this message unintentionally, please do not use the contents but notify the sender immediately by return e-mail. University Medical Center Utrecht is a legal person by public law and is registered at the Chamber of Commerce for Midden-Nederland under no. 30244197. 
Please consider the environment before printing this e-mail.",Sometimes no connection with ISP Server,,,
Software,Customer reported that Queue Manager has too many entries on waiting status on sa1462v.,Queue Manager has too many entries on waiting status on sa1462v,,,
Software,Portal freezes when user tries to launch it,Portal freezes when user tries to launch it,,,
Software,"Moving slowly, staff restarted system still moving slow.","Moving slowly, staff restarted system still moving slow.",,,
Software,Customer needs new user added to the Portal,Customer needs new user added to the Portal,,,
Software,"As part of the monthly patch management, CaseID# 0119715991, it was noticed that hanging jobs are in the queue",Hanging Jobs in der Queue,,,
Software,Network card configuration correction,Network Card configura?o,,,
Software,"User preferences Sync is not working with 12.1.6.  Requires SP003. 
Same as the Franciscan Alliance, after some work was done, the patient DB is not syncing across all Portal servers.  Patient data on ISP 3 is not available on ISP server 1 etc.",User preferences Sync is not working with 12.1.6.  Requires SP003.,,,
Software,Configuration of the network card,Configura??o do network card,,,
Software,Dicom configuration,Configura??o dicom,,,
Software,ERROR MESSAGE: COPYING RECENTLY ADDED DEVICES WILL NOT WORK DUE TO A PROBLEM WITH THE INTERNAL SOFTWARE SERVICE.,Error message: The copy to the newly worked devices will not work due to a problem with the service ...,,,
Software,INTELLISPACE APPLICATION DOES NOT ENTER,Intellispace application does not enter,,,
Software,ISP - 3D RecONSTRUCIN,ISP - 3D RecONSTRUCIN,,,
Software,05L/ISP/cannot login,01/ISP/cannot login,,,
Software,05R/IntelliSpace Portal Solutions/System stuck,05R/IntelliSpace Portal Solutions/System stuck,,,
Software,ISP server not functioning,ISP server not functioning,,,
Software,02N/IntelliSpace IX/LX Workstations/can't delete patient data,02N/IntelliSpace IX/LX Workstations/can not delete patient data,,,
Software,"The device displays a message: the maximum number of patients is reached, remove patients from the film.",The device displays a message,,,
Software,Appliaction/IntelliSpace IX/LX Workstations,Appliaction/IntelliSpace IX/LX Workstations,,,
Software,05R/IntelliSpace IX/LX Workstations/need onsite connect PACS,05R/IntelliSpace IX/LX Workstations/need onsite connect PACS,,,
Software,SA?01/Extended Brilliance Workspace//system too slow,01/Extended Brilliance Workspace//system too slow,,,
Software,02N/IntelliSpace IX/LX Workstations/cannot login,02N/IntelliSpace IX/LX Workstations/cannot login,,,
Software,"Caution: This e-mail originated from outside of Philips, be careful for phishing. 

Good morning support,

It strikes me that the auto-delete function on the server does not work well. Can you take a look at this?
 

 

 

If I can support something, please let me know!

Thanks in advance,
Regards Kyra

On behalf of Maastricht UMC+: 
___________________________________________
Kyra van Eijsden
Application specialist Imaging & Employee Peer Support 

Service company Medical instrumentation and information technology (MIT)
Visiting address: P. Debyelaan 25 | 6229 HX Maastricht 
Location: MUMC+ | Level 1, room 1.E1.053
Mailing address: Postbus 5800 | 6202 AZ Maastricht
Maastricht UMC+ is a trade name of azM, KvK no.:14124959
 
E kyra.van.eijsden@mumc.nl | T +31 (0) 43-3874083 | M +31 (0) 6-82336300
I www.mumc.nl | www.gezondidee.mumc.nl
Follow us on twitter, Facebook and linkedin

________________________________________
This e-mail and any attachments may contain confidential or privileged information and is intended for the addressee only. If you are not the intended recipient, please immediately notify us by e-mail or telephone and delete the original e-mail and attachments without using, modifying or reproducing its contents to anyone other than the intended recipient. The Maastricht UMC+ shall not be liable for the incorrect or incomplete transmission of this e-mail or any attachments, nor for unauthorized use by its employees. 
________________________________________",Autodelete PWIPIP1901,,,
Software,Login problems.,Bejelentkez?si probl?m?k,,,
Software,Error when starting the session.,Error at the beginning of session,,,
Software,"Hello all.

 

Could you please open a new ticket since the previous one is more than two weeks old

My IT department said access to the ISP server is now back to normal, could you check the server again?

 

Regards,

Walter Yassuda",ISP - Hermitage - ISP server not working,,,
Software,"Several sessions are possible, they all open except for one",PB Session opening,,,
Software,Via Mr. Euler: Processing for brain perfusion does not work correctly,Processing for brain perfusion does not work properly,,,
Software,"MEASUREMENT ERRORS, NEED TO CHANGE THE VERSION","Measurement error, you have to change version",,,
Software,"Dr. Gr?fe also via email:
4.	If I display the status of the ISP server under Windows, I get an error message: Server time not synchronous, inform local IT department. Maybe someone could also take care of it in this context.",Time not synchronous,,,
Software,Customer is requesting to investigate some anonymized data source,Investigate anonymized data source in ISP,,,
Software,"Hi, we are having a problem with sending MR pictures from MR modalities to the ISP 12 server.",Problem with sending MR Pictures from MR modalities to ISP 12 server.,,,
Software,NO ACCESS TO THE PROGRAM,No access to the program,,,
Software,Can?t adjust monitor settings,Can?t adjust monitor settings,,,
Software,"THE APPLICATION WHERE THE STUDIES CAN BE VIEWED DOES NOT OPEN, AN ERROR APPEARS ON THE SCREEN","Does not open the application where studies can be visualized, an error on the screen appears",,,
Software,"lagging issues , going extremely slow 10.246.128.144","lagging issues , going extremely slow 10.246.128.144",,,
Software,Unable to connect will like to know if Philip server is down,Unable to connect will like to know if Philip server is down,,,
Software,ISP not working,ISP not working,,,
Software,05R/IntelliSpace Portal Solutions/client cannot log in,05R/IntelliSpace Portal Solutions/client cannot log in,,,
Software,02G/IntelliSpace Portal Solutions/image cannot open at client,02G/IntelliSpace Portal Solutions/image cannot open at client,,,
Software,Wechat:05R/IntelliSpace Portal Solutions/client stuck,Wechat:05R/IntelliSpace Portal Solutions/client stuck,,,
Software,05R/IntelliSpace IX/LX Workstations/crash,05R/IntelliSpace IX/LX Workstations/crash,,,
Software,SA?05R/Extended Brilliance Workspace/network issue,SA?05R/Extended Brilliance Workspace/network issue,,,
Software,Software Problem,Software Problem,,,
Software,escalation/IntelliSpace Portal Solutions,escalation/IntelliSpace Portal Solutions,,,
Software,Wechat:05R/Extended Brilliance Workspace/add node,Wechat:05R/Extended Brilliance Workspace/add node,,,
Software,Connection failure in the ISP IntelliSpace Portal Solutions SMC Davila client application,Connection defect in the client application of ISP Intellispace Portal Solutions SMC Davila,,,
Software,ISP portal crashes regularly several outages of ten seconds and it comes back problem with the server?,isp portal plant reguli?rement,,,
Software,Needs update on dicoms.,9599CFXT5 NNN ISP New Query Retrieve for PACS,,,
Software,It gave an error when starting and it does not generate tab,gave error in the start and do not generate tab,,,
Software,Unable to launch NeuroQ,Unable to launch NeuroQ,,,
Software,Unable to open Dynacad on client,Unable to open Dynacad on client,,,
Software,Cannot launch system,Cannot launch system,,,
Software,"Error ""bug type in the EBW""","ERRO ""BUG NO EBW"" Type",,,
Software,Failure when searching for exams,Failure when seeking exams,,,
Software,customer reported that server .251 is not accepting connections,ISP concerto: cannot retrieve authentication source,,,
Software,user unable to process Simens MR images,user unable to process Simens MR images,,,
Software,"Issue as described by the customer:
New problem with ISP ? never seen this one before. Need to contour LV to do quantitative analysis. For some reason, the basal half of the SA cine stack does not come up in the analysis tool (i.e. only the apical half of the LV loads). This is despite the fact that the app shows that all images are present. As a consequence, the software auto-contours the spleen. Is there anyone who can provide immediate assistance? This patient has a myocardial infarction and I need to finalize the case asap.


In the meantime, I will try to contact the techs and have them resend to ISP, however, all the images appear to be there (see snips attached):",MR Cardiac Issue - Auto contouring spleen,,,
Software,He logged in using the wrong password and it was locked.,05CS:HO:login???????????????????,,,
Software,WECHAT:01/IntelliSpace IX/LX Workstations//software crash,WECHAT:01/IntelliSpace IX/LX Workstations//software crash,,,
Software,05R/IntelliSpace Portal Solution/client cannot boot up,05R/IntelliSpace Portal Solution/client cannot boot up,,,
Software,"There are error studies in the ISP queues, which causes slowness when importing studies. Hospital de Ourense 
The tunnel is already enabled until 8:00 p.m. to check the incident.","There are studies in error in ISP tails, which causes slowness when importing studies.",,,
Software,PSA does not work,PSA does not run,,,
Software,The portal does not work well.,The portal is going wrong,,,
Software,05R/IntelliSpace IX/LX Workstations/copy patient data,05R/IntelliSpace IX/LX Workstations/copy patient data,,,
Software,Unable to transfer to ISP,Unable to transfer to ISP,,,
Software,05R/Extended Brilliance Workspace//system auto reboot,05R/Extended Brilliance Workspace//system auto reboot,,,
Software,"We have detected that 5 users cannot access the application and they cannot change or modify the password 12345678. We do not know the reason, maybe they did not modify the password at the time. It is possible to assign one again. They are the following:
DGIL
MPRIETO
AMALETM
CCANO
FNOVELL
AFRAMIS
FBOSCH
EBALLESTEROS
CONSOLE
Thanks a lot",Contrase?a Portal.,,,
Software,The vascular function isn't working.,Vascular function? not to work,,,
Software,Workstation has no connection,Workstation sem conex?o,,,
Software,Configure PACS node,Configure PACS node,,,
Software,User error,User error,,,
Software,Error downloading and slowness retrieving studies to the Portal,Download and slow error recovering studies to the portal,,,
Software,TRYING FROM TRANSFER PACS TO THE PORTAL,TRYING FROM TRANSFER PACS TO THE PORTAL,,,
Software,Secondary Server not syncing with Master Server,ISP12 PD master/slave folder doesn't sync because MS password 14 character length policy,,,
Software,"You need a send destination to Rad partners,
See the destination information on the PHI Field","You need a send destination to Rad partners,",,,
Software,customer states the system is just down,customer states the system is just down,,,
Software,Location archive versus location ISP,ISP Hanging Protocol Fail,,,
Software,12.1 out of memory error,12.1 out of memory error,,,
Software,ISP - studies not transfering to PACS,ISP - studies not transfering - Autoquant settings missing,,,
Software,ISP system is hanging and low memory error appearing,ISP system is hanging and low memory error appearing,,,
Software,01/IntelliSpace Portal Solutions/consult system information,01/IntelliSpace Portal Solutions/consult system information,,,
Software,SA:05R/IntelliSpace Portal Solutions/Client login failure,SA:05R/IntelliSpace Portal Solutions/Client login failure,,,
Software,"We need that when a patient is anonymized, the radiologist's name does not appear in DICOM INFO.
We have checked that it seems to be in the group 0X07A3
Spoke with Marcos.",Anonymity patient in the Iportal,,,
Software,"It blocks at the start-up.
Radiology (CAT Reporting Room).",It blocks the ignition.,,,
Software,"Mr. Perfusion studies cannot be opened using the integration from the VUE PACS.
Location: Doce de Octubre Hospital","When loading ancient studies not present in portal with integration, they are not chronological with those that ...",,,
Software,ISP system is not booting up,ISP system is not booting up,,,
Software,"Heart evaluation cannot be completed, error message ""there appears to be a problem..."" is displayed > system hangs, evaluation disappeared;

""<Message>
<ID>00000000-0000-0000-0000-000000000000</ID>
<Date>2023-05-12 11:50:49.18</Date>
<Text> error while reading from an IPC port: The pipe was terminated.""",ISP: Problems with heart evaluation,,,
Software,"System getting Auto off , not able to boot","System getting Auto off , not able to boot",,,
Software,"Check the node configuration.
It appears in the error ""destination device is not valid"" when sending from the workstation.
Node data: DIPCAN - IP: 10.2.100.7 - Port: 104 - AE: CONQUESTSRV1",Check the node configuration.,,,
Software,ISP - PACS integration issues,ISP - PACS integration issues,,,
Software,VIP-IMSS-CLIENT-THE FAILURE IS THAT THE WORKSTATION IS CONSTANTLY JAMMING AND THE COMPUTER MUST BE RESTARTING,VIP-IMSS-CLIENTE- LA FALLA ES QUE LA ESTACI?N DE TRABAJO SE EST? TRABANDO CONSTANTEMENTE Y LA COMPUTADORA SE TIENE...,,,
Software,05R/Extended Brilliance Workspace/software crash,05R/Extended Brilliance Workspace/software crash,,,
Software,Main board server is not functioning,Main board server is not functioning,,,
Software,into,ISP12 MR-Cardiac data from Siemens is split in multiple lines,,,
Software,05R/IntelliSpace Portal Solutions/client,05R/IntelliSpace Portal Solutions/client,,,
Software,"Since this morning, impossible to connect with the usual identifiers and to recover the identification sources.",Unable to connect,,,
Software,05R/Extended Brilliance Workspace/cann't reconstruct image,05R/Extended Brilliance Workspace/cann't reconstruct  image,,,
Software,"Issue: Malfunction
Error description: Customer cannot log in.
Error message as image in the attachment.

Error message: 
The referenced account is currently locked out and may not be logged on to

Contact:
lucas.lodder@mariahilf.de
+4921618924481",Customer cannot log in,,,
Software,"Hello

ISP is failing to launch from multiple clients across the Trust.  Please can you investigate

To add detail - pacs integration does not find studies, stand alone application finds study list but freezes when we attempt to open one 

Thanks
Richard",ISP - Barts - ISP Issues Barts Health,,,
Software,Customer requested Philips support to troubleshoot an event in ISP-TAVR application. A meeting was scheduled to May24th afternoon.,ISP-TAVR app troubleshooting,,,
Software,05R/IntelliSpace Portal Solutions/Loggin failt,05R/IntelliSpace Portal Solutions/Loggin failt,,,
Software,into,ISP12 IX user is logged out of windows after 10 minutes while still logged in to ISP,,,
Software,Customer reported issues to load study MRN3001426328 on TAVR,Issue to load study on ISP-TAVR app,,,
Software,Needs help with HeartbeatCS application on ISP,Needs help with HeartbeatCS application on ISP,,,
Software,02N/IntelliSpace IX/LX Workstations/display no signal,02N/IntelliSpace IX/LX Workstations/display no signal,,,
Software,"Studies failing to transfer to DynaCAD with error ""Patient not available"". Raised by clinical apps specialist.","Studies failing to transfer to DynaCAD with error ""Patient not available""",,,
Software,The cursor on the computer not working,Cursor not working,,,
Software,Wechat:01/IntelliSpace IX/LX Workstations/System error,Wechat:01/IntelliSpace IX/LX Workstations/System error,,,
Software,Wechat:01/IntelliSpace IX/LX Workstations/System error,Wechat:01/IntelliSpace IX/LX Workstations/System error,,,
Software,"The printer lost the connection, and it does not print.","The printer has lost the connection, and does not print.",,,
Software,01/IntelliSpace Portal Solutions/Customer Consultation,01/IntelliSpace Portal Solutions/Customer Consultation,,,
Software,Analysis crashes during thyroid evaluation,Analysis stops in the case of thyroid evaluation,,,
Software,02N/IntelliSpace Portal Solutions/client login failed,02N/IntelliSpace Portal Solutions/client login failed,,,
Software,The device displays message: all the portal resouces are used.,The device displays a message,,,
Software,"The studies are sent from the resonance without any failure, but they are not in the Portal","The studies are sent from the resonance without failure, but they are not in the portal",,,
Software,ISP not functioning,ISP not functioning,,,
Software,into,ISP12 IX user is logged out of windows after 10 minutes while still logged in to ISP,,,
Software,"Dear Helpdesk, 

we have problem with our new installed system, compare on two displays did not working. 

System is ISP V 12.1.7 server version, client is connecting with WIN11, two diagnostic monitors are used - one is 31,5 inch 8MPX resolution 3840x2160, second one is 24inch 2MPX 1920x1200

when i open client and click set monitors it shows me that i have set one diagnostic and one administrative display, on smaller display shows directory and images are on big display, i can use compare function on one display but cant compare on two displays. I tried set in properties>compatibility> high resolution settings according manual but this not helped, 


only if i set same resolution for both displays this option works, but looks very bad so small resolution on big display

its possible some way use this function for displays with different resolution ?

attached screenshots for better understand

thank you","InteliSpace Portal, SN 707119",,,
Software,customer reported issues to reach server number 3,ISP server 3 unreachable,,,
Software,No internet connection even after replacing ethernet cord,No internet connection even after replacing ethernet cord,,,
Software,Impossible to create local user in PMT.,Impossible to create local user in PMT.,,,
Software,"WHEN THE APPLICATION IS ACCESSED, A MESSAGE APPEARS: (A CRITICAL ERROR HAS OCCURRED, STARTING LOG-OUT PROCESS).","When the application is entered, a message comes out: (Critical error has occurred, Starting log-out process).",,,
Software,"Moved station to a different room, now getting error message stating logging out  and the system  logs out and battery power is low and would you like to continue or not","Moved station to a different room, now getting error message stating logging out  and the system  logs out and...",,,
Software,THE EQUIPMENT FAILURE IS THAT THE IMAGES ARE NOT UPLOADED TO THE HOSPITAL'S PACS,THE EQUIPMENT FAILURE IS THAT THE IMAGES ARE NOT UPLOADED TO THE HOSPITAL'S PACS,,,
Software,05R/Extended Brilliance Workspace/Image transmission failure,05R/Extended Brilliance Workspace/Image transmission failure,,,
Software,05R/IntelliSpace Portal Solutions/software crash,05R/IntelliSpace Portal Solutions/software crash,,,
Software,01/IntelliSpace IX/LX Workstations/software crash,01/IntelliSpace IX/LX Workstations/software crash,,,
Software,"User was working on Portal and Portal crashed on her. Portal is running slow. Bug report is being created, can someone have a look, please?

More details in the PHI field.",Portal Issue,,,
Software,CTA case on ISP AVA application,CTA case on ISP AVA application,,,
Software,"AVA crash when trying to remove bone on large data sets, raised by CT apps",AVA crash when trying to remove bone on large data sets,,,
Software,05R/IntelliSpace Portal Solutions/hardware event full,05R/IntelliSpace Portal Solutions/hardware event full,,,
Software,05R/IntelliSpace IX/LX Workstations/software error,05R/IntelliSpace IX/LX Workstations/software error,,,
Software,Wechat:05L/IntelliSpace Portal Solutions/Software failure,Wechat:05L/IntelliSpace Portal Solutions/Software failure,,,
Software,"Customer experiencing the following errors and would like help, currently unable to report on Cardiac scans. Error ""Connection to CT Viewer Server is lost. CT viewer will be closed"" ""Error Portal Applet Host - There seems to be a problem in the application. Would you like to do a Bug Report?""",Errors on Client PC connecting to ISP server,,,
Software,into,ISP12 LAN Config Customer unable to set up communication with Incisive CT,,,
Software,"ISP V9 in Rhythmology down, server was already restarted.",ISP V9 in der Rhythmologie down,,,
Software,"Issue: Malfunction
Description of error: Since yesterday's Windows updates on our ISP server, the service ""Philips Service Agent"" does not come up anymore. It can be started manually, but fails again after a few minutes.",the service ?Philips service agent 'no longer comes up,,,
Software,Contact Dr. Derk Avenarius 77628406 for description.,"HASTER: Mangler bilder/serier fra NO1370 og NO1378. Customer reported case 0121714532, but wrong IP. Transferred to...",,,
Software,"The user writes that when one has conducted a colon CT low dose, and will process it in the Colon program in Intellispace and drive ""cleansing"" so that contrasts will not be gone properly. See attachment.","Contrastmedium ""cleaning""/removal on colon doesn't work properly",,,
Software,"Message:
In January, the customer already briefly contacted Mr. Nagel since the client could not be installed.
It could then be installed via the msi that Mr. Nagel stored for us on the server, unfortunately the client also cannot be installed anymore in this way. Tested it on 2 systems
I attached the logs from the MSI package. Can you please check where it is here?
I also attached the logs from the installer of the website again, can the original error also be fixed? This log is the portal client...
See attachment",Installation Intellispace Client,,,
Software,Account Reset,Reset ???????????,,,
Software,"System is not allowing staff to boot system up, or login.","System is not allowing staff to boot system up, or login.",,,
Software,workstation's software is corrupted,workstation est? com o software corrompido,,,
Software,THE ISP TAKES A LONG TIME TO START WHEN IT IS STARTED OR IN SOME CASES IT IS NOT EVEN POSSIBLE TO START,The ISP when it starts is taking a lot or in some cases it is not even possible to start,,,
Software,Workstation locks when using calcium score,Workstation locks when using calcium score,,,
Software,Cat Scam exame where images are not crossing over ISP,Cat Scam exame where images are not crossing over ISP,,,
Software,IT DOES NOT ALLOW TO DELETE EXAMINATIONS,Does not allow to erase exams,,,
Software,Getting intermittent report score score instead of numeric value,ISP11 CT CS Sometimes the Findings in the Reports show the text 'Score' instead of the required value,,,
Software,Missing research Studies,Missing research Studies,,,
Software,into,AVW15 MR Cardiac suite series list box longer load time than before the upgrade.,,,
Software,Can't login to ISP from just the doctor use terminal,01CS:RS:???????????ISP?????????>>????????????,,,
Software,Very significant slow-down to move the images forward in acquisition of today's examinations.,slowdown,,,
Software,Queue manager issue,Queue manager issue,,,
Software,"After the ISP version upgrade, if 2 or more client PCs are used, it will crash",08CS:HO:ISP?????????????????PC?2??????????????,,,
Software,Configuration required for PACS in EBW Workstation system,Configuration required for PACS in EBW Workstation system,,,
Software,"STRAIN crashes reproducibly after 11 seconds, Mr. Euler was able to test without problems two days ago, now it crashes regularly.",Strain is reproducible after 11 seconds,,,
Software,It is not possible to disable data export to USB or HDD.,Z? Ecess of data exports to USB or HDD,,,
Software,Bug on the session of the substitute doctors.,bug in a session,,,
Software,"Issue: Malfunction
Description of error: One tries to install the Philips Intellispace portal client on the new Windows server 2019 terminal server and fails in the process.
The installation with the help of the IspClient_ispserver_443_1.exe fails with the error message in the log:

2023-May-24 14:20:20 - Start ISP Client Agent: '\\netapp1\appdata-install\KDTOPv3\Software Terminalserver\48-IntelliSpacePortal\IspClient_ispserver_443_1.exe'
2023-May-24 14:20:20 - Download file 'https://ispserver:443/WebClientInstaller/Setup/ispserver_443_1/Portal_Client_Release.zip'
2023-May-24 14:20:20 - Downloading file from uri: 'https://ispserver/WebClientInstaller/Setup/ispserver_443_1/Portal_Client_Release.zip'
2023-May-24 14:20:20 - File 'https://ispserver:443/WebClientInstaller/Setup/ispserver_443_1/Portal_Client_Release.zip' download failed. Error: Exception error during a web client request.


If you then download Portal_Client_Release.zip manually, unpack and execute Portal_Client.exe, then the installation fails with the following log:

[03B0:1E34] [2023-05-24T14:19:29]i001: Burn v3.11.2.4516, Windows v10.0 (Build 17763: Service Pack 0), path: C:\Users\T2-CIT~1\AppData\Local\Temp\{6E339016-B522-45BC-A23B-FA26ADF9EF15}\.cr\Portal_Client.exe
[03B0:1E34] [2023-05-24T14:19:29]i000: Initializing string variable 'SERVER_ADDRESS' to value '{}'
[03B0:1E34] [2023-05-24T14:19:29]i000: Initializing string variable 'AUTH_PORT' to value '{}'
[03B0:1E34] [2023-05-24T14:19:29]i000: Initializing string variable 'AUTH_USE_HTTPS' to value '{}'
[03B0:1E34] [2023-05-24T14:19:29]i000: Initializing string variable 'ISO_VERSION' to value '{}'
[03B0:1E34] [2023-05-24T14:19:29]i000: Initializing string variable 'MSIINSTALLPERUSER' to value '{}'
[03B0:1E34] [2023-05-24T14:19:29]i000: Initializing numeric variable 'ALLUSERS' to value '1'
[03B0:1E34] [2023-05-24T14:19:29]i000: Initializing string variable 'APPFOLDER' to value 'WixPerMachineFolder'
[03B0:1E34] [2023-05-24T14:19:29]i000: Initializing string variable 'APPLICATIONFOLDER' to value 'WixPerMachineFolder'
[03B0:1E34] [2023-05-24T14:19:29]i000: Initializing string variable 'INSTALLDIR' to value '[ProgramFilesFolder]Philips Intellispace Portal'
[03B0:1E34] [2023-05-24T14:19:29]i000: Initializing numeric variable 'PORTAL_INSTALLED' to value '0'
[03B0:1E34] [2023-05-24T14:19:29]i000: Initializing numeric variable 'PORTAL_INSTALL_IN_PROGRESS' to value '0'
[03B0:1E34] [2023-05-24T14:19:29]i000: Initializing numeric variable 'PORTAL_UNINSTALL_IN_PROGRESS' to value '0'
[03B0:1E34] [2023-05-24T14:19:29]i009: Command Line: '""-burn.clean.room=\\netapp1\appdata-install\KDTOPv3\Software Terminalserver\48-IntelliSpacePortal\Portal_Client_Release\Portal_Client.exe"" -burn.filehandle.attached=924 -burn.filehandle.self=936'
[03B0:1E34] [2023-05-24T14:19:29]i000: Setting string variable 'WixBundleOriginalSource' to value '\\netapp1\appdata-install\KDTOPv3\Software Terminalserver\48-IntelliSpacePortal\Portal_Client_Release\Portal_Client.exe'
[03B0:1E34] [2023-05-24T14:19:29]i000: Setting string variable 'WixBundleOriginalSourceFolder' to value '\\netapp1\appdata-install\KDTOPv3\Software Terminalserver\48-IntelliSpacePortal\Portal_Client_Release\'
[03B0:1E34] [2023-05-24T14:19:29]i000: Setting string variable 'WixBundleLog' to value 'C:\Users\T2-CIT~1\AppData\Local\Temp\Portal Client_20230524141929.log'
[03B0:1E34] [2023-05-24T14:19:29]i000: Setting string variable 'WixBundleName' to value 'Portal Client'
[03B0:1E34] [2023-05-24T14:19:29]i000: Setting string variable 'WixBundleManufacturer' to value 'Philips'
[03B0:1E34] [2023-05-24T14:19:29]i000: Loading managed bootstrapper application.
[03B0:1E34] [2023-05-24T14:19:29]i000: Creating BA thread to run asynchronously.
[03B0:19A4] [2023-05-24T14:19:29]i000: Initiated Model
[03B0:19A4] [2023-05-24T14:19:29]i000: Initiated rootViewModel
[03B0:1E34] [2023-05-24T14:19:29]i100: Detect begin, 2 packages
[03B0:1E34] [2023-05-24T14:19:29]i000: Start Detect Begin is bundle installed: False. WixBundleInstalled: 0
[03B0:1E34] [2023-05-24T14:19:29]i000: Resume Type: None.
[03B0:1E34] [2023-05-24T14:19:29]i000: Relation Type: None.
[03B0:1E34] [2023-05-24T14:19:29]i000: Restart: Prompt.
[03B0:1E34] [2023-05-24T14:19:29]i000: Launch Action: Install
[03B0:1E34] [2023-05-24T14:19:29]i000: Start setting Properties QA view
[03B0:1E34] [2023-05-24T14:19:29]i000: PORTAL_INSTALLED: 0
[03B0:1E34] [2023-05-24T14:19:29]i000: PORTAL_INSTALL_IN_PROGRESS: 0
[03B0:1E34] [2023-05-24T14:19:29]i000: PORTAL_UNINSTALL_IN_PROGRESS: 0
[03B0:1E34] [2023-05-24T14:19:30]i000: End Detect Begin. Result: None
[03B0:1E34] [2023-05-24T14:19:30]i000: Setting string variable 'NETFRAMEWORK40' to value '1'
[03B0:1E34] [2023-05-24T14:19:30]i000: DetectPackageBegin. PackageId: NetFx40Redist. Result: None
[03B0:1E34] [2023-05-24T14:19:30]i052: Condition 'NETFRAMEWORK40' evaluates to true.
[03B0:1E34] [2023-05-24T14:19:30]i000: DetectPackageComplete. PackageId: NetFx40Redist. State: Present. Status: 0
[03B0:1E34] [2023-05-24T14:19:30]i000: DetectPackageBegin. PackageId: Portal_Client. Result: None
[03B0:1E34] [2023-05-24T14:19:30]w120: Detected partially cached package: Portal_Client, invalid wipe: Portal_Client, reason: 0x80070002
[03B0:1E34] [2023-05-24T14:19:30]i000: DetectPackageComplete. PackageId: Portal_Client. State: Absent. Status: 0
[03B0:1E34] [2023-05-24T14:19:30]i101: Detected package: NetFx40Redist, state: Present, cached: None
[03B0:1E34] [2023-05-24T14:19:30]i101: Detected package: Portal_Client, state: Absent, cached: Partial
[03B0:1E34] [2023-05-24T14:19:30]i000: Start Detect Complete
[03B0:1E34] [2023-05-24T14:19:30]i000: Is Upgrade: False
[03B0:1E34] [2023-05-24T14:19:30]i000: PORTAL_INSTALL_IN_PROGRESS: 0
[03B0:1E34] [2023-05-24T14:19:30]i000: Detect Complete:
[03B0:1E34] [2023-05-24T14:19:30]i000: Detect complete status: 0
[03B0:1E34] [2023-05-24T14:19:30]i000: End Detect Complete
[03B0:1E34] [2023-05-24T14:19:30]i199: Detect complete, result: 0x0
[03B0:19A4] [2023-05-24T14:19:32]i000: Setting string variable 'MSIINSTALLPERUSER' to value '{}'
[03B0:19A4] [2023-05-24T14:19:32]i000: Setting string variable 'APPFOLDER' to value '[WixPerMachineFolder]'
[03B0:19A4] [2023-05-24T14:19:32]i000: Setting string variable 'APPLICATIONFOLDER' to value '[WixPerMachineFolder]'
[03B0:19A4] [2023-05-24T14:19:32]i000: Setting string variable 'INSTALLDIR' to value 'C:\Program Files (x86)\Philips IntelliSpace Portal'
[03B0:19A4] [2023-05-24T14:19:32]i000: Setting string variable 'SERVER_ADDRESS' to value 'ispserver'
[03B0:19A4] [2023-05-24T14:19:32]i000: Setting string variable 'AUTH_PORT' to value '443'
[03B0:19A4] [2023-05-24T14:19:32]i000: Setting string variable 'AUTH_USE_HTTPS' to value 'True'
[03B0:19A4] [2023-05-24T14:19:32]i000: Setting string variable 'ISO_VERSION' to value '11.1.3.11608'
[03B0:19A4] [2023-05-24T14:19:32]i000: Setting numeric variable 'ALLUSERS' to value 1
[03B0:19A4] [2023-05-24T14:19:32]i000: Setting numeric variable 'DISABLEREPAIR' to value 0
[03B0:19A4] [2023-05-24T14:19:32]i000: Setting numeric variable 'DISABLEMODIFY' to value 0
[03B0:19A4] [2023-05-24T14:19:32]i000: Setting PORTAL_INSTALL_IN_PROGRESS to 1
[03B0:19A4] [2023-05-24T14:19:32]i000: Setting numeric variable 'PORTAL_INSTALL_IN_PROGRESS' to value 1
[03B0:1E34] [2023-05-24T14:19:32]i200: Plan begin, 2 packages, action: Install
[03B0:1E34] [2023-05-24T14:19:32]i000: PlanBegin. Package Count: 2nd Result: None
[03B0:1E34] [2023-05-24T14:19:32]i000: PlanPackageBegin. PackageId: NetFx40Redist. State: Present. Result: None.
[03B0:1E34] [2023-05-24T14:19:32]w321: Skipping dependency registration on package with no dependency providers: NetFx40Redist
[03B0:1E34] [2023-05-24T14:19:32]i000: PlanPackageComplete. Execute: None. PackageId: NetFx40Redist. Requested: Present. Rollback: None. State: Present
[03B0:1E34] [2023-05-24T14:19:32]i000: PlanPackageBegin. PackageId: Portal_Client. State: Present. Result: None.
[03B0:1E34] [2023-05-24T14:19:32]i000: Setting string variable 'WixBundleRollbackLog_Portal_Client' to value 'C:\Users\T2-CIT~1\AppData\Local\Temp\Portal Client_20230524141929_000_Portal_Client_rollback.log'
[03B0:1E34] [2023-05-24T14:19:32]i000: Setting string variable 'WixBundleLog_Portal_Client' to value 'C:\Users\T2-CIT~1\AppData\Local\Temp\Portal Client_20230524141929_000_Portal_Client.log'
[03B0:1E34] [2023-05-24T14:19:32]i000: PlanPackageComplete. Execute: Install. PackageId: Portal_Client. Requested: Present. Rollback: Uninstall. State: Absent
[03B0:1E34] [2023-05-24T14:19:32]i201: Planned package: NetFx40Redist, state: Present, default requested: Present, ba requested: Present, execute: None, rollback: None, cache: No, uncache: No, dependency: None
[03B0:1E34] [2023-05-24T14:19:32]i201: Planned package: Portal_Client, state: Absent, default requested: Present, ba requested: Present, execute: Install, rollback: Uninstall, cache: Yes, uncache: Yes, dependency: Register
[03B0:1E34] [2023-05-24T14:19:32]i000: Plan Complete. Restart: Prompt. Resume: None.
[03B0:1E34] [2023-05-24T14:19:32]i299: Plan complete, result: 0x0
[03B0:1E34] [2023-05-24T14:19:32]i300: Apply begin
[03B0:1E34] [2023-05-24T14:19:32]i010: Elevate elevated engine process.
[03B0:1E34] [2023-05-24T14:19:35]i011: Launch elevated engine process.
[03B0:1E34] [2023-05-24T14:19:35]i012: Connected to elevated engine.
[2748:1DBC] [2023-05-24T14:19:35]i358: Pausing automatic updates.
[2748:1DBC] [2023-05-24T14:19:35]i359: Paused automatic updates.
[2748:1DBC] [2023-05-24T14:19:35]i360: Creating a system restore point.
[2748:1DBC] [2023-05-24T14:19:35]i362: System restore disabled, system restore point not created.
[03B0:1E34] [2023-05-24T14:19:35]i000: RegisterBegin. Result: None
[2748:1DBC] [2023-05-24T14:19:35]i370: Session begin, registration key: SOFTWARE\Microsoft\Windows\CurrentVersion\Uninstall\{2b848b7b-832f-46a2-85d7-b4366b439b56}, options: 0x7, disable resume: No
[2748:1DBC] [2023-05-24T14:19:35]i000: Caching bundle from: 'C:\Users\T2-CIT~1\AppData\Local\Temp\{A7648463-88DD-4D19-84EA-C164388E9AD9}\.be\Portal_Client.exe' to: 'C:\ProgramData\Package Cache\{2b848b7b-832f-46a2-85d7-b4366b439b56}\Portal_Client.exe'
[2748:1DBC] [2023-05-24T14:19:35]i320: Registering bundle dependency provider: {2b848b7b-832f-46a2-85d7-b4366b439b56}, version: 11.2.40.6891
[2748:1DBC] [2023-05-24T14:19:35]i371: Updating session, registration key: SOFTWARE\Microsoft\Windows\CurrentVersion\Uninstall\{2b848b7b-832f-46a2-85d7-b4366b439b56}, resume: Active, restart initiated: No, disable resume: No
[03B0:1E34] [2023-05-24T14:19:35]i000: RegisterComplete. Status: 0.
[03B0:1D44] [2023-05-24T14:19:36]i000: CacheVerifyBegin. PackageId: Portal_Client. NodeId: Portal_Client. Result: None.
[2748:2628] [2023-05-24T14:19:38]e000: Error 0x800b0101: Failedode verification of certificate: C:\ProgramData\Package Cache\.unverified\Portal_Client
[2748:2628] [2023-05-24T14:19:38]e000: Error 0x800b0101: Failed to verify signature of section: Portal_Client
[2748:2628] [2023-05-24T14:19:38]e310: Failed to verify section: Portal_Client at path: C:\ProgramData\Package Cache\.unverified\Portal_Client, error: 0x800b0101. Deleting file.
[2748:2628] [2023-05-24T14:19:38]e000: Error 0x800b0101: Failed to cache section: Portal_Client
[03B0:1D44] [2023-05-24T14:19:38]i000: CacheVerifyComplete. PackageId: Portal_Client. NodeId: Portal_Client. Result: TryAgain. Status: -2146762495
[03B0:1D44] [2023-05-24T14:19:38]e314: Failed to cache section: Portal_Client from working path: C:\Users\T2-CIT~1\AppData\Local\Temp\{A7648463-88DD-4D19-84EA-C164388E9AD9}\Portal_Client, error: 0x800b0101.
[03B0:1D44] [2023-05-24T14:19:38]e349: Application requested retry of section: Portal_Client, encountered error: 0x800b0101. Retrying...
[03B0:1D44] [2023-05-24T14:19:39]i000: CacheVerifyBegin. PackageId: Portal_Client. NodeId: Portal_Client. Result: None.
[2748:2628] [2023-05-24T14:19:40]e000: Error 0x800b0101: Failedode verification of certificate: C:\ProgramData\Package Cache\.unverified\Portal_Client
[2748:2628] [2023-05-24T14:19:40]e000: Error 0x800b0101: Failed to verify signature of section: Portal_Client
[2748:2628] [2023-05-24T14:19:40]e310: Failed to verify section: Portal_Client at path: C:\ProgramData\Package Cache\.unverified\Portal_Client, error: 0x800b0101. Deleting file.
[2748:2628] [2023-05-24T14:19:40]e000: Error 0x800b0101: Failed to cache section: Portal_Client
[03B0:1D44] [2023-05-24T14:19:40]i000: CacheVerifyComplete. PackageId: Portal_Client. NodeId: Portal_Client. Result: TryAgain. Status: -2146762495
[03B0:1D44] [2023-05-24T14:19:40]e314: Failed to cache section: Portal_Client from working path: C:\Users\T2-CIT~1\AppData\Local\Temp\{A7648463-88DD-4D19-84EA-C164388E9AD9}\Portal_Client, error: 0x800b0101.
[03B0:1D44] [2023-05-24T14:19:40]e349: Application requested retry of section: Portal_Client, encountered error: 0x800b0101. Retrying...
[03B0:1D44] [2023-05-24T14:19:41]i000: CacheVerifyBegin. PackageId: Portal_Client. NodeId: Portal_Client. Result: None.
[2748:2628] [2023-05-24T14:19:42]e000: Error 0x800b0101: Failedode verification of certificate: C:\ProgramData\Package Cache\.unverified\Portal_Client
[2748:2628] [2023-05-24T14:19:42]e000: Error 0x800b0101: Failed to verify signature of section: Portal_Client
[2748:2628] [2023-05-24T14:19:42]e310: Failed to verify section: Portal_Client at path: C:\ProgramData\Package Cache\.unverified\Portal_Client, error: 0x800b0101. Deleting file.
[2748:2628] [2023-05-24T14:19:42]e000: Error 0x800b0101: Failed to cache section: Portal_Client
[03B0:1D44] [2023-05-24T14:19:42]i000: CacheVerifyComplete. PackageId: Portal_Client. NodeId: Portal_Client. Result: None. Status: -2146762495
[03B0:1D44] [2023-05-24T14:19:42]e314: Failed to cachecharge: Portal_Client from working path: C:\Users\T2-CIT~1\AppData\Local\Temp\{A7648463-88DD-4D19-84EA-C164388E9AD9}\Portal_Client, error: 0x800b0101.
[03B0:1D44] [2023-05-24T14:19:42]i000: CacheComplete. Status: -2146762495
[03B0:1E34] [2023-05-24T14:19:42]e000: Error 0x800b0101: Failed while caching, aborting execution.
[03B0:1E34] [2023-05-24T14:19:42]i000: UnregisterBegin
[2748:1DBC] [2023-05-24T14:19:42]i372: Session end, registration key: SOFTWARE\Microsoft\Windows\CurrentVersion\Uninstall\{2b848b7b-832f-46a2-85d7-b4366b439b56}, resume: None, restart: None, disable resume: No
[2748:1DBC] [2023-05-24T14:19:42]i330: Removed bundle dependency provider: {2b848b7b-832f-46a2-85d7-b4366b439b56}
[2748:1DBC] [2023-05-24T14:19:42]i352: Removing cached bundle: {2b848b7b-832f-46a2-85d7-b4366b439b56}, from path: C:\ProgramData\Package Cache\{2b848b7b-832f-46a2-85d7-b4366b439b56}\
[2748:1DBC] [2023-05-24T14:19:42]i371: Updating session, registration key: SOFTWARE\Microsoft\Windows\CurrentVersion\Uninstall\{2b848b7b-832f-46a2-85d7-b4366b439b56}, resume: None, restart initiated: No, disable resume: No
[03B0:1E34] [2023-05-24T14:19:42]i000: UnregisterComplete Status: 0
[03B0:1E34] [2023-05-24T14:19:42]i000: State: Finished
[03B0:1E34] [2023-05-24T14:19:42]i000: Exit mode: Failure
[03B0:1E34] [2023-05-24T14:19:42]i399: Apply complete, result: 0x800b0101, restart: None, ba requested restart: No
[03B0:1E34] [2023-05-24T14:20:08]i500: Shutting down, exit code: 0x800b0101
[03B0:1E34] [2023-05-24T14:20:08]i000: Shutdown: Result: None. State: Finished
[03B0:1E34] [2023-05-24T14:20:08]i000: The View on shutdown: Interrupt
[03B0:1E34] [2023-05-24T14:20:08]i000: Shutdown: Result: None. State: Finished. WixBundleInstalled: 0
[03B0:1E34] [2023-05-24T14:20:08]i000: wixBundleLog: C:\Users\T2-CIT~1\AppData\Local\Temp\Portal Client_20230524141929.log
[03B0:1E34] [2023-05-24T14:20:08]i410: Variable: ALLUSERS = 1
[03B0:1E34] [2023-05-24T14:20:08]i410: Variable: APPFOLDER =
[03B0:1E34] [2023-05-24T14:20:08]i410: Variable: APPLICATION FOLDER =
[03B0:1E34] [2023-05-24T14:20:08]i410: Variable: AUTH_PORT = 443
[03B0:1E34] [2023-05-24T14:20:08]i410: Variable: AUTH_USE_HTTPS = True
[03B0:1E34] [2023-05-24T14:20:08]i410: Variable: DISABLEMODIFY = 0
[03B0:1E34] [2023-05-24T14:20:08]i410: Variable: DISABLEREPAIR = 0
[03B0:1E34] [2023-05-24T14:20:08]i410: Variable: INSTALLDIR = C:\Program Files (x86)\Philips IntelliSpace Portal
[03B0:1E34] [2023-05-24T14:20:08]i410: Variable: ISO_VERSION = 11.1.3.11608
[03B0:1E34] [2023-05-24T14:20:08]i410: Variable: MSIINSTALLPERUSER =
[03B0:1E34] [2023-05-24T14:20:08]i410: Variable: NETFRAMEWORK40 = 1
[03B0:1E34] [2023-05-24T14:20:08]i410: Variable: PORTAL_INSTALL_IN_PROGRESS = 1
[03B0:1E34] [2023-05-24T14:20:08]i410: Variable: PORTAL_INSTALLED = 0
[03B0:1E34] [2023-05-24T14:20:08]i410: Variable: PORTAL_UNINSTALL_IN_PROGRESS = 0
[03B0:1E34] [2023-05-24T14:20:08]i410: Variable: ProgramFilesFolder = C:\Program Files (x86)\
[03B0:1E34] [2023-05-24T14:20:08]i410: Variable: SERVER_ADDRESS = ispserver
[03B0:1E34] [2023-05-24T14:20:08]i410: Variable: WixBundleAction = 5
[03B0:1E34] [2023-05-24T14:20:08]i410: Variable: WixBundleElevated = 1
[03B0:1E34] [2023-05-24T14:20:08]i410: Variable: WixBundleInstalled = 0
[03B0:1E34] [2023-05-24T14:20:08]i410: Variable: WixBundleLog = C:\Users\T2-CIT~1\AppData\Local\Temp\Portal Client_20230524141929.log
[03B0:1E34] [2023-05-24T14:20:08]i410: Variable: WixBundleLog_Portal_Client = C:\Users\T2-CIT~1\AppData\Local\Temp\Portal Client_20230524141929_000_Portal_Client.log
[03B0:1E34] [2023-05-24T14:20:08]i410: Variable: WixBundleManufacturer = Philips
[03B0:1E34] [2023-05-24T14:20:08]i410: Variable: WixBundleName = Portal Client
[03B0:1E34] [2023-05-24T14:20:08]i410: Variable: WixBundleOriginalSource = \\netapp1\appdata-install\KDTOPv3\Software Terminalserver\48-IntelliSpacePortal\Portal_Client_Release\Portal_Client.exe
[03B0:1E34] [2023-05-24T14:20:08]i410: Variable: WixBundleOriginalSourceFolder = \\netapp1\appdata-install\KDTOPv3\Software Terminalserver\48-IntelliSpacePortal\Portal_Client_Release\
[03B0:1E34] [2023-05-24T14:20:08]i410: Variable: WixBundleProviderKey = {2b848b7b-832f-46a2-85d7-b4366b439b56}
[03B0:1E34] [2023-05-24T14:20:08]i410: Variable: WixBundleRollbackLog_Portal_Client = C:\Users\T2-CIT~1\AppData\Local\Temp\Portal Client_20230524141929_000_Portal_Client_rollback.log
[03B0:1E34] [2023-05-24T14:20:08]i410: Variable: WixBundleSourceProcessFolder = \\netapp1\appdata-install\KDTOPv3\Software Terminalserver\48-IntelliSpacePortal\Portal_Client_Release\
[03B0:1E34] [2023-05-24T14:20:08]i410: Variable: WixBundleSourceProcessPath = \\netapp1\appdata-install\KDTOPv3\Software Terminalserver\48-IntelliSpacePortal\Portal_Client_Release\Portal_Client.exe
[03B0:1E34] [2023-05-24T14:20:08]i410: Variable: WixBundleTag =
[03B0:1E34] [2023-05-24T14:20:08]i410: Variable: WixBundleUILevel = 4
[03B0:1E34] [2023-05-24T14:20:08]i410: Variable: WixBundleVersion = 11.2.40.6891",Installation of Philips Intellispace Portal Client fails,,,
Software,Software update - Note: Software update to the most recent version V12.,Software Update - Observation: SW update for the latest versions V12.,,,
Software,"It displayed the error ""certificate error"".","From an error ""certified error"".",,,
Software,"Issue: Malfunction
Error description: During image transmission. From CT system to workstation check. The images land in THE PACS from the CT",Error in image submission. From CT System to Workstation,,,
Software,"Issue: Malfunction
Description of malfunction: 
Patient data cannot be recorded in local
Error occurred on: 25.05.2023",Patients data cannot be included in the local,,,
Software,"Issue: Malfunction
Error description: Issue: Malfunction
Error description: Cannot send anything to pacs anymore. Check nodes?",Subject: Can't send anything to the Pacs anymore.,,,
Software,"Issue: Malfunction
Error description: Unfortunately, the customer cannot log in to the ISP anymore with his domain users.
- It was installed in the ISP in the domain: BK and the user groups from the domain BK were synchronized in the portal manager in the groups as authorization groups.
- Now have to migrate to the domain EVV (the association).
- On the old computers in the BK domain, everything still seems to work. 
- With new computers that are in the EVV domain, the login does not work.
- A group ISP was created in the new AD and saved in the portal manager under groups.
- During login to the client, the customer can also enter EVV as approval instance and it still does not work. (It also does not work with the approval instance BK.)
- Request for support
Error message:-
Error occurred on: 24.05.23",Login to the ISP does not work anymore,,,
Software,"Escalation as described by Sean Mccready (L3):
1.An escalation for the original issue of the v10 client not uninstalling correctly
   a. This was found the be the cause of the 12.1.5 install issue
   b. Another session is scheduled for tomorrow to work on this issue.",v10 Client not uninstalling correctly,,,
Software,"Issue as described by Sean Mccready (L3)
2. An escalation for the 12.1.6 client failing when the machine PowerShell executionpolicy is set to AllSigned
     a. This issue was replicated in lab and ready to go to R&D. I just need the escalation to do so
     b. The workaround is for the customer to autoupdate to 12.1.6 and 12.1.7 instead of pushing the msi",12.1.6 client failing when the machine PowerShell executionpolicy is set to AllSigned,,,
Software,VIP-ANGELES-THE EQUIPMENT DOES NOT RECEIVE ECHOCARDIOGRAPH FILES,VIP-Angels-The team does not receive echocardiographers files,,,
Software,"Issue as described by Diana Wisler:
Neuro Radiologist disagreeing with ISP results",ISP12 CT BP Summary map gives results which doesn't align with the pre contrast study.,,,
Software,ISP: customer requesting Windows Server activation,ISP: customer requesting Windows Server activation,,,
Software,ECT toolbox won't open-gets to 100% and just sits-may be machine dependent,ECT toolbox won't open-gets to 100% and just sits,,,
Software,"DynaCAD Speed / Reporting Issues.
The overall speed of the case / image loading is very very slow
Some of the images partly load / render, some not at all
For the loaded images, manipulation or rotation is very slow and often leads to a breakdown in the image quality
The usability / remote reporting has become unusable.",Fix speed issues with existing DynaCAD issues,,,
Software,"WE got the attached error in Portal while using the CT Viewer application in Portal.

Bug Report done. Error occurred around 8:45am today. Screenshot attached. Bug report done.",Portal Error,,,
Software,01/IntelliSpace IX/LX Workstations/Slow software running speed,01/IntelliSpace IX/LX Workstations/Slow software running speed,,,
Software,"Issue: Malfunction
Description of error: When evaluating kidneys, error message is displayed",FM is displayed when evaluating kidneys,,,
Software,Doctor's computer is not opening.,Doctor computer? it is not.,,,
Software,"The portal does not work in the computer, they cannot open the studies","The portal does not work on computer, they cannot open their studies",,,
Software,"The Instellispace Portal queue is collapsed, 14 are waiting and 159 studies transferred with errors.","The tail of the INSSTELLISPACE portal is collapsed, 14 on hold and 159 studies transferred with errors",,,
Software,"Without remote connection, when turning off the equipment it looses the configuration","without remote connection, when it turns off the equipment loses the configuration",,,
Software,Unable to transfer data to workstation from console,Unable to transfer data to workstation from console,,,
Software,Unable to login in portal,Unable to login in portal,,,
Software,"Experiencing a number of problems on the research server RMAPPS0877 - 

Now I can delete one study at a time. When I deleted 3 studies in a row, a message appears: ""server is closing down"". The same happens if I try to select 5 studies at once, then press delete. I must have deleted an entire project folder named ""Danicad2"", which has 700 studies in it. And some of the studies have over 10,000 images.",experiencing a number of problems on the research server RMAPPS0877,,,
Software,"Dear Team,
Good afternoon.
We are facing a very strange issue on an ISP IX/LX (original 11.1.1) since more than a year now. I have contacted pms response in Dec 2022 (Case Number 0120955912) but since i was not trained, I didn?t get help but got below advise:
The reason why you are facing issues is because the system is NOT configured at all: system doesn?t have an IP address; CCT tool is not configured; ISP version not defined for licensing.
Our conclusion is that the system is not installed correctly, this must be done by a certified engineer.

Today im nearly done with my training and my trainer told me that i can contact ICAP team for help so kindly find below summary, also If it was installed incorrectly, why did it worked and tested by client for sometimes then fail?

I install the system end 2020 and it has been working fine for a year. Then we first got the issue:
-	Client can?t connect anymore to app. Error network adapter.
-	FSE_admin also cannot connect. I get error please verify your network configuration and another error verify portal installation.
-	I have tried reactivating in CCT but error license check fail.
-	Have tried activation in postinstallation tools and it was successful but still same error.
-	Have tried everything and end up reloading complete os and app.

It worked well for three months then same issue.

Have updated to 11.1.3 got the license updated and it again worked for some months then same issue again.

From there I reinstalled 5 times and last Monday issue came again, note that system is not connected to internet and no windows update applied.

Below link to log and attached some pictures for info.
https://we.tl/t-NqJtgmuUTB

The client is fuming and we really can?t continue to reload os and app every 1 or 2 months. If issue was from our side, I would have understand but system cannot work after a fresh install then fail later. Can you please help.

System ISP IX/LX
SN 704037


Best Regards,

ASHLEY MODLAMOOTOO (he,him)
TEAM LEADER MEDICAL SERVICE",ISP V11.1.3 recurrent issue.,,,
Software,"Hello

Need to declare in PORTAL the GE MRI installed recently because there are no images arriving. 

AET: LUMINA3T
IP: 10.184.41.36
PORT 104

Thanks in advance.

--
--
Kind regards.


BELINGHERI VIncent
DSI Intercommunal Hospital Center Nord-Ardennes.
DPI Project Manager
Phone: 0625676128",ISP - Charleville - New N?ud DICOM Creation,,,
Software,Neuro quant crashes when a snapshot is taken,Neuro quant crashes when a snapshot is taken,,,
Software,"Study not loading on the client, does not work on the client","Study not loading on the client, does not work on the client",,,
Software,Questions about defect cameras pictures merging and ISP folders being added.,Questions about defect cameras pictures merging and ISP folders being added.,,,
Software,It is slow and crashes constantly.,presenting constant lentid and locking,,,
Software,Module will not run.,Module will not run.,,,
Software,"Portal Intellispace does not perform login, it only keeps loading","Portal Intellispace does not perform login, just carrying",,,
Software,ISP: set a new DICOM node in CONCERTO v12,ISP: set a new DICOM node in CONCERTO v12,,,
Software,The Intellispace server restarted and is asking for a password to connect,Intellispace server has restarted and is asking for password to call,,,
Software,Users cannot log in,Users cannot log in,,,
Software,05R/Brilliance Workspace Portal/boot,05R/Brilliance Workspace Portal/boot,,,
Software,"Hi Team,
Could we please have a new node added to the scanner.
AET: Everlight New
IP Address: 10.199.0.1
Port: 5000
Thankyou",New node,,,
Software,The scanner application does not work anymore.,CONTACTEL 25/05/2023 18:12:47,,,
Software,Wechat?05R/IntelliSpace IX/LX Workstation/Software failure,Wechat?05R/IntelliSpace IX/LX Workstation/Software failure,,,
Software,SA:05R/IntelliSpace Portal Solutions/Software failure,SA:05R/IntelliSpace Portal Solutions/Software failure,,,
Software,The device displays the message: impossible to retrieve the identification sources of the server: 192.168.4.32,The device displays a message,,,
Software,Internet is not viewing in ISP,Internet is not viewing in ISP,,,
Software,connection fault,connection fault,,,
Software,not everyone can log in on all terminals,not everyone can log in on all terminals,,,
Software,THE SYSTEM DOESN'T START.,NO INITIZES THE SYSTEM,,,
Software,User unable to send studies from modalities to ISP,User unable to send studies from modalities to ISP,,,
Software,"VIP-CLIENT-WHEN WANTING TO DISPLAY A STUDY, IT APPEARS: ""THERE SEEMS TO BE A PROBLEM IN THE APPLICATION. WOULD YOU LIKE TO CREATE A BUG REPORT? WHEN CLICKING ON ANY OF THE 2 OPTIONS, IT IS RESTARTED AND THE STUDY CANNOT BE VIEWED.",VIP-CLIENTE-AL QUERER VISUALIZAR UN ESTUDIO APARECE:?THERE SEEMS TO BE A PROBLEM IN THE APPLICATION. WOULD YOU LIKE...,,,
Software,VIP-ANGELES-THE EQUIPMENT DOES NOT RECEIVE ECHOCARDIOGRAPH FILES,VIP-Angels-The team does not receive echocardiographers files,,,
Software,User locked out due to too many password attempts. Customer needs access reset,User locked out due to too many password attempts,,,
Software,05R/IntelliSpace Portal Solutions/install client,05R/IntelliSpace Portal Solutions/install client,,,
Software,Wechat:05R/IntelliSpace IX/LX Workstations/sw issue,Wechat:05R/IntelliSpace IX/LX Workstations/sw issue,,,
Software,Unable to connect to ISP,Unable to connect to ISP,,,
Software,Unable to transfer data to workstation,Unable to transfer data to workstation,,,
Software,05R/IntelliSpace IX/LX Workstations/get patient data from pacs error,05R/IntelliSpace IX/LX Workstations/get patient data from pacs error,,,
Software,01/IntelliSpace IX/LX Workstations,01/IntelliSpace IX/LX Workstations,,,
Software,05R/Extended Brilliance Workspace/software crash,05R/Extended Brilliance Workspace/software crash,,,
Software,05R/IntelliSpace IX/LX Workstations/ cann't login,05R/IntelliSpace IX/LX Workstations/ cann't login,,,
Software,into,AVW15/MRC: Workflow get stuck when try to load workflow created by other user,,,
Software,into,AVW15/MRC: After entering valid credentials ISP will display logging in status and abruptly close,,,
Software,IT DOESN'T WORK,NOT WORKING,,,
Software,Again it is impossible to access the portal. The application loads and then crashes.,Portal not reachable,,,
Software,"Caution: This e-mail originated from outside of Philips, be careful for phishing. 

Best

Can you help with the following?
From synapse PACS we have the possibility to open the ISP with the image.

When clicking on the link it hangs on this:

 

And does not do anything else.  The only option to close is via task management.
We also have a link to MagicGlass (the same link is provided - only that the app is of course started) and that does work.

Below is what is behind the link:

 

The StudyUID exists in the ISP:

 

The ISP itself works correctly.
What can this be?


Thanks in advance!


Kind regards,

Nele De Henau


  
ICT Department - Application Manager
I am not present on Friday.
Kroonveldlaan 50 9200 Dendermonde 
Helpdesk: +32 52 25 29 65 
Personal: +32 52 23 51

nele.dehenau@azsintblasius.be
      


________________________________________

Think about our environment before printing this mail.

This e-mail message and all attachments are strictly confidential and exclusively intended for the addressee(s).
If this message wrongfully ends up with you, please inform the sender and immediately remove the message and the attachments from your computer.
Do not distribute, publish, adjust, print, forward or copy to your addressee e-mail messages and attachments is illegal.",Problems with ISP from external application,,,
Software,IT DOES NOT RECEIVE THE STUDIES FROM THE CT SCANNER STATION,Does not receive studies of tomography,,,
Software,It has no communication with the resonance.,Is without communication with resonance,,,
Software,THE SYSTEM CANNOT BE STARTED,NO SE PUEDE INICIAR EL SISTEMA,,,
Software,01/IntelliSpace IX/LX Workstations/can't open sw,01/IntelliSpace IX/LX Workstations/can not open sw,,,
Software,AETITLE correction on local concertov12 server 10.110.63.16 due to issues involving Q/R,ISPv12 concerto: AETITLE correction on portal server 1,,,
Software,Wechat:05R/Portal/can't bootup,Wechat:05R/Portal/can?t bootup,,,
Software,02N/IntelliSpace Portal Solutions/delete images,02N/IntelliSpace Portal Solutions/delete images,,,
Software,05R/Extended Brilliance Workspace/SW ERROR,05R/Extended Brilliance Workspace/SW ERROR,,,
Software,05R/IntelliSpace IX/LX Workstations/software stuck,05R/IntelliSpace IX/LX Workstations/software stuck,,,
Software,SA:01/IntelliSpace IX/LX Workstations/can't boot up,SA:01/IntelliSpace IX/LX Workstations/can?t boot up,,,
Software,Queue cannot be cleared,ISP12 Queue does not clear after transfer to USB is completed,,,
Software,Isp workstation cannot login,Isp workstation cannot login,,,
Software,"We cannot connect from the workstations, impossible to work, already ticket done because it is too slow.",impossible to if white,,,
Software,"After a power outage, impossible to connect to the server but everything is on.",No connection,,,
Software,Error appering in work station,Error appering in work station,,,
Software,The lung module detection software does not work.,Software problem,,,
Software,01/IntelliSpace IX/LX Workstations/can't transfer to PACS,01/IntelliSpace IX/LX Workstations/can not transfer to PACS,,,
Software,"PACS reconfiguration
Adjustment of the IP addresses of Philips machines in our equipment, except for that of the CT console, to the current RIS-PACS system because, after its subsoil, the MRI console, the ISP console (located in the CT control room) and the EWS console (located in the MRI reporting room), use the IP class of the previous archiving system.
This causes a condition for which the send/retrive operations are very slow (the time of sending 1 (ONE) RM image to the PACS oscillates between 5 and 10 seconds).",PACS reconfiguration,,,
Software,"It does not load the Philips program. 
error: application has generated an extension that closed not be handled",Does not load the Philips program,,,
Software,SA:01/IntelliSpace Portal Concerto,SA:01/IntelliSpace Portal Concerto,,,
Software,"They cannot access the Portal, load or reconstruct studies. They only see the names of the patients and they cannot do anything else.

Location of the equipment: 
When did the failure happen?: 
When will the equipment be available for intervention? What is the best day or time?:
Was the equipment in clinical use when the failure occurred?: Yes","They cannot access the portal, or load or rebuild studies",,,
Software,Wechat:02N/IntelliSpace IX/LX Workstations/Cannot enter windows,Wechat:02N/IntelliSpace IX/LX Workstations/Cannot enter windows,,,
Software,ISP system is not booting up,ISP system is not booting up,,,
Software,05R/IntelliSpace Portal Solutions/startup,05R/IntelliSpace Portal Solutions/startup,,,
Software,Users getting low disk space error when logging into ISP,ISP low disk space error,,,
Software,"I am signaling to you that, after the update of the Siemens machine we found some problems on the Philips reconstruction software that does not recognize some sequences anymore. 
I asked the application that told me to request an update of the workstation because probably some codes have changed and it is only necessary to realign them.",The reconstruction software does not recognize any sequences,,,
Software,This device is RESTRICTED because the CALCIUM LOGS are NOT working properly,This device is RESTRICTED because the CALCIUM LOGS are NOT working properly,,,
Software,"Problem with intellispace queued studies.
Patient exemplo... The following error appears: Valid data have not been loaded, select the data again",Intellispace Meat Studies Problem,,,
Software,When trying to launch CT viewer and AVA getting error:  Can not find one or more slices on the server/please rebuild database/customer requested tech support,When trying to launch CT viewer and AVA getting error:  Can not find one or more slices on the server/please rebuild...,,,
Software,53724014 SYSTEM IS TAKING A LONG TIME TO OPEN STUDIES - VERY DELAYED PROCESSING TIME - PER DR. RATHOD,53724014 SYSTEM IS TAKING A LONG TIME TO OPEN STUDIES - VERY DELAYED PROCESSING TIME - PER DR. RATHOD,,,
Software,"The client reports that his ISP does not connect. The following error message ""Internal Server Error"" is displayed.",EL CLIENTE DEL ISP NO CONECTA CON EL SERVIDOR,,,
Software,D000856182 - ISP 12.1.2 Upgrade,D000856182 - ISP 12.1.2 Upgrade,,,
Software,Image split in half vertically instead of going full screen.,Image split in half vertically instead of going full screen.,,,
Software,Users are unable to take screen captures on NM apps,Users are unable to take screen captures on NM apps,,,
Software,SA:OCAP:05R/Extended Brilliance Workspace NM/Engineer needs to order spare parts,SA:OCAP:05R/Extended Brilliance Workspace NM/Engineer needs to order spare parts,,,
Software,05R/IntelliSpace Portal Solutions/crash,05R/IntelliSpace Portal Solutions/crash,,,
Software,ADW system is not switching On,ADW system is not switching On,,,
Software,05L/Intellispace Portal IX/software stuck,05L/Intellispace Portal IX/software stuck,,,
Software,Customer unable to install and login on a new workstation. Tried 3 times but still unable to login with that specific PC.,Customer unable to install and login on a new workstation,,,
Software,UPS alarm,UPS alarm,,,
Software,into,"ISP12 MMTT Wrong translation to Italian for the term ""Target"" like in ""Target Lesion"" and ""Non-Target Lesion""",,,
Software,Post process is not working properly,Post process is not working properly,,,
Software,02N/IntelliSpace IX/LX Workstations/Consultation account password,02N/IntelliSpace IX/LX Workstations/Consultation account password,,,
Software,"Our IT department informs us that it has lost access to the Philips it services platform. They say that previously it was accessed by ""https://eservice.philips.com/Account/Login?returnUrl=%2F"" and there was a migration to ""https://www.informatics.support.philips.com/csm"", but they have not received the new credentials. We requested access to the new platform to manage software updates of the PACS server.",Acceso Plataforma IT Philips,,,
Software,Workstation stopped and corrupted the software,Workstation parou e corrompeu o software,,,
Software,"Issue: Malfunction
Error description: EBW station defective
The EBW station (Dell Presition T7400 computer), which belongs to the CT (47398224), has a total failure.

The computer can be turned on, but no image is displayed on the monitor, and the computer made noises at the beginning of ""sound."" Request for fastest possible support since Radiology cannot continue working without EBW ward.",Ebw station defective,,,
Software,THE ISP CLIENT DOES NOT CONNECT TO THE SERVER,EL CLIENTE DEL ISP NO CONECTA CON EL SERVIDOR,,,
Software,"They cannot import studies. 
Location: Clinics of the South.",They cannot import studies.,,,
Software,Both servers were reinstalled due to an error in communication between servers.,Probl?m s komunikac? MASTER SLAVE server,,,
Software,single sign in not working giving invalid login,single sign in not working giving invalid login,,,
Software,"When extending vessels or editing the centerline and using the VR to add points or adjust points, the system places the ?dot? on the periphery of the vessel.  This is counterintuitive to CMPR vessel tracking--the placement should goto the center of the vessel lumen.  11 used to do this well.",system places the ?dot? on the periphery of the vessel,,,
Software,"3.	When the system doesn?t do a good job tracking for any reason in AVA, the user must do it manually---this is understandable as this happens from time to time.  However, upon selecting the name of the vessel when complete, it must be named MANUALLY?and  NOT choose anything in the prepopulated list or the application error and shuts down losing all work.","selecting the name of the vessel when complete, it must be named MANUALLY",,,
Software,Error when trying to import studies from PACS to the portal,Error trying to import PACS studies to the portal,,,
Software,into,ISP12 AVA Bookmarks created for CTA abdomen from the Spectral scanner does not save,,,
Software,THE APPLICATION DOES NOT ENTER,The application does not enter,,,
Software,into,ISP12 AVA Bone Removal for spectral and Ingenuity head and neck is partially works and then crash in add vessel,,,
Software,ISPv11 down,ISPv11 down,,,
Software,"application not running correctly , not opening patient files","application not running correctly , not opening patient files",,,
Software,Unable to acquire screenshots from multiple workstations for Windows 10 since patch #KB5025221,Unable to acquire screenshots from multiple workstations for Windows 10 since patch #KB5025221,,,
Software,The bookmarks will not save for CTA abdomen,The bookmarks will not save for CTA abdomen,,,
Software,ISPv12: issue with LV analysis for specific study,Failure to load data in Comp Cardiac. ISP adds black slices,,,
Software,"The Bone removal would only remove part of the bone and then would not show traced vessels.   When add vessels it crashes.
1.	Load CTA head and neck into AVA
2.	Bone removal fails
3.	Try manual bone remove
4.	Try to subselect before loading
5.	Bone removal still inadequate.
6.	When extracting/creating vessel, would see it on the cMPR but would not display on the volume
7.	When batching the vessel it will crash
8.	Cannot make the MIP or VR with all vessels
9.	This happens on Spectral and Ingeniuty scanners for head and neck",The Bone removal would only remove part of the bone and then would not show traced vessels. When add vessels it crashes.,,,
Software,There is a series for which perfusion analysis images are dark at the transfer destination.,ISP10 MR T2 Perfusion maps are saved in the PACS with different window than originally set,,,
Software,05L/IntelliSpace IX/LX Workstations/software crash,05L/IntelliSpace IX/LX Workstations/software crash,,,
Software,02N/IntelliSpace Portal Solutions/customer ask engineer onsite,02N/IntelliSpace Portal Solutions/customer ask engineer onsite,,,
Software,ISP client slow loading studies.,MY | MELAKA | ISP | ISP CT Spectral study slow loading,,,
Software,"INC000002790707 - When trying to access the program, the access is interrupted. 
It doesn't give an error message, it just stop the process. In previous days what was interrupted was the loading of studies.","INC000002790707 - When trying to access the program, access is interrupted.",,,
Software,Integration failure by URL,Integration by URL fails,,,
Software,WeChat:SA:05R/IntelliSpace Portal Solutions/can't bootup,WeChat:SA:05R/IntelliSpace Portal Solutions/can't bootup,,,
Software,"While doing the PET CT reporting the ISP system is automatically logging off without any warning. This problem was reported by Dr. Firuz,  she is facing this issue 15-20 times a day.",Philips ISP - Auto log off issue.,,,
Software,"The Portal does not start.

Location of the equipment: - 
When did the failure happen?: 10 minutes ago
When will the equipment be available for intervention? What is the best day or time?:
Was the equipment in clinical use when the failure occurred?: Yes",The portal does not start,,,
Software,"The MR Cardiac analysis part of the software is often insanely slow and hangs between the first page ""1. Segments"" and the second page ""2. View results"".","The MR Cardiac analysis part of the software is often insanely slow and hangs between the first page ""1. Segments""...",,,
Software,"Error codes popping up ""cannot find or more slices on database""","Error codes popping up ""cannot find or more slices on database""",,,
Software,ISP software is corrupted.,ISP with corrupted software.,,,
Software,The application won't load images,The application won't load images,,,
Software,Add port to destination node,Add port to destination node,,,
Software,CORRUPTED OPERATING SYSTEM,Corrupt operating system,,,
Software,EBW lost the last two days of images after system froze and was restarted.,0902CFXXXS09  EBW lost the last two days of images after system froze and was restarted.,,,
Software,User is not able to access data,User is not able to access data,,,
Software,05K/IntelliSpace IX/LX Workstations/film error,05K/IntelliSpace IX/LX Workstations/film error,,,
Software,Wechat? 05L/IntelliSpace Portal Solutions/install client,Wechat?05L/IntelliSpace Portal Solutions/install client,,,
Software,Fix : Database Hemo not sync workstation,Fix : Database Hemo not sync workstation,,,
Software,Saturation message when information is sent.,Saturated message when information was sent,,,
Software,Unable to transfer data to CD in Workstation,Unable to transfer data to CD in Workstation,,,
Software,Operation system of ISP not functioning,Operation system of ISP not functioning,,,
Software,Workstation system is not booting up,Workstation system is not booting up,,,
Software,"BELPHISP01 failed unrecoverable boot failure, requires rebuild.",BELPHISP01 down requires rebuild,,,
Software,Lost last 2 days of patient information after system froze and was rebooted.,Lost last 2 days of patient information after system froze and was rebooted.,,,
Software,SYSTEM IS LOCKING.,SISTEMA TRAVANDO.,,,
Software,Help with configuration,help with configuration,,,
Software,"Support for the RM workstation, I cannot access the exams that are in PIXEON","RM Workstation Support, I can't access the exams that are in the pixeon",,,
Software,"CDs viewer - ISP
Errors were reported when trying to open the CDs recorded in ISP.",Visor de CDs - ISP,,,
Software,05K/IntelliSpace Portal Solutions/network,05K/IntelliSpace Portal Solutions/network,,,
Software,Unable to transfer data,Unable to transfer data,,,
Software,06J/IntelliSpace IX/LX Workstations/Software cannot bootup,06J/IntelliSpace IX/LX Workstations/Software cannot bootup,,,
Software,Unable to open patient data,Unable to open patient data,,,
Software,"Email to Mr. Euler:

Dear Mr. Euler, 
 
Unfortunately the ISP indicates an error when processing perfusions of our pediatric MRT (see attachment).
We would be very happy to have a call back/fix the problem. 
 
Thank you and best regards, 
Karsten Lachner 
0176/47374632",MR perfusion does not work,,,
Software,Need remote device added,Need remote device added,,,
Software,Bone removel failing on cases,Bone removel failing on cases,,,
Software,05R/IntelliSpace Portal Solutions/Post-processing cannot complete,05R/IntelliSpace Portal Solutions/Post-processing cannot complete,,,
Software,Client reinstallation,E?????????????? client,,,
Software,into,Bone Removal fails in AVA and there is no easy way to resolve the failure,,,
Software,05L/IntelliSpace IX/LX Workstations/transfer to workstation error,05L/IntelliSpace IX/LX Workstations/transfer to workstation error,,,
Software,ISP system is working slowly.,slow -working ISP system,,,
Software,ISP Configuration require,ISP Configuration require,,,
Software,CT viewer not working,Regarding CT viewer,,,
Software,Not uploading images.,Not uploading images.,,,
Software,Installation of the PICSON system.,instala??o do sistema picson,,,
Software,Windows printer disappears from ICAP v8.0.4,Windows printer disappear from ICAP v8.0.4,,,
Software,CCA Crash 2nd morning in a row,CCA Crash 2nd morning in a row,,,
Software,cal score doesnt have percentile,cal score doesnt have percentile,,,
Software,Multiple errors and warnings seen on the server,Multiple errors and warnings seen on the server,,,
Software,"PHILIPS-REPEATED FAILURE, CORRUPTED OPERATING SYSTEM, POSSIBLE HARD DISK CHANGE IS REQUIRED","Philips-Falla Reincidido, Corrupt Operating System, Possible Requires Hard Disk Change",,,
Software,"Greg Smith, MR FSE on behalf of the customer, called to see if the ISP portal server was hardware or virtual and if still in use.","Greg Smith, MR FSE on behalf of the customer, called to see if the ISP portal server was hardware or virtual and if...",,,
Software,THE WORKSTATION GETS LOOSE AUTOMATICALLY AND DOES NOT ALLOW TO ACCESS THE PROGRAM. PACS CONFIGURATION NEEDS TO BE CHANGED.,LA WORKSTATION SE DESLOGUEA DE FORMA AUTOM?TICA Y NO PERMITE INGRESAR AL PROGRAMA. SE REQUIERE CAMBIO DE...,,,
Software,into,ISP12 MMTT customer claim that PERCIST evalution is not right,,,
Software,ISP - windows updates,ISP - windows updates,,,
Software,01/Extended Brilliance Workspace/Software failure,01/Extended Brilliance Workspace/Software failure,,,
Software,"Unable to delete / remove patients from filmer / print film application. Issue reported by CT apps.
Problem
Unable to delete / remove patients from filmer / print film application
There are 12 patients in the print tab that are unable to be deleted / removed.
They are old patient studies. They don?t need to print any of them, just need deletion.",Unable to delete / remove patients from filmer / print film application,,,
Software,WeChat?02N/IntelliSpace IX/LX Workstations/Error,WeChat?02N/IntelliSpace IX/LX Workstations/Error,,,
Software,"Also today I found the server extremely slow also in the operations of opening windows screens.

It was not possible to connect in RDP, but the restart was carried out through the console of the infrastructure; restart that took about 25 minutes due to the slowness of the response of the controls on the server.",Problems at the opening of the application.,,,
Software,Unable to login to ISP,Unable to login to ISP,,,
Software,Data transfer not happening,Data transfer not happening,,,
Software,"Problems when loading the studies in the portal. WORK NUMBER: 2572600
Location: Reina Sofia de Tudela Hospital.",Problems loading studies on the portal.OT: 2572600,,,
Software,Isp client application won't run,05ds: To: ISP,,,
Software,It does not allow to perform any visualization of the study or post-processing to a user.,Does not let any view of the study or post prosecuted for a user,,,
Software,filmview software issue and error,filmview software issue and error,,,
Software,the system's software has got crashed,the system's software has got crashed,,,
Software,"Connection problem, at the time of checking everything is red except for the IP address format.",Connection problem,,,
Software,ISP system software loading failed,ISP system software loading failed,,,
Software,When using the cardiac system clicks icon and not launching software. Other user does not see icon.  Having to reboot to get software to work.,When using the cardiac system clicks icon and not launching software.,,,
Software,Opening the tractology with Philips takes a long time and blocks the ws.,A lot of time opening the stretch and block WS,,,
Software,need to verify the percentage in the room,need to verify the percentage in the room,,,
Software,into,ISP12 AVA Refine Centerline editing tool places the ?seed? on the periphery of the vessel rather on the center.,,,
Software,cardiac MRI ejection fraction help,cardiac MRI ejection fraction help,,,
Software,Reason - noise from the power supply,Reason - noise at the source of food,,,
Software,The program is doing auto bone remove.,The program is doing auto bone remove.,,,
Software,Portal software not allowing book marks continues kicking out of program,Portal software not allowing book marks continues kicking out of program,,,
Software,ISP - client connection,ISP - client connection,,,
Software,Lock out of the PC need access to get back in,0902CFXXXS09 Lock out of the PC need access to get back in,,,
Software,05R/IntelliSpace Portal Solutions/software running slowly,05R/IntelliSpace Portal Solutions/software running slowly,,,
Software,01/IntelliSpace IX/LX Workstations/Software failure,01/IntelliSpace IX/LX Workstations/Software failure,,,
Software,05R/IntelliSpace Portal Solutions/cann't login,05R/IntelliSpace Portal Solutions/cann't  login,,,
Software,02N/IntelliSpace Portal Solutions/T640 warning yellow light,02N/IntelliSpace Portal Solutions/T640 warning yellow light,,,
Software,Data transfer not happening in Workstation,Data transfer not happening in Workstation,,,
Software,ISP system automatically restarting,ISP system automatically restarting,,,
Software,The ISP server is stuck.,server problem,,,
Software,05R/Extended Brilliance Workspace/application fault,05R/Extended Brilliance Workspace/application fault,,,
Software,Problems with client login,Problems with client login,,,
Software,Workstation system is not booting up properly,Workstation system is not booting up properly,,,
Software,"The use of space on disk D: has exceeded the important threshold.
Space usage (%) = 95.02 (Threshold = 95)
Free disk space = 104296.00 MB (Threshold = 96 MB)
Space used on disk = 1992838.00 MB
Space reserved on disk = 0.00 MB
Disk Type = NTFS
Registered at Tue Jun 06 13:29:48 2023",The use of space on album D: has overcome the important threshold,,,
Software,studies are not saving in the portal,studies are not saving in the portal,,,
Software,"Server connection error, portal 12.0
The reconstructions cannot be done.","Error connection to the server, Portal 12.0",,,
Software,Customer requested tech support for Auto delete issue,Customer requested tech support for Auto delete issue,,,
Software,Unable to create destination node,Unable to create destination node,,,
Software,05R/IntelliSpace Portal Solutions/cann't login,05R/IntelliSpace Portal Solutions/cann't login,,,
Software,Wechat:02N/IntelliSpace IX/LX Workstations/SW problem,Wechat:02N/IntelliSpace IX/LX Workstations/SW problem,,,
Software,05R/Extended Brilliance Workspace/net work disconnect,05R/Extended Brilliance Workspace/net work disconnect,,,
Software,"PHILIPS MEDICAL SYSTEMS
 
Att:       PMS Response
 
Philips Partner Support Agreement part of TIBA ref. 43036029


IntelliSpace Portal    :  300001
Software revision     :  8.0.2

Dear all,

Kindly note that we have an ISP server and couple of clients installed on a site.
We are facing a problem logging in to ISP on clients ( error image attached ) and same issue on the server. ( Bugrep file attached )
Please advise.

Best regards",ISP problem,,,
Software,The Jetpack feature has stopped working.,The Jetpack feature has stopped working.,,,
Software,issue with wifi connection,issue with wifi connection,,,
Software,"Issue: Malfunction
Error description: ISP blocked without logging in three times. Calculations for mamma examination must be performed.
Contact person: Service mobile tel.: +49375592114",Rush / ISP blocked unlocked,,,
Software,"when signed in the intellispace shuts down, only have the fse login admin","when signed in the intellispace shuts down, only have the fse login admin",,,
Software,Configuraci?n - Magic Glass,Configuraci?n - Magic Glass,,,
Software,System running very slow -- Bug report popup,System running very slow -- Bug report popup,,,
Software,"Caution: This e-mail originated from outside of Philips, be careful for phishing. 

Hello 

Recently the radiologist indicates that the ISP crashes when using mammo and nodus analysis.
I checked the last nodus analysis and made printscreens.
Application got so stuck that no button is still active; also the message/question to create a bug report did not seem to work.
Can you say something about this based on the print screens?

Please your response

Sincerely
Yvonne Rikkers-Arts
Application manager EI and Key user HiX radiology



________________________________________

----
This message is exclusively intended for the addressee. The message may contain confidential information. If you have received this message by mistake, you are requested to inform the sender immediately. We also request you destroy the message and not distribute or use the contents among third parties.

This message is intended exclusively for the addressee. It may contain information that is confidential. If you are not the intended recipient, we request that you notify the sender immediately. In that case, we also request that you destroy the message and that you neither use the contents nor disclose them in any manner to third parties.
----",Stuck application Lung Nodule,,,
Software,"Issue: Malfunction
Description of error: After ipatient upgrade on the CT, the pre-processing does not work anymore. ---> the series label has changed...  Adjustment of the rules","After an Ipatient upgrade on the CT, the PRE processing no longer leaves.",,,
Software,Equipment does not pull the studies from PACS,Device does not pull the pacs tests,,,
Software,"URGENT - It does not allow 3D volumetric reformatment of the ct scan performed on 04/18/2023 SIP 11365677.
They need it for Monday first thing in the morning to check with surgeons.-",Urgent - does not allow 3D volumeric reform of TC,,,
Software,"Rens,

Zou je een case voor mij kunnen aanmaken voor ziekenhuis IJsselland Capelle ad IJssel op naam van Robert Spoel?
Betreft onderstaande informatie met als titel ?Autoprocessing ClearRead CAD fails during processing?

ClearRead CAD and (Philips CT Incisive) data compatibility
Customer would like to use ClearRead CAD for autodetection of nodules based on Chest CTs of their Incisive CT. 
Auto processing rules are set in the preferences (based on series description) and processing is starting, however fails somewhere in the process.
Semi-automatic processing (via run processing -> LNA Algorithms) succeed and results are available. 
 
Screenshot shows a serie with 3 'images' based on autoprocessing, LNA does not show results in LNA application and a serie with 12 'images' based on semi-automatic processing which shows the CAD suggestions in the LNA app and in MMV. 
 
My question is: What can cause the fail of automatic processing which is starting. Issue is specific seen on Incisive Scandata.

Ik zal een en ander escaleren.
Dank alvast!

Met vriendelijke groet,

Arno Antuma
Application Consultant IntelliSpace Portal
Philips Health Systems Benelux

High Tech Campus 52, 5656 AG Eindhoven
Tel: +31 (0)6 3926 5982, E-mail: arno.antuma@philips.com

Helpdesk: +31 (0)40 700 12 10 optie 2 ? 4 ? 5, servicedesk.isp@philips.com 

Vrijdag afwezig
Meer info over IntelliSpace Portal
 
Connect with Philips
      


________________________________________
The information contained in this message may be confidential and legally protected under applicable law. The message is intended solely for the addressee(s). If you are not the intended recipient, you are hereby notified that any use, forwarding, dissemination, or reproduction of this message is strictly prohibited and may be unlawful. If you are not the intended recipient, please contact the sender by return e-mail and destroy all copies of the original message.",ISP12 LNA Auto processing ClearRead CAD fails during processing,,,
Software,Monitoring the fab sound,Monitoring the fan sound,,,
Software,"Caution: This e-mail originated from outside of Philips, be careful for phishing. 

Hi Rens,

Could you check why the queue manager in our production environment continuously shows 1 study on status waiting?
Thanks in advance!

 


Sincerely 

Robert Coil
Technical Application Manager
IT Operations | Digitalisation & IT Department
Tel: 010-258 (3630) / 06-30462092
E-mail: rspoel@ysl.nl",Queue Manager shows continuous 1 study on status waiting,,,
